AGS,Region,Year,Pop_Total_Forecast,Pop_Total_Lower,Pop_Total_Upper
1001,"      Flensburg, kreisfreie Stadt",2025,98576.842204804,97300.48016059372,99844.8982268948
1001,"      Flensburg, kreisfreie Stadt",2026,100050.34320643746,98826.92875354386,101418.50714838962
1001,"      Flensburg, kreisfreie Stadt",2027,101523.84420807096,100267.06137170864,102830.0967066442
1001,"      Flensburg, kreisfreie Stadt",2028,103001.38219875,101648.9523988504,104372.43205125828
1001,"      Flensburg, kreisfreie Stadt",2029,104474.88320038348,103009.42539096488,105917.21166510612
1001,"      Flensburg, kreisfreie Stadt",2030,105948.38420201695,104446.10650925408,107461.98912956886
1001,"      Flensburg, kreisfreie Stadt",2031,107421.88520365044,105678.89840795372,109059.9322341829
1001,"      Flensburg, kreisfreie Stadt",2032,108899.42319432949,107024.23950989178,110669.07408593922
1001,"      Flensburg, kreisfreie Stadt",2033,110372.92419596296,108332.98965948542,112474.3520492518
1001,"      Flensburg, kreisfreie Stadt",2034,111846.42519759644,109571.61399788882,114127.29137708628
1001,"      Flensburg, kreisfreie Stadt",2035,113319.9261992299,110868.13796310774,115873.40091693056
1001,"      Flensburg, kreisfreie Stadt",2036,114797.46418990896,112135.82806792956,117505.44347845952
1001,"      Flensburg, kreisfreie Stadt",2037,116270.96519154243,113131.16352054095,119322.094144079
1001,"      Flensburg, kreisfreie Stadt",2038,117744.4661931759,114280.38219681382,121121.05979680928
1001,"      Flensburg, kreisfreie Stadt",2039,119217.9671948094,115517.0257815374,122893.26253202531
1001,"      Flensburg, kreisfreie Stadt",2040,120695.50518548844,116459.92866464009,124657.97935842778
1002,"      Kiel, kreisfreie Stadt",2025,254113.89515059383,253214.8689890376,255080.0402500885
1002,"      Kiel, kreisfreie Stadt",2026,255424.92605439213,252280.68937855976,258383.95743716025
1002,"      Kiel, kreisfreie Stadt",2027,256735.95695819048,250780.29084824288,262372.1834854933
1002,"      Kiel, kreisfreie Stadt",2028,258050.57972747865,248710.20472790016,266422.58529994363
1002,"      Kiel, kreisfreie Stadt",2029,259361.6106312769,246146.16006852285,271057.08504553774
1002,"      Kiel, kreisfreie Stadt",2030,260672.64153507524,242682.17248926644,276768.1345930874
1002,"      Kiel, kreisfreie Stadt",2031,261983.6724388736,239575.6856553415,282385.6294682726
1002,"      Kiel, kreisfreie Stadt",2032,263298.2952081617,235661.175615537,287883.9512351956
1002,"      Kiel, kreisfreie Stadt",2033,264609.32611196005,231727.68277040683,294055.0905290784
1002,"      Kiel, kreisfreie Stadt",2034,265920.35701575835,227836.15319248268,301480.5995163338
1002,"      Kiel, kreisfreie Stadt",2035,267231.3879195567,224947.46645551096,308676.4657613418
1002,"      Kiel, kreisfreie Stadt",2036,268546.01068884484,221086.52446059723,315279.4601513958
1002,"      Kiel, kreisfreie Stadt",2037,269857.0415926432,216134.00822586456,321987.7901495132
1002,"      Kiel, kreisfreie Stadt",2038,271168.0724964415,210016.9835907377,329075.19327053835
1002,"      Kiel, kreisfreie Stadt",2039,272479.10340023984,202060.17202176136,336443.21005890856
1002,"      Kiel, kreisfreie Stadt",2040,273793.726169528,192559.0931808332,344861.0978439905
1003,"      Lübeck, kreisfreie Stadt, Hansestadt",2025,217427.39311593107,216986.42021167907,217860.1084668969
1003,"      Lübeck, kreisfreie Stadt, Hansestadt",2026,217792.9986439545,216451.26335348585,219085.00709746857
1003,"      Lübeck, kreisfreie Stadt, Hansestadt",2027,218158.60417197787,215535.6284867793,220712.6614475184
1003,"      Lübeck, kreisfreie Stadt, Hansestadt",2028,218525.21135898217,214178.3773878526,222432.21758504672
1003,"      Lübeck, kreisfreie Stadt, Hansestadt",2029,218890.8168870056,212800.052137148,224417.8528880872
1003,"      Lübeck, kreisfreie Stadt, Hansestadt",2030,219256.422415029,211122.55505820923,226762.14451644532
1003,"      Lübeck, kreisfreie Stadt, Hansestadt",2031,219622.0279430524,209063.9644362132,229257.1595750996
1003,"      Lübeck, kreisfreie Stadt, Hansestadt",2032,219988.6351300567,207071.4202043297,231972.12323616887
1003,"      Lübeck, kreisfreie Stadt, Hansestadt",2033,220354.2406580801,204598.0212462851,234577.7732679834
1003,"      Lübeck, kreisfreie Stadt, Hansestadt",2034,220719.8461861036,202145.4761615628,237455.02974578287
1003,"      Lübeck, kreisfreie Stadt, Hansestadt",2035,221085.4517141269,199821.9834325071,240802.5252753569
1003,"      Lübeck, kreisfreie Stadt, Hansestadt",2036,221452.0589011312,197441.39096582503,244017.94273587
1003,"      Lübeck, kreisfreie Stadt, Hansestadt",2037,221817.66442915465,194564.26132950332,247694.5300093447
1003,"      Lübeck, kreisfreie Stadt, Hansestadt",2038,222183.26995717807,192058.31687323432,250607.80371184275
1003,"      Lübeck, kreisfreie Stadt, Hansestadt",2039,222548.87548520145,188612.89246813627,254249.73504063667
1003,"      Lübeck, kreisfreie Stadt, Hansestadt",2040,222915.4826722057,185502.85741810623,257956.57658252463
1004,"      Neumünster, kreisfreie Stadt",2025,80320.6155079494,79927.31739492822,80736.2954211977
1004,"      Neumünster, kreisfreie Stadt",2026,80791.65852456652,79522.72074520182,82134.64310424797
1004,"      Neumünster, kreisfreie Stadt",2027,81262.70154118365,78707.95427263487,83973.848971625
1004,"      Neumünster, kreisfreie Stadt",2028,81735.03508661341,77640.69793795019,85961.04931771905
1004,"      Neumünster, kreisfreie Stadt",2029,82206.07810323052,76389.21052836819,88328.25369251236
1004,"      Neumünster, kreisfreie Stadt",2030,82677.12111984765,75129.33339464555,90704.87697562836
1004,"      Neumünster, kreisfreie Stadt",2031,83148.16413646475,73618.38418170779,93074.73365133032
1004,"      Neumünster, kreisfreie Stadt",2032,83620.49768189453,71785.32636020279,95329.67535137558
1004,"      Neumünster, kreisfreie Stadt",2033,84091.54069851164,69671.81756366132,98040.728681118
1004,"      Neumünster, kreisfreie Stadt",2034,84562.58371512876,67468.6747691407,100798.6032400508
1004,"      Neumünster, kreisfreie Stadt",2035,85033.62673174588,65634.40291267564,103603.31434990215
1004,"      Neumünster, kreisfreie Stadt",2036,85505.96027717565,63142.41422525452,107208.99907705092
1004,"      Neumünster, kreisfreie Stadt",2037,85977.00329379276,60293.53267287873,110562.95319543546
1004,"      Neumünster, kreisfreie Stadt",2038,86448.04631040989,57752.64037330327,114007.26827720155
1004,"      Neumünster, kreisfreie Stadt",2039,86919.08932702699,54809.60625461732,117585.79403251904
1004,"      Neumünster, kreisfreie Stadt",2040,87391.42287245677,51775.61167019724,120627.36051827582
1051,"      Dithmarschen, Kreis",2025,133703.41387396352,133286.67457113037,134092.3143674154
1051,"      Dithmarschen, Kreis",2026,133873.64652724113,132469.88589693108,135218.09182798455
1051,"      Dithmarschen, Kreis",2027,134043.8791805187,131314.473203432,136451.105841361
1051,"      Dithmarschen, Kreis",2028,134214.57822462718,130021.12313158048,138056.45590246352
1051,"      Dithmarschen, Kreis",2029,134384.81087790473,128396.86457064888,139731.8692667115
1051,"      Dithmarschen, Kreis",2030,134555.0435311823,126241.10601841378,141797.73571338033
1051,"      Dithmarschen, Kreis",2031,134725.27618445992,124279.6630897972,144342.12018977458
1051,"      Dithmarschen, Kreis",2032,134895.9752285684,122344.5759715015,146839.97097463015
1051,"      Dithmarschen, Kreis",2033,135066.20788184597,119689.88892254376,149542.76611890778
1051,"      Dithmarschen, Kreis",2034,135236.44053512352,117246.84768404064,152458.2287099807
1051,"      Dithmarschen, Kreis",2035,135406.67318840112,114441.66951018108,155161.72838153556
1051,"      Dithmarschen, Kreis",2036,135577.3722325096,111993.90631717816,158060.79631078907
1051,"      Dithmarschen, Kreis",2037,135747.60488578718,109103.29415026138,161845.41118860696
1051,"      Dithmarschen, Kreis",2038,135917.83753906476,105972.0683577197,164622.2062796362
1051,"      Dithmarschen, Kreis",2039,136088.0701923423,102461.90811370769,167604.3158821496
1051,"      Dithmarschen, Kreis",2040,136258.76923645078,99900.36625442456,170957.0196094952
1053,"      Herzogtum Lauenburg, Kreis",2025,207308.64918454507,206561.7310094325,207982.8746032332
1053,"      Herzogtum Lauenburg, Kreis",2026,208310.0960000567,206044.11707383028,210400.6654518048
1053,"      Herzogtum Lauenburg, Kreis",2027,209311.5428155684,205147.14781754743,213351.9285663594
1053,"      Herzogtum Lauenburg, Kreis",2028,210315.7333209856,203593.6309157369,216957.01287267503
1053,"      Herzogtum Lauenburg, Kreis",2029,211317.1801364972,201798.46386100847,220674.3045151473
1053,"      Herzogtum Lauenburg, Kreis",2030,212318.62695200887,200220.67621673865,224870.8780426028
1053,"      Herzogtum Lauenburg, Kreis",2031,213320.0737675205,198038.44040589992,229093.33205561
1053,"      Herzogtum Lauenburg, Kreis",2032,214324.26427293773,195410.05834762764,233797.75676717507
1053,"      Herzogtum Lauenburg, Kreis",2033,215325.71108844937,193138.89380846664,238879.79986768003
1053,"      Herzogtum Lauenburg, Kreis",2034,216327.15790396105,190646.2853441156,244788.475872845
1053,"      Herzogtum Lauenburg, Kreis",2035,217328.6047194727,186855.7946354135,250235.77075667604
1053,"      Herzogtum Lauenburg, Kreis",2036,218332.79522488985,183184.16771856297,255667.45544905565
1053,"      Herzogtum Lauenburg, Kreis",2037,219334.2420404016,179840.04601068012,261627.16769106247
1053,"      Herzogtum Lauenburg, Kreis",2038,220335.6888559132,175498.43420284934,267248.4699939685
1053,"      Herzogtum Lauenburg, Kreis",2039,221337.13567142485,172222.43322220386,273585.29137355863
1053,"      Herzogtum Lauenburg, Kreis",2040,222341.32617684203,168460.23374445958,279621.58607625467
1054,"      Nordfriesland, Kreis",2025,170864.86266070267,170483.39529743275,171268.12479281524
1054,"      Nordfriesland, Kreis",2026,171479.37956591792,170297.7346653819,172575.42985178865
1054,"      Nordfriesland, Kreis",2027,172093.89647113322,169906.72430589917,174184.19525905632
1054,"      Nordfriesland, Kreis",2028,172710.096984308,169186.58864624385,176004.04806911456
1054,"      Nordfriesland, Kreis",2029,173324.61388952326,168370.64706611744,177972.78858914605
1054,"      Nordfriesland, Kreis",2030,173939.13079473854,167224.46939365842,180239.3517487188
1054,"      Nordfriesland, Kreis",2031,174553.6476999538,166172.32980292855,182739.89694057268
1054,"      Nordfriesland, Kreis",2032,175169.8482131286,164902.8862203046,185040.40207301185
1054,"      Nordfriesland, Kreis",2033,175784.36511834388,163581.35496555397,187915.06945446183
1054,"      Nordfriesland, Kreis",2034,176398.88202355913,162194.18237139354,190497.0663287912
1054,"      Nordfriesland, Kreis",2035,177013.39892877443,160704.8593746234,192990.6286355141
1054,"      Nordfriesland, Kreis",2036,177629.59944194922,159283.97864430063,196034.02272912607
1054,"      Nordfriesland, Kreis",2037,178244.11634716447,157665.91437187235,199107.3409548259
1054,"      Nordfriesland, Kreis",2038,178858.63325237978,155602.89377442453,202257.2321997184
1054,"      Nordfriesland, Kreis",2039,179473.15015759502,153651.1106802015,205497.276629118
1054,"      Nordfriesland, Kreis",2040,180089.3506707698,151840.621969276,208510.5607111364
1055,"      Ostholstein, Kreis",2025,201915.09257679016,201342.65872401,202474.03880081823
1055,"      Ostholstein, Kreis",2026,202235.37831835367,200511.12393093243,204110.30114051385
1055,"      Ostholstein, Kreis",2027,202555.6640599172,199293.82556165272,206293.5049604198
1055,"      Ostholstein, Kreis",2028,202876.82729666308,197364.1317097968,208606.46581503007
1055,"      Ostholstein, Kreis",2029,203197.11303822653,195488.3126808956,211193.08702663763
1055,"      Ostholstein, Kreis",2030,203517.3987797901,193332.77422506755,213968.0812605713
1055,"      Ostholstein, Kreis",2031,203837.6845213536,190974.21923395887,217460.06200039905
1055,"      Ostholstein, Kreis",2032,204158.84775809947,188163.73129916773,221044.01464890604
1055,"      Ostholstein, Kreis",2033,204479.1334996629,185215.19077588257,224723.40624180308
1055,"      Ostholstein, Kreis",2034,204799.41924122645,181903.6972596653,228216.1689806812
1055,"      Ostholstein, Kreis",2035,205119.70498279,178669.7463640291,232096.60578087543
1055,"      Ostholstein, Kreis",2036,205440.86821953583,175406.23899940838,236443.7506150739
1055,"      Ostholstein, Kreis",2037,205761.1539610993,171681.8347996797,240138.28254170952
1055,"      Ostholstein, Kreis",2038,206081.43970266284,167644.31757129534,245473.67781218849
1055,"      Ostholstein, Kreis",2039,206401.7254442264,164134.90742631548,250174.54110924687
1055,"      Ostholstein, Kreis",2040,206722.88868097225,159344.41362471232,254911.4783370339
1056,"      Pinneberg, Kreis",2025,326988.08015801315,326378.00977064134,327703.484285838
1056,"      Pinneberg, Kreis",2026,328675.5553582387,326625.0801904749,330950.9064549151
1056,"      Pinneberg, Kreis",2027,330363.0305584642,326413.773135269,334507.43798039504
1056,"      Pinneberg, Kreis",2028,332055.12897841644,325569.2880995205,338734.07427049207
1056,"      Pinneberg, Kreis",2029,333742.60417864204,324442.36273337854,343436.2241282523
1056,"      Pinneberg, Kreis",2030,335430.0793788675,323689.6803646215,348155.72986771184
1056,"      Pinneberg, Kreis",2031,337117.55457909306,322739.3895461364,353249.6431270938
1056,"      Pinneberg, Kreis",2032,338809.6529990453,321778.8128408153,358901.4216681747
1056,"      Pinneberg, Kreis",2033,340497.1281992708,320349.8212872725,364554.08623950696
1056,"      Pinneberg, Kreis",2034,342184.6033994964,318045.9466549339,369914.4281579201
1056,"      Pinneberg, Kreis",2035,343872.07859972195,315367.23641897883,374970.3507330191
1056,"      Pinneberg, Kreis",2036,345564.1770196741,312833.36191682576,381731.6710562816
1056,"      Pinneberg, Kreis",2037,347251.6522198997,310038.86822961207,388435.2471906926
1056,"      Pinneberg, Kreis",2038,348939.1274201253,307662.52878047846,394436.4376425426
1056,"      Pinneberg, Kreis",2039,350626.60262035084,303616.1013148245,400329.73052108014
1056,"      Pinneberg, Kreis",2040,352318.701040303,300100.1468648525,407163.7134324036
1057,"      Plön, Kreis",2025,130695.70896840272,130419.06846874404,130989.66313422906
1057,"      Plön, Kreis",2026,130754.05852543602,129909.27176851244,131695.97904010388
1057,"      Plön, Kreis",2027,130812.40808246932,129122.19854978,132753.36442027602
1057,"      Plön, Kreis",2028,130870.91750130273,128220.6054750274,133791.90072603902
1057,"      Plön, Kreis",2029,130929.267058336,126978.79277524004,134998.26327162224
1057,"      Plön, Kreis",2030,130987.6166153693,125596.5164039782,136171.14615385214
1057,"      Plön, Kreis",2031,131045.96617240262,124319.05855100456,137578.3972277001
1057,"      Plön, Kreis",2032,131104.475591236,122712.69769471754,139232.9016151306
1057,"      Plön, Kreis",2033,131162.8251482693,121211.05555760162,140997.6733892461
1057,"      Plön, Kreis",2034,131221.17470530263,119438.76998345811,142616.3133551794
1057,"      Plön, Kreis",2035,131279.52426233594,117778.15200423112,144386.01835749226
1057,"      Plön, Kreis",2036,131338.03368116933,115898.61843597249,146295.94129589543
1057,"      Plön, Kreis",2037,131396.38323820263,113512.051213261,148369.3025301043
1057,"      Plön, Kreis",2038,131454.7327952359,111306.01760218736,150789.62932735178
1057,"      Plön, Kreis",2039,131513.0823522692,109028.73896762644,152625.7084862237
1057,"      Plön, Kreis",2040,131571.5917711026,106996.76519214608,155103.55530476695
1058,"      Rendsburg-Eckernförde, Kreis",2025,278736.12509690697,278222.41445035907,279236.4724033779
1058,"      Rendsburg-Eckernförde, Kreis",2026,279285.34907922515,277647.7947265843,281017.92102922086
1058,"      Rendsburg-Eckernförde, Kreis",2027,279834.57306154334,276826.78182808193,283120.9458343244
1058,"      Rendsburg-Eckernförde, Kreis",2028,280385.30176710075,275545.20460853964,285674.8749929268
1058,"      Rendsburg-Eckernförde, Kreis",2029,280934.52574941894,273984.9685567828,288265.9231309181
1058,"      Rendsburg-Eckernförde, Kreis",2030,281483.7497317372,272026.29121393507,291150.5080764778
1058,"      Rendsburg-Eckernförde, Kreis",2031,282032.9737140553,270285.0533716956,294190.6270390059
1058,"      Rendsburg-Eckernförde, Kreis",2032,282583.7024196128,268309.2413670073,297852.11661500536
1058,"      Rendsburg-Eckernförde, Kreis",2033,283132.926401931,265873.27224170533,301693.5383385745
1058,"      Rendsburg-Eckernförde, Kreis",2034,283682.1503842492,263047.0139188328,305431.31454330625
1058,"      Rendsburg-Eckernförde, Kreis",2035,284231.3743665673,259379.83030161145,308782.4093499399
1058,"      Rendsburg-Eckernförde, Kreis",2036,284782.1030721247,256960.66155713503,312618.1601641382
1058,"      Rendsburg-Eckernförde, Kreis",2037,285331.3270544429,253581.13948046707,316844.95347778325
1058,"      Rendsburg-Eckernförde, Kreis",2038,285880.5510367611,250596.51526200373,321270.8865447034
1058,"      Rendsburg-Eckernförde, Kreis",2039,286429.7750190793,246987.799421048,325956.27448531194
1058,"      Rendsburg-Eckernförde, Kreis",2040,286980.50372463674,243647.8795458104,330484.9727243606
1059,"      Schleswig-Flensburg, Kreis",2025,206044.4613631316,205714.39985924424,206372.8659487348
1059,"      Schleswig-Flensburg, Kreis",2026,206651.2702814916,205577.64671744264,207677.22867742088
1059,"      Schleswig-Flensburg, Kreis",2027,207258.0791998515,205116.0451056624,209253.7781997016
1059,"      Schleswig-Flensburg, Kreis",2028,207866.5506083988,204521.1124297365,211072.49497656227
1059,"      Schleswig-Flensburg, Kreis",2029,208473.35952675875,203547.3695817389,213016.72237622968
1059,"      Schleswig-Flensburg, Kreis",2030,209080.1684451187,202641.97936792503,215294.04176611628
1059,"      Schleswig-Flensburg, Kreis",2031,209686.97736347868,201526.1288402865,217809.0097680901
1059,"      Schleswig-Flensburg, Kreis",2032,210295.448772026,200295.78304467647,220089.75230718832
1059,"      Schleswig-Flensburg, Kreis",2033,210902.25769038592,198741.6907701787,222445.41928546783
1059,"      Schleswig-Flensburg, Kreis",2034,211509.06660874587,197405.4499922621,225180.3657490312
1059,"      Schleswig-Flensburg, Kreis",2035,212115.87552710585,195938.06279017832,228055.8455487192
1059,"      Schleswig-Flensburg, Kreis",2036,212724.3469356532,193719.6485077408,231069.1414668593
1059,"      Schleswig-Flensburg, Kreis",2037,213331.15585401308,191252.71296696443,234388.14987891604
1059,"      Schleswig-Flensburg, Kreis",2038,213937.96477237303,189740.07440026163,237484.1671270893
1059,"      Schleswig-Flensburg, Kreis",2039,214544.773690733,188221.32977342096,240390.25541422743
1059,"      Schleswig-Flensburg, Kreis",2040,215153.2450992803,186373.7980750314,243250.5186781447
1060,"      Segeberg, Kreis",2025,285525.9600137646,284557.9294907234,286468.8820586549
1060,"      Segeberg, Kreis",2026,287324.4473168007,284228.66850543657,290276.4522391304
1060,"      Segeberg, Kreis",2027,289122.93461983674,282923.6230319834,294978.397816863
1060,"      Segeberg, Kreis",2028,290926.34928534686,281126.1027575436,300288.6333135132
1060,"      Segeberg, Kreis",2029,292724.8365883829,278486.4770423312,306430.07394890394
1060,"      Segeberg, Kreis",2030,294523.32389141904,275217.04463304515,312394.81973699783
1060,"      Segeberg, Kreis",2031,296321.8111944551,271760.520401431,319210.9201599326
1060,"      Segeberg, Kreis",2032,298125.22585996526,267739.9964014584,325730.8406403708
1060,"      Segeberg, Kreis",2033,299923.7131630013,264647.6389793076,332703.8434010205
1060,"      Segeberg, Kreis",2034,301722.2004660374,259117.866173042,340421.5883148824
1060,"      Segeberg, Kreis",2035,303520.6877690734,254261.43062281085,347327.0360230583
1060,"      Segeberg, Kreis",2036,305324.1024345836,248704.99939067432,355814.27075911773
1060,"      Segeberg, Kreis",2037,307122.5897376196,244377.59842323555,366205.017722588
1060,"      Segeberg, Kreis",2038,308921.07704065565,237664.13426830457,375296.1578054458
1060,"      Segeberg, Kreis",2039,310719.56434369175,232086.9525891964,385603.6597547264
1060,"      Segeberg, Kreis",2040,312522.9790092019,225690.0613139364,395486.3692301664
1061,"      Steinburg, Kreis",2025,133325.91882082858,133089.57125441858,133568.83166337362
1061,"      Steinburg, Kreis",2026,133841.6369535834,133110.98935916877,134584.89693965428
1061,"      Steinburg, Kreis",2027,134357.35508633824,132752.4437653462,135789.41935766197
1061,"      Steinburg, Kreis",2028,134874.48614548417,132426.2310939152,137161.26483002363
1061,"      Steinburg, Kreis",2029,135390.204278239,131964.42660073566,138644.2003506593
1061,"      Steinburg, Kreis",2030,135905.92241099384,131255.4046092892,140224.68916354113
1061,"      Steinburg, Kreis",2031,136421.64054374865,130611.47625884388,141977.56216000937
1061,"      Steinburg, Kreis",2032,136938.77160289462,129732.43729220369,143893.99156590042
1061,"      Steinburg, Kreis",2033,137454.48973564943,129041.4294196069,145721.36827869236
1061,"      Steinburg, Kreis",2034,137970.20786840425,128084.06434601212,147592.1388865777
1061,"      Steinburg, Kreis",2035,138485.9260011591,127518.98979662525,149959.3220708304
1061,"      Steinburg, Kreis",2036,139003.05706030503,126246.88806742532,151859.62316902267
1061,"      Steinburg, Kreis",2037,139518.77519305985,125040.0581748976,153899.20572647644
1061,"      Steinburg, Kreis",2038,140034.4933258147,123490.51059942137,156062.81478267524
1061,"      Steinburg, Kreis",2039,140550.2114585695,122390.58186237286,158465.70418320835
1061,"      Steinburg, Kreis",2040,141067.34251771547,121050.2150983764,161054.4931824247
1062,"      Stormarn, Kreis",2025,247479.60065370912,247236.1977862174,247708.05214927127
1062,"      Stormarn, Kreis",2026,248052.0847117992,247260.86865989305,248803.4744950329
1062,"      Stormarn, Kreis",2027,248624.5687698894,247088.5854566716,250023.8656509377
1062,"      Stormarn, Kreis",2028,249198.62127745376,246799.2247512109,251474.44813202217
1062,"      Stormarn, Kreis",2029,249771.10533554392,246450.1652430028,253182.54886664767
1062,"      Stormarn, Kreis",2030,250343.5893936341,245832.1611714288,254690.0186333328
1062,"      Stormarn, Kreis",2031,250916.07345172425,245021.46465130607,256527.5680416413
1062,"      Stormarn, Kreis",2032,251490.12595928865,244434.8227677235,258466.96595640024
1062,"      Stormarn, Kreis",2033,252062.6100173787,243562.47678318687,260673.87004191885
1062,"      Stormarn, Kreis",2034,252635.0940754689,242268.9599893877,262944.18908995896
1062,"      Stormarn, Kreis",2035,253207.57813355903,241456.50003312225,264965.48582528834
1062,"      Stormarn, Kreis",2036,253781.6306411234,240052.10951065115,266816.2705353105
1062,"      Stormarn, Kreis",2037,254354.1146992136,238690.09451374933,269140.03626982134
1062,"      Stormarn, Kreis",2038,254926.5987573037,237363.39840777783,271337.10907854425
1062,"      Stormarn, Kreis",2039,255499.08281539383,235798.6588955829,273576.5011730065
1062,"      Stormarn, Kreis",2040,256073.1353229582,234397.57020661217,276097.5125916523
3101,"      Braunschweig, kreisfreie Stadt",2025,253018.1596123636,251626.4203679624,254384.17263723203
3101,"      Braunschweig, kreisfreie Stadt",2026,252916.7600325526,248461.81922228503,257617.0246183737
3101,"      Braunschweig, kreisfreie Stadt",2027,252815.3604527416,244013.12502484047,262073.7245220595
3101,"      Braunschweig, kreisfreie Stadt",2028,252713.6830658626,238166.68641733305,267208.5430007093
3101,"      Braunschweig, kreisfreie Stadt",2029,252612.2834860516,232283.1424418012,273841.5860008514
3101,"      Braunschweig, kreisfreie Stadt",2030,252510.88390624052,225839.1925518342,281996.6423117284
3101,"      Braunschweig, kreisfreie Stadt",2031,252409.4843264296,218299.0648250591,288933.0949151371
3101,"      Braunschweig, kreisfreie Stadt",2032,252307.80693955056,210503.70791928368,298084.1925717146
3101,"      Braunschweig, kreisfreie Stadt",2033,252206.4073597396,201033.5879793657,305963.5713166221
3101,"      Braunschweig, kreisfreie Stadt",2034,252105.00777992856,193709.5248806192,315943.6356911644
3101,"      Braunschweig, kreisfreie Stadt",2035,252003.6082001176,183035.235222578,325960.6598913621
3101,"      Braunschweig, kreisfreie Stadt",2036,251901.93081323852,171636.65492025926,334620.97488754336
3101,"      Braunschweig, kreisfreie Stadt",2037,251800.5312334276,160423.60685495226,345578.43518146215
3101,"      Braunschweig, kreisfreie Stadt",2038,251699.13165361647,150320.1071312407,356955.2471700204
3101,"      Braunschweig, kreisfreie Stadt",2039,251597.7320738056,136289.05969329982,367639.4285285157
3101,"      Braunschweig, kreisfreie Stadt",2040,251496.05468692657,126566.92373638024,381012.4459463703
3102,"      Salzgitter, kreisfreie Stadt",2025,105291.94715249357,104707.7953822355,105787.13314922688
3102,"      Salzgitter, kreisfreie Stadt",2026,105509.35561615942,103730.21590738896,107099.8372116198
3102,"      Salzgitter, kreisfreie Stadt",2027,105726.76407982524,102250.74150577853,108937.35794466866
3102,"      Salzgitter, kreisfreie Stadt",2028,105944.76818311756,100409.32113646824,111044.01381386824
3102,"      Salzgitter, kreisfreie Stadt",2029,106162.1766467834,98482.97863892424,113166.07350412793
3102,"      Salzgitter, kreisfreie Stadt",2030,106379.58511044925,96642.30215965852,115739.08216190306
3102,"      Salzgitter, kreisfreie Stadt",2031,106596.99357411508,94072.50183323296,118484.4256982806
3102,"      Salzgitter, kreisfreie Stadt",2032,106814.9976774074,91002.25415823625,121402.41526225484
3102,"      Salzgitter, kreisfreie Stadt",2033,107032.40614107324,88578.04039525929,124435.3702375576
3102,"      Salzgitter, kreisfreie Stadt",2034,107249.81460473908,85265.08346623447,127470.64095989054
3102,"      Salzgitter, kreisfreie Stadt",2035,107467.22306840491,81374.32728694301,131015.72423140016
3102,"      Salzgitter, kreisfreie Stadt",2036,107685.22717169725,78100.60869974806,135060.79683878552
3102,"      Salzgitter, kreisfreie Stadt",2037,107902.63563536308,74823.43566278418,139070.20058790792
3102,"      Salzgitter, kreisfreie Stadt",2038,108120.04409902892,70373.8076298951,142607.62432576346
3102,"      Salzgitter, kreisfreie Stadt",2039,108337.45256269476,65482.20215069677,146538.5914752843
3102,"      Salzgitter, kreisfreie Stadt",2040,108555.45666598708,61338.269285663126,149626.19511144402
3103,"      Wolfsburg, kreisfreie Stadt",2025,131971.9621119957,131130.11340273157,132855.0949855792
3103,"      Wolfsburg, kreisfreie Stadt",2026,133673.66086464774,132673.66893929406,134652.44807240646
3103,"      Wolfsburg, kreisfreie Stadt",2027,135375.35961729978,134030.46590212392,136655.9747041028
3103,"      Wolfsburg, kreisfreie Stadt",2028,137081.72055831525,135397.57863342788,138828.52625920088
3103,"      Wolfsburg, kreisfreie Stadt",2029,138783.41931096726,136436.3393810146,141244.21866618606
3103,"      Wolfsburg, kreisfreie Stadt",2030,140485.1180636193,137445.03990847908,143630.51525601716
3103,"      Wolfsburg, kreisfreie Stadt",2031,142186.81681627134,138277.05721173243,146002.3801977303
3103,"      Wolfsburg, kreisfreie Stadt",2032,143893.17775728682,139147.67982038198,148698.17179553432
3103,"      Wolfsburg, kreisfreie Stadt",2033,145594.87650993883,139910.14363865825,151348.70681846622
3103,"      Wolfsburg, kreisfreie Stadt",2034,147296.57526259086,140461.3330294726,153784.2534509388
3103,"      Wolfsburg, kreisfreie Stadt",2035,148998.2740152429,141294.05829628947,156945.82063219103
3103,"      Wolfsburg, kreisfreie Stadt",2036,150704.63495625835,141635.91040986794,159833.91463025313
3103,"      Wolfsburg, kreisfreie Stadt",2037,152406.3337089104,142472.44893174045,162482.78154855312
3103,"      Wolfsburg, kreisfreie Stadt",2038,154108.03246156246,143312.60200941723,165375.84081473664
3103,"      Wolfsburg, kreisfreie Stadt",2039,155809.73121421447,143854.59871364938,168311.9002378642
3103,"      Wolfsburg, kreisfreie Stadt",2040,157516.09215522994,144159.14861981617,171158.86393507817
3151,"      Gifhorn, Landkreis",2025,176300.07908958686,175663.27424352718,176930.4568913576
3151,"      Gifhorn, Landkreis",2026,176585.36334267922,174519.21169924756,178611.83385653276
3151,"      Gifhorn, Landkreis",2027,176870.64759577165,172743.1564853525,180732.6796214596
3151,"      Gifhorn, Landkreis",2028,177156.71344955746,170622.53849911503,183487.3855236536
3151,"      Gifhorn, Landkreis",2029,177441.99770264985,168500.03234200852,186030.1278000172
3151,"      Gifhorn, Landkreis",2030,177727.28195574225,165709.57592668495,189058.9716426312
3151,"      Gifhorn, Landkreis",2031,178012.56620883467,162372.576734542,192530.557825888
3151,"      Gifhorn, Landkreis",2032,178298.63206262045,159515.3981009495,195955.5545033466
3151,"      Gifhorn, Landkreis",2033,178583.91631571285,156793.69853964014,200445.814249476
3151,"      Gifhorn, Landkreis",2034,178869.20056880527,152193.1430710683,205163.99032420185
3151,"      Gifhorn, Landkreis",2035,179154.48482189767,147994.62654668032,210506.93884052205
3151,"      Gifhorn, Landkreis",2036,179440.55067568345,143872.45375273252,215013.13149319924
3151,"      Gifhorn, Landkreis",2037,179725.83492877585,140437.63280752776,220739.1566581052
3151,"      Gifhorn, Landkreis",2038,180011.11918186827,136223.895455042,226047.32117555337
3151,"      Gifhorn, Landkreis",2039,180296.40343496067,130573.46288932645,230759.31530390703
3151,"      Gifhorn, Landkreis",2040,180582.46928874645,125315.10843193808,235804.0735077741
3153,"      Goslar, Landkreis",2025,123944.58992154567,122694.61293816804,125190.11200886044
3153,"      Goslar, Landkreis",2026,121855.08440731453,120455.96886594496,123202.80039978462
3153,"      Goslar, Landkreis",2027,119765.57889308332,118093.03860897916,121349.2173722164
3153,"      Goslar, Landkreis",2028,117670.3487062104,115753.19139766204,119665.30530169532
3153,"      Goslar, Landkreis",2029,115580.84319197922,113168.44387765416,118130.06640268768
3153,"      Goslar, Landkreis",2030,113491.33767774802,110597.73158645807,116411.42341827774
3153,"      Goslar, Landkreis",2031,111401.83216351682,107717.26275430134,115208.5981298857
3153,"      Goslar, Landkreis",2032,109306.60197664391,104942.65405710253,113602.06669579024
3153,"      Goslar, Landkreis",2033,107217.09646241272,101936.34910416168,112389.82897578416
3153,"      Goslar, Landkreis",2034,105127.59094818156,99134.5414980628,111267.16534293094
3153,"      Goslar, Landkreis",2035,103038.08543395034,96330.8591867734,109973.196559484
3153,"      Goslar, Landkreis",2036,100942.85524707744,93338.12331361492,108760.83183776478
3153,"      Goslar, Landkreis",2037,98853.34973284624,90145.22103577846,107734.59962729008
3153,"      Goslar, Landkreis",2038,96763.84421861504,86762.9142247232,106922.94051186508
3153,"      Goslar, Landkreis",2039,94674.33870438386,83451.04474333259,106121.26915778652
3153,"      Goslar, Landkreis",2040,92579.10851751096,80431.68307060108,104877.20700084035
3154,"      Helmstedt, Landkreis",2025,89877.89435169428,89673.19703312418,90084.5138106961
3154,"      Helmstedt, Landkreis",2026,89499.85394104084,88840.19561545944,90208.19092609752
3154,"      Helmstedt, Landkreis",2027,89121.8135303874,87832.837674918,90503.46928148794
3154,"      Helmstedt, Landkreis",2028,88742.73739258148,86713.09290833923,90876.63412094068
3154,"      Helmstedt, Landkreis",2029,88364.69698192803,85417.4692611113,91441.95531285118
3154,"      Helmstedt, Landkreis",2030,87986.6565712746,83977.54925179941,91989.16419922691
3154,"      Helmstedt, Landkreis",2031,87608.61616062115,82659.74670387855,92835.30341202834
3154,"      Helmstedt, Landkreis",2032,87229.54002281524,81077.58570376331,93738.114461278
3154,"      Helmstedt, Landkreis",2033,86851.4996121618,79371.2250528714,94738.3102206443
3154,"      Helmstedt, Landkreis",2034,86473.45920150836,77762.10465556377,95839.14034408444
3154,"      Helmstedt, Landkreis",2035,86095.41879085492,76141.16239098628,96852.79637184838
3154,"      Helmstedt, Landkreis",2036,85716.34265304901,74305.62402875212,97968.53953879287
3154,"      Helmstedt, Landkreis",2037,85338.30224239556,72586.05035110263,99387.70455214664
3154,"      Helmstedt, Landkreis",2038,84960.26183174213,70393.41768077224,100485.20741155634
3154,"      Helmstedt, Landkreis",2039,84582.22142108867,68375.53045373937,101572.43793286626
3154,"      Helmstedt, Landkreis",2040,84203.14528328276,66848.84663529956,102819.15599443954
3155,"      Northeim, Landkreis",2025,125193.8525386609,124150.78362681548,126136.62019066812
3155,"      Northeim, Landkreis",2026,124701.52441647656,121329.13022552122,127774.47919778376
3155,"      Northeim, Landkreis",2027,124209.19629429224,117687.64169459091,130651.54558342522
3155,"      Northeim, Landkreis",2028,123715.51932793754,112868.31329776716,133516.55050312515
3155,"      Northeim, Landkreis",2029,123223.19120575322,107696.91855732878,137666.13392322423
3155,"      Northeim, Landkreis",2030,122730.86308356888,102472.07907472605,142239.32394636504
3155,"      Northeim, Landkreis",2031,122238.53496138456,97070.1230596352,148117.8617147917
3155,"      Northeim, Landkreis",2032,121744.85799502984,91135.4414358746,154366.82040140455
3155,"      Northeim, Landkreis",2033,121252.52987284552,83784.96450680104,160126.0508814636
3155,"      Northeim, Landkreis",2034,120760.2017506612,77489.67852588829,167159.02984491075
3155,"      Northeim, Landkreis",2035,120267.87362847688,69583.22517730067,173561.6532450273
3155,"      Northeim, Landkreis",2036,119774.19666212217,60536.69479184025,178609.73301636087
3155,"      Northeim, Landkreis",2037,119281.86853993784,52982.13468761466,185535.05395869064
3155,"      Northeim, Landkreis",2038,118789.54041775352,45581.62882574047,192038.8953557456
3155,"      Northeim, Landkreis",2039,118297.21229556916,35171.748491948405,199068.97871878027
3155,"      Northeim, Landkreis",2040,117803.53532921449,26097.1228891794,205893.23367905003
3157,"      Peine, Landkreis",2025,137239.3238437326,136945.04106260685,137471.20024803776
3157,"      Peine, Landkreis",2026,137400.70406042726,136467.00394768215,138182.2069680777
3157,"      Peine, Landkreis",2027,137562.08427712193,135882.0219114016,139111.31985059046
3157,"      Peine, Landkreis",2028,137723.9066313966,135068.57641564184,140171.66189790212
3157,"      Peine, Landkreis",2029,137885.2868480913,134098.52337944167,141438.20874607767
3157,"      Peine, Landkreis",2030,138046.66706478593,132959.22855519384,142700.3934318427
3157,"      Peine, Landkreis",2031,138208.0472814806,132036.59499378275,144271.8335320878
3157,"      Peine, Landkreis",2032,138369.86963575525,130837.91152807348,145916.5814282103
3157,"      Peine, Landkreis",2033,138531.24985244995,129257.36153332882,147575.68826344094
3157,"      Peine, Landkreis",2034,138692.63006914462,127597.850098863,149101.04998648056
3157,"      Peine, Landkreis",2035,138854.01028583926,126066.39993649266,150711.4498296397
3157,"      Peine, Landkreis",2036,139015.83264011392,124670.08374691063,152846.29805062333
3157,"      Peine, Landkreis",2037,139177.21285680862,122775.48544721192,154666.66478400884
3157,"      Peine, Landkreis",2038,139338.5930735033,120794.33184169876,157328.27931207884
3157,"      Peine, Landkreis",2039,139499.97329019793,118675.11634913132,159603.11624891442
3157,"      Peine, Landkreis",2040,139661.7956444726,116668.679766488,161377.54566144678
3158,"      Wolfenbüttel, Landkreis",2025,118354.56726142262,118137.17542562222,118576.7636746714
3158,"      Wolfenbüttel, Landkreis",2026,118342.11675933035,117708.36758379136,118983.57915496128
3158,"      Wolfenbüttel, Landkreis",2027,118329.66625723807,117072.08685714852,119593.90544017426
3158,"      Wolfenbüttel, Landkreis",2028,118317.18164418115,116317.5375682956,120269.02792065567
3158,"      Wolfenbüttel, Landkreis",2029,118304.7311420889,115463.86994410756,121007.77443510364
3158,"      Wolfenbüttel, Landkreis",2030,118292.28063999662,114373.6628302638,121808.72151689533
3158,"      Wolfenbüttel, Landkreis",2031,118279.83013790436,113363.81769536468,122773.18460916856
3158,"      Wolfenbüttel, Landkreis",2032,118267.34552484743,112237.97601190084,123749.04997637244
3158,"      Wolfenbüttel, Landkreis",2033,118254.89502275515,111021.8947916823,124897.28182119408
3158,"      Wolfenbüttel, Landkreis",2034,118242.44452066287,109623.72604397044,126096.06127153894
3158,"      Wolfenbüttel, Landkreis",2035,118229.9940185706,108336.56730262372,127440.2528862936
3158,"      Wolfenbüttel, Landkreis",2036,118217.50940551372,107042.75172427057,128646.5744635025
3158,"      Wolfenbüttel, Landkreis",2037,118205.05890342144,105462.56847469916,129937.891653297
3158,"      Wolfenbüttel, Landkreis",2038,118192.60840132915,104040.46792577225,131511.25999323578
3158,"      Wolfenbüttel, Landkreis",2039,118180.15789923687,102775.4085879108,132776.11422603004
3158,"      Wolfenbüttel, Landkreis",2040,118167.67328617998,101282.727796114,134702.08972542663
3159,"      Göttingen, Landkreis",2025,328262.9515341057,326702.542333388,329889.18157063675
3159,"      Göttingen, Landkreis",2026,328278.493956277,323285.2126063211,333927.9329157788
3159,"      Göttingen, Landkreis",2027,328294.0363784482,318426.6521251106,338383.6415948153
3159,"      Göttingen, Landkreis",2028,328309.621382598,312842.5901032264,345322.4119917695
3159,"      Göttingen, Landkreis",2029,328325.1638047692,305709.0721335235,353478.2955166057
3159,"      Göttingen, Landkreis",2030,328340.7062269405,298988.5096938965,361412.9448647215
3159,"      Göttingen, Landkreis",2031,328356.2486491117,292483.70467966166,368607.3369186782
3159,"      Göttingen, Landkreis",2032,328371.83365326154,283757.82765120175,377918.0757949663
3159,"      Göttingen, Landkreis",2033,328387.37607543275,274358.07094342174,387210.093423966
3159,"      Göttingen, Landkreis",2034,328402.918497604,263188.2702824676,397246.5685002712
3159,"      Göttingen, Landkreis",2035,328418.46091977524,251348.3633833639,406957.1054077375
3159,"      Göttingen, Landkreis",2036,328434.045923925,238793.0581756713,416152.86100782285
3159,"      Göttingen, Landkreis",2037,328449.5883460962,229666.20052161603,428837.99078311824
3159,"      Göttingen, Landkreis",2038,328465.1307682675,217937.3250436757,441272.543949292
3159,"      Göttingen, Landkreis",2039,328480.6731904388,207453.85829742425,455452.7576765609
3159,"      Göttingen, Landkreis",2040,328496.25819458853,193425.4925418757,468651.8001874308
3241,"      Region Hannover, Landkreis",2025,1144592.2456929556,1138866.309136977,1150747.6002005865
3241,"      Region Hannover, Landkreis",2026,1147859.6617058632,1129853.6249977509,1167281.4227004857
3241,"      Region Hannover, Landkreis",2027,1151127.0777187706,1116345.0432042829,1191204.8503125017
3241,"      Region Hannover, Landkreis",2028,1154403.445556371,1098891.586837771,1219446.3647363365
3241,"      Region Hannover, Landkreis",2029,1157670.8615692786,1077333.5649373531,1248449.721329046
3241,"      Region Hannover, Landkreis",2030,1160938.2775821865,1055747.3983986194,1276875.4622716436
3241,"      Region Hannover, Landkreis",2031,1164205.693595094,1033329.4565969256,1307310.8291675283
3241,"      Region Hannover, Landkreis",2032,1167482.0614326943,1003313.1479055622,1341221.3158469363
3241,"      Region Hannover, Landkreis",2033,1170749.477445602,973153.0807010116,1383109.0962017877
3241,"      Region Hannover, Landkreis",2034,1174016.8934585096,942710.1996584624,1418754.9399582397
3241,"      Region Hannover, Landkreis",2035,1177284.309471417,908579.4495843432,1466069.0717277962
3241,"      Region Hannover, Landkreis",2036,1180560.6773090174,875242.5368215808,1513989.7191618152
3241,"      Region Hannover, Landkreis",2037,1183828.093321925,838503.8573413177,1559399.6406039
3241,"      Region Hannover, Landkreis",2038,1187095.5093348324,790227.4184440048,1607767.9444061674
3241,"      Region Hannover, Landkreis",2039,1190362.92534774,750694.3909366787,1654054.84879638
3241,"      Region Hannover, Landkreis",2040,1193639.2931853407,708181.7681895514,1701439.605892035
3251,"      Diepholz, Landkreis",2025,222102.20335500012,221878.52691506525,222290.2832667684
3251,"      Diepholz, Landkreis",2026,222890.1889343699,222289.89640610223,223430.44438871017
3251,"      Diepholz, Landkreis",2027,223678.1745137396,222537.52158837777,224714.0286151782
3251,"      Diepholz, Landkreis",2028,224468.31895771035,222749.3461580944,226129.0649199049
3251,"      Diepholz, Landkreis",2029,225256.3045370801,222784.1014687976,227640.1145793229
3251,"      Diepholz, Landkreis",2030,226044.29011644985,222692.69639689813,229300.3937489494
3251,"      Diepholz, Landkreis",2031,226832.27569581952,222533.9558602888,230831.86563865896
3251,"      Diepholz, Landkreis",2032,227622.42013979028,222240.1757934813,232453.7157351625
3251,"      Diepholz, Landkreis",2033,228410.40571916004,221927.31045970647,234252.7139590253
3251,"      Diepholz, Landkreis",2034,229198.3912985297,221619.23139409567,236040.3062999511
3251,"      Diepholz, Landkreis",2035,229986.37687789943,221158.91103137864,238012.6934045919
3251,"      Diepholz, Landkreis",2036,230776.5213218702,220733.2969810053,240069.08114639384
3251,"      Diepholz, Landkreis",2037,231564.50690124,220151.96215038968,242091.25276555028
3251,"      Diepholz, Landkreis",2038,232352.49248060968,219691.04714036704,244249.12399925644
3251,"      Diepholz, Landkreis",2039,233140.4780599794,219311.6510052151,246253.44947487867
3251,"      Diepholz, Landkreis",2040,233930.6225039501,218620.97231898355,248588.5199043175
3252,"      Hameln-Pyrmont, Landkreis",2025,149972.20311337293,149533.00696719682,150436.07932431845
3252,"      Hameln-Pyrmont, Landkreis",2026,149716.18656648012,148315.4507074065,151082.2085915959
3252,"      Hameln-Pyrmont, Landkreis",2027,149460.17001958727,146977.21066427225,152045.30057978223
3252,"      Hameln-Pyrmont, Landkreis",2028,149203.4520574975,144958.3883577698,153407.82528317577
3252,"      Hameln-Pyrmont, Landkreis",2029,148947.43551060464,142910.11406740654,154941.43697473232
3252,"      Hameln-Pyrmont, Landkreis",2030,148691.4189637118,140726.75369903256,157001.46608174068
3252,"      Hameln-Pyrmont, Landkreis",2031,148435.40241681898,138430.59640262037,159119.29916026155
3252,"      Hameln-Pyrmont, Landkreis",2032,148178.6844547292,136121.22351946522,161436.64937057678
3252,"      Hameln-Pyrmont, Landkreis",2033,147922.66790783635,133673.87039104346,163642.6499194143
3252,"      Hameln-Pyrmont, Landkreis",2034,147666.65136094354,130205.99367859097,166203.94781873794
3252,"      Hameln-Pyrmont, Landkreis",2035,147410.6348140507,126909.35037594568,168614.1688239441
3252,"      Hameln-Pyrmont, Landkreis",2036,147153.91685196088,123931.59011115455,171743.4161277726
3252,"      Hameln-Pyrmont, Landkreis",2037,146897.90030506806,120690.58174732709,174501.83099804592
3252,"      Hameln-Pyrmont, Landkreis",2038,146641.88375817525,117534.12569101909,176931.19294734392
3252,"      Hameln-Pyrmont, Landkreis",2039,146385.8672112824,114133.1187803938,179947.29370799934
3252,"      Hameln-Pyrmont, Landkreis",2040,146129.14924919262,109789.37920126993,182195.9897813317
3254,"      Hildesheim, Landkreis",2025,267375.14313836064,266190.7794199808,268760.7539762055
3254,"      Hildesheim, Landkreis",2026,267077.6045750105,262961.7737923818,271413.9584310256
3254,"      Hildesheim, Landkreis",2027,266780.06601166027,258803.17254612088,274870.1289142883
3254,"      Hildesheim, Landkreis",2028,266481.712274164,253339.55181287325,279288.4966303674
3254,"      Hildesheim, Landkreis",2029,266184.17371081375,247826.71694497616,284482.3665519299
3254,"      Hildesheim, Landkreis",2030,265886.6351474636,241335.3387321639,290756.8211416544
3254,"      Hildesheim, Landkreis",2031,265589.09658411343,234320.74428968303,296961.62668614526
3254,"      Hildesheim, Landkreis",2032,265290.7428466171,227494.8094126469,303427.5097263477
3254,"      Hildesheim, Landkreis",2033,264993.20428326697,219779.62983904572,310968.3833554753
3254,"      Hildesheim, Landkreis",2034,264695.66571991675,212735.05660845115,317709.9986074155
3254,"      Hildesheim, Landkreis",2035,264398.1271565666,203883.0809977353,326713.5996647577
3254,"      Hildesheim, Landkreis",2036,264099.7734190703,193472.19368995933,336546.10368431563
3254,"      Hildesheim, Landkreis",2037,263802.23485572013,183545.14535947624,346960.06992627174
3254,"      Hildesheim, Landkreis",2038,263504.69629237,173008.14019379808,356307.72141476755
3254,"      Hildesheim, Landkreis",2039,263207.1577290198,162318.82683838595,367270.341307396
3254,"      Hildesheim, Landkreis",2040,262908.80399152345,152657.1301659348,375121.027685312
3255,"      Holzminden, Landkreis",2025,63951.68056211245,63211.30847272575,64641.80810902632
3255,"      Holzminden, Landkreis",2026,62735.597396475,61980.79397395537,63548.96820499027
3255,"      Holzminden, Landkreis",2027,61519.51423083756,60597.156815473696,62436.80954273263
3255,"      Holzminden, Landkreis",2028,60300.09933049974,59159.90921249165,61419.48967134722
3255,"      Holzminden, Landkreis",2029,59084.01616486229,57776.08208344904,60556.95475836488
3255,"      Holzminden, Landkreis",2030,57867.932999224846,56172.166895896255,59584.0386328827
3255,"      Holzminden, Landkreis",2031,56651.8498335874,54655.99584944544,58684.60818145093
3255,"      Holzminden, Landkreis",2032,55432.434933249584,52932.80040704062,57940.958782768204
3255,"      Holzminden, Landkreis",2033,54216.35176761214,51261.0365984315,57285.37932983288
3255,"      Holzminden, Landkreis",2034,53000.2686019747,49525.90889458577,56461.82759219696
3255,"      Holzminden, Landkreis",2035,51784.185436337255,47677.81980442588,55800.17160217939
3255,"      Holzminden, Landkreis",2036,50564.77053599944,45858.1956763264,55038.25661975567
3255,"      Holzminden, Landkreis",2037,49348.68737036199,44196.92909245075,54663.26858692159
3255,"      Holzminden, Landkreis",2038,48132.60420472455,42042.17702864512,54040.71859364047
3255,"      Holzminden, Landkreis",2039,46916.52103908711,40326.775614333725,53724.1599306471
3255,"      Holzminden, Landkreis",2040,45697.10613874929,38376.73362861719,52898.15486272044
3256,"      Nienburg (Weser), Landkreis",2025,121639.79675633454,121399.41801109003,121872.72354063232
3256,"      Nienburg (Weser), Landkreis",2026,121707.93934873976,121049.9869699336,122362.58313873268
3256,"      Nienburg (Weser), Landkreis",2027,121776.08194114496,120501.41825008708,123038.81275317016
3256,"      Nienburg (Weser), Landkreis",2028,121844.41122558416,119857.206061495,123843.1414416249
3256,"      Nienburg (Weser), Landkreis",2029,121912.55381798932,119070.42930358964,124634.11482776926
3256,"      Nienburg (Weser), Landkreis",2030,121980.69641039452,118132.11542718938,125745.171102213
3256,"      Nienburg (Weser), Landkreis",2031,122048.83900279977,117172.3254341128,126840.7987057349
3256,"      Nienburg (Weser), Landkreis",2032,122117.16828723894,116171.4437517082,127806.8923475046
3256,"      Nienburg (Weser), Landkreis",2033,122185.31087964412,115191.3088332456,128972.89119107416
3256,"      Nienburg (Weser), Landkreis",2034,122253.45347204932,114139.62354330532,130395.02856439672
3256,"      Nienburg (Weser), Landkreis",2035,122321.59606445454,113077.77020290893,131857.9048546102
3256,"      Nienburg (Weser), Landkreis",2036,122389.92534889372,111817.58032774462,133158.59550246323
3256,"      Nienburg (Weser), Landkreis",2037,122458.06794129893,110536.84755070934,134403.94844599234
3256,"      Nienburg (Weser), Landkreis",2038,122526.2105337041,109058.39654799204,135778.7912047716
3256,"      Nienburg (Weser), Landkreis",2039,122594.35312610932,107529.1204311193,137233.29767409802
3256,"      Nienburg (Weser), Landkreis",2040,122662.68241054851,106264.7121958754,138617.09512591982
3257,"      Schaumburg, Landkreis",2025,156961.52538958204,156468.8359561498,157514.39193467598
3257,"      Schaumburg, Landkreis",2026,157000.72128663491,155388.5692873951,158694.56008549026
3257,"      Schaumburg, Landkreis",2027,157039.9171836878,153842.30800605426,160143.20823686032
3257,"      Schaumburg, Landkreis",2028,157079.22046676002,152080.4660265012,162011.26172980477
3257,"      Schaumburg, Landkreis",2029,157118.41636381292,149820.46600977523,163998.08246722768
3257,"      Schaumburg, Landkreis",2030,157157.6122608658,147288.60470064075,166221.82990783418
3257,"      Schaumburg, Landkreis",2031,157196.80815791868,144689.54669011556,168804.52843261944
3257,"      Schaumburg, Landkreis",2032,157236.1114409909,141832.82695847558,171218.7751624164
3257,"      Schaumburg, Landkreis",2033,157275.3073380438,138920.11224781227,173914.82914851882
3257,"      Schaumburg, Landkreis",2034,157314.5032350967,135881.4319267056,176848.1082951115
3257,"      Schaumburg, Landkreis",2035,157353.69913214957,132633.72993561614,180390.0567425958
3257,"      Schaumburg, Landkreis",2036,157393.0024152218,129022.1445447413,184291.1541100399
3257,"      Schaumburg, Landkreis",2037,157432.1983122747,125369.0502717236,187255.6869155065
3257,"      Schaumburg, Landkreis",2038,157471.39420932758,122208.04606015264,191152.3295138742
3257,"      Schaumburg, Landkreis",2039,157510.5901063805,117808.0250089412,196147.3589267673
3257,"      Schaumburg, Landkreis",2040,157549.89338945269,113303.32637012542,199644.1056941702
3351,"      Celle, Landkreis",2025,169713.54986407366,168041.89899755042,171368.1701628932
3351,"      Celle, Landkreis",2026,167827.09664821433,165878.1985960467,169726.06128947125
3351,"      Celle, Landkreis",2027,165940.64343235505,163819.64556910322,167886.12781195738
3351,"      Celle, Landkreis",2028,164049.02185152075,161467.09215952206,166597.4291426318
3351,"      Celle, Landkreis",2029,162162.56863566145,158891.52339092406,165308.49410137633
3351,"      Celle, Landkreis",2030,160276.1154198021,156247.49734271035,164332.9960123774
3351,"      Celle, Landkreis",2031,158389.6622039428,153302.9254041013,163273.41277656943
3351,"      Celle, Landkreis",2032,156498.04062310854,150458.11787991846,162698.55007649827
3351,"      Celle, Landkreis",2033,154611.5874072492,147196.67183937522,161790.28551983222
3351,"      Celle, Landkreis",2034,152725.1341913899,144456.91617137607,161169.7429063974
3351,"      Celle, Landkreis",2035,150838.6809755306,141395.70115574132,160914.27027605008
3351,"      Celle, Landkreis",2036,148947.05939469632,138176.72797053386,160076.8644925171
3351,"      Celle, Landkreis",2037,147060.60617883698,135166.79840072824,159943.25080400874
3351,"      Celle, Landkreis",2038,145174.15296297768,131113.28580495054,159693.83599939354
3351,"      Celle, Landkreis",2039,143287.69974711837,128694.44511516622,159489.90704601374
3351,"      Celle, Landkreis",2040,141396.07816628407,124789.34247269652,158887.7213452754
3352,"      Cuxhaven, Landkreis",2025,198944.73390308948,198546.80451646383,199305.04762529023
3352,"      Cuxhaven, Landkreis",2026,198889.4539898169,197706.7579579501,199933.51183038828
3352,"      Cuxhaven, Landkreis",2027,198834.17407654432,196568.7134202612,201018.3049478387
3352,"      Cuxhaven, Landkreis",2028,198778.74271145457,195420.18820678088,202297.7071191404
3352,"      Cuxhaven, Landkreis",2029,198723.462798182,194040.2172055865,203737.148278099
3352,"      Cuxhaven, Landkreis",2030,198668.18288490945,192359.2536687253,205038.5962011708
3352,"      Cuxhaven, Landkreis",2031,198612.9029716368,190664.77801821844,206816.33870763928
3352,"      Cuxhaven, Landkreis",2032,198557.47160654707,188721.71075608963,209026.7871824813
3352,"      Cuxhaven, Landkreis",2033,198502.1916932745,186818.5389632041,211156.77047889947
3352,"      Cuxhaven, Landkreis",2034,198446.91178000192,184608.6034127472,213344.0551018616
3352,"      Cuxhaven, Landkreis",2035,198391.6318667293,182203.2252264603,215584.7543972384
3352,"      Cuxhaven, Landkreis",2036,198336.2005016396,180049.79280428324,218046.860457768
3352,"      Cuxhaven, Landkreis",2037,198280.920588367,177777.72207943202,220782.57395699224
3352,"      Cuxhaven, Landkreis",2038,198225.6406750944,175613.9225432878,223499.3472222729
3352,"      Cuxhaven, Landkreis",2039,198170.36076182185,172655.2016802708,225353.0036109102
3352,"      Cuxhaven, Landkreis",2040,198114.92939673207,170031.66085453692,227522.4512518377
3353,"      Harburg, Landkreis",2025,267450.58785365627,266610.3615778554,268442.4824836782
3353,"      Harburg, Landkreis",2026,268912.36963764287,266119.4468029611,272092.32626061456
3353,"      Harburg, Landkreis",2027,270374.1514216295,264857.69717361016,276510.58721443266
3353,"      Harburg, Landkreis",2028,271839.93808721605,262744.3695527776,281515.7780012872
3353,"      Harburg, Landkreis",2029,273301.71987120266,260575.86911176925,287441.0970966731
3353,"      Harburg, Landkreis",2030,274763.50165518926,258049.7582261098,293487.5776416328
3353,"      Harburg, Landkreis",2031,276225.28343917587,255467.93041878988,300285.2272791979
3353,"      Harburg, Landkreis",2032,277691.07010476245,251938.628921426,306881.4668814031
3353,"      Harburg, Landkreis",2033,279152.85188874905,248167.3789898225,313022.319774318
3353,"      Harburg, Landkreis",2034,280614.63367273565,243992.49165262643,320087.7151718834
3353,"      Harburg, Landkreis",2035,282076.41545672226,239654.71529884337,326444.5537893118
3353,"      Harburg, Landkreis",2036,283542.2021223088,234704.48478122984,334937.2733634622
3353,"      Harburg, Landkreis",2037,285003.9839062954,229861.66615229243,343625.36394234287
3353,"      Harburg, Landkreis",2038,286465.765690282,226055.52899968345,352457.0538048991
3353,"      Harburg, Landkreis",2039,287927.5474742686,219689.66846624832,361547.0698123152
3353,"      Harburg, Landkreis",2040,289393.3341398552,215236.2089693745,369839.27145369066
3354,"      Lüchow-Dannenberg, Landkreis",2025,45874.67124901636,45404.76283283126,46338.6867959607
3354,"      Lüchow-Dannenberg, Landkreis",2026,45360.11221423906,44861.72281245233,45885.68570758268
3354,"      Lüchow-Dannenberg, Landkreis",2027,44845.55317946178,44223.0869100924,45467.47204307707
3354,"      Lüchow-Dannenberg, Landkreis",2028,44329.58439390428,43563.35668409395,45082.65670226541
3354,"      Lüchow-Dannenberg, Landkreis",2029,43815.02535912698,42787.03716278232,44750.34873423329
3354,"      Lüchow-Dannenberg, Landkreis",2030,43300.4663243497,41998.88868090798,44454.608830205805
3354,"      Lüchow-Dannenberg, Landkreis",2031,42785.9072895724,41197.42181312868,44313.15467739705
3354,"      Lüchow-Dannenberg, Landkreis",2032,42269.938504014906,40288.47376851658,44107.808647587626
3354,"      Lüchow-Dannenberg, Landkreis",2033,41755.37946923762,39493.66330174946,43951.055790122286
3354,"      Lüchow-Dannenberg, Landkreis",2034,41240.82043446032,38516.982798459845,43668.15969970893
3354,"      Lüchow-Dannenberg, Landkreis",2035,40726.26139968304,37642.61938906462,43719.87019444778
3354,"      Lüchow-Dannenberg, Landkreis",2036,40210.29261412554,36738.94489421976,43523.202363657525
3354,"      Lüchow-Dannenberg, Landkreis",2037,39695.73357934825,35737.13968732416,43487.725211322
3354,"      Lüchow-Dannenberg, Landkreis",2038,39181.17454457096,34678.457146918954,43364.70215517688
3354,"      Lüchow-Dannenberg, Landkreis",2039,38666.61550979367,33804.162111691054,43291.22003564132
3354,"      Lüchow-Dannenberg, Landkreis",2040,38150.646724236176,32853.85715459532,43222.79252669904
3355,"      Lüneburg, Landkreis",2025,177193.3375102173,175346.18985342814,178816.02067421537
3355,"      Lüneburg, Landkreis",2026,175836.6873681641,174037.62735063693,177757.98630600984
3355,"      Lüneburg, Landkreis",2027,174480.03722611096,172349.70878089743,176566.08891737618
3355,"      Lüneburg, Landkreis",2028,173119.67023435354,170381.86098905434,175426.14053073578
3355,"      Lüneburg, Landkreis",2029,171763.02009230037,168468.21766406935,175278.11510493097
3355,"      Lüneburg, Landkreis",2030,170406.3699502472,166185.4055354362,174405.0852666821
3355,"      Lüneburg, Landkreis",2031,169049.71980819403,164033.34522344058,173987.40213214335
3355,"      Lüneburg, Landkreis",2032,167689.3528164366,161000.2419315402,173885.71425145023
3355,"      Lüneburg, Landkreis",2033,166332.70267438347,158306.17538957516,173862.40451833184
3355,"      Lüneburg, Landkreis",2034,164976.0525323303,156272.76222469317,173063.34708108078
3355,"      Lüneburg, Landkreis",2035,163619.40239027713,153723.72321969568,173014.95920827362
3355,"      Lüneburg, Landkreis",2036,162259.0353985197,150741.45563979747,173293.1219050049
3355,"      Lüneburg, Landkreis",2037,160902.38525646654,147880.72370403106,173451.561964069
3355,"      Lüneburg, Landkreis",2038,159545.7351144134,145091.34091189527,173304.15179238984
3355,"      Lüneburg, Landkreis",2039,158189.08497236023,142256.86116673422,173552.51683098017
3355,"      Lüneburg, Landkreis",2040,156828.7179806028,139545.0230092698,173433.13753066573
3356,"      Osterholz, Landkreis",2025,113523.59451708743,113012.91520141286,114035.6562941226
3356,"      Osterholz, Landkreis",2026,113421.56696654722,111702.05818943244,114985.0508122814
3356,"      Osterholz, Landkreis",2027,113319.539416007,110181.32454585088,116439.02499807085
3356,"      Osterholz, Landkreis",2028,113217.23233793104,108266.62675538645,118070.16591886422
3356,"      Osterholz, Landkreis",2029,113115.20478739085,106238.37704587165,119995.34534749956
3356,"      Osterholz, Landkreis",2030,113013.17723685062,103671.53826273144,121760.2662078488
3356,"      Osterholz, Landkreis",2031,112911.1496863104,101484.9664734642,124031.5337283756
3356,"      Osterholz, Landkreis",2032,112808.84260823448,98788.7329197666,126017.08757891862
3356,"      Osterholz, Landkreis",2033,112706.81505769426,95796.14986229104,128294.18784668636
3356,"      Osterholz, Landkreis",2034,112604.78750715403,93277.7557979746,130484.3759240082
3356,"      Osterholz, Landkreis",2035,112502.75995661382,89699.27988954255,133295.60621611576
3356,"      Osterholz, Landkreis",2036,112400.45287853788,86222.6701303266,137313.0672807085
3356,"      Osterholz, Landkreis",2037,112298.42532799768,82760.6204224349,141080.41203484958
3356,"      Osterholz, Landkreis",2038,112196.39777745746,79534.60094487201,143740.65572342378
3356,"      Osterholz, Landkreis",2039,112094.37022691724,75769.4680386778,147326.62112503848
3356,"      Osterholz, Landkreis",2040,111992.0631488413,72300.01931316503,150903.12330336293
3357,"      Rotenburg (Wümme), Landkreis",2025,166606.54869308777,166341.17311749936,166839.1803156779
3357,"      Rotenburg (Wümme), Landkreis",2026,167220.31293990923,166425.80842317233,167905.84967024485
3357,"      Rotenburg (Wümme), Landkreis",2027,167834.07718673072,166325.05415642294,169173.55036580036
3357,"      Rotenburg (Wümme), Landkreis",2028,168449.52297943388,166087.6783283588,170504.76839576435
3357,"      Rotenburg (Wümme), Landkreis",2029,169063.28722625537,165647.66206173602,172087.2051333508
3357,"      Rotenburg (Wümme), Landkreis",2030,169677.05147307683,165086.15302824377,173800.0061461404
3357,"      Rotenburg (Wümme), Landkreis",2031,170290.81571989832,164523.46901556503,175528.40898117263
3357,"      Rotenburg (Wümme), Landkreis",2032,170906.26151260152,163764.3199117922,177515.7329457629
3357,"      Rotenburg (Wümme), Landkreis",2033,171520.02575942298,162877.77034734355,179790.36895443598
3357,"      Rotenburg (Wümme), Landkreis",2034,172133.79000624447,161812.8751605288,181872.09881956023
3357,"      Rotenburg (Wümme), Landkreis",2035,172747.55425306593,160808.82431972778,184105.66366737025
3357,"      Rotenburg (Wümme), Landkreis",2036,173363.00004576912,159466.69911599744,186315.83344539863
3357,"      Rotenburg (Wümme), Landkreis",2037,173976.76429259058,158351.52615714454,188521.09281143936
3357,"      Rotenburg (Wümme), Landkreis",2038,174590.52853941204,157292.72620624854,190671.1226084988
3357,"      Rotenburg (Wümme), Landkreis",2039,175204.2927862335,155803.98518423393,193197.8495507208
3357,"      Rotenburg (Wümme), Landkreis",2040,175819.73857893673,154586.15402568778,195278.2088920462
3358,      Heidekreis,2025,139905.52808758285,139318.5489164114,140519.10790949437
3358,      Heidekreis,2026,138746.59804192508,137272.8167734411,140558.5503144155
3358,      Heidekreis,2027,137587.66799626732,134592.20287768444,140827.80200627874
3358,      Heidekreis,2028,136425.56279979955,131857.4705291049,141499.32486773166
3358,      Heidekreis,2029,135266.63275414178,128333.63684956748,142481.81967089188
3358,      Heidekreis,2030,134107.70270848402,124812.15525220885,143400.41888774442
3358,      Heidekreis,2031,132948.7726628263,120792.41486372885,144497.99511810995
3358,      Heidekreis,2032,131786.6674663585,117019.5650749629,145731.6860802985
3358,      Heidekreis,2033,130627.73742070077,113113.59256315108,147829.40609147225
3358,      Heidekreis,2034,129468.807375043,109065.95211565636,150021.36702506058
3358,      Heidekreis,2035,128309.87732938526,104840.09938089456,151928.81056921772
3358,      Heidekreis,2036,127147.77213291748,100254.15770038772,153578.25174763496
3358,      Heidekreis,2037,125988.8420872597,95213.773395989,155995.02361019573
3358,      Heidekreis,2038,124829.91204160196,91406.5450565467,158210.2848775344
3358,      Heidekreis,2039,123670.9819959442,85901.49725769737,161452.3923571088
3358,      Heidekreis,2040,122508.87679947642,81157.7177381322,164078.4624468857
3359,"      Stade, Landkreis",2025,208509.58865687225,208129.96257534745,208878.8828093972
3359,"      Stade, Landkreis",2026,209133.0516356231,208074.8060741482,210178.46336668747
3359,"      Stade, Landkreis",2027,209756.514614374,207716.7950085571,211735.43076358075
3359,"      Stade, Landkreis",2028,210381.6857108748,207050.113588393,213337.2858217201
3359,"      Stade, Landkreis",2029,211005.14868962564,206229.20552752985,215362.3663197145
3359,"      Stade, Landkreis",2030,211628.61166837648,205539.2633234581,217399.71594841417
3359,"      Stade, Landkreis",2031,212252.07464712733,204190.9329881912,219798.9181796362
3359,"      Stade, Landkreis",2032,212877.24574362813,203126.6407292224,222279.68801495468
3359,"      Stade, Landkreis",2033,213500.70872237903,202046.5745075629,224966.78975574303
3359,"      Stade, Landkreis",2034,214124.1717011299,200568.2484448681,227791.7962755672
3359,"      Stade, Landkreis",2035,214747.63467988072,199035.7991354738,230995.7116468855
3359,"      Stade, Landkreis",2036,215372.8057763816,197097.38901813488,233977.3391009009
3359,"      Stade, Landkreis",2037,215996.26875513245,195611.33377996628,236627.0047713887
3359,"      Stade, Landkreis",2038,216619.7317338833,194165.91780905044,239661.41981288
3359,"      Stade, Landkreis",2039,217243.1947126341,192328.0136110659,242915.6489974925
3359,"      Stade, Landkreis",2040,217868.36580913505,190352.67208779685,246639.80374428307
3360,"      Uelzen, Landkreis",2025,92007.59164923138,91627.99111147386,92409.64463877596
3360,"      Uelzen, Landkreis",2026,92244.8229693827,91010.2409882334,93419.06457061371
3360,"      Uelzen, Landkreis",2027,92482.05428953402,90028.2911129288,94862.61016691584
3360,"      Uelzen, Landkreis",2028,92719.93555850766,88984.50557444982,96592.06407423348
3360,"      Uelzen, Landkreis",2029,92957.16687865896,87652.35124832684,98443.17419575008
3360,"      Uelzen, Landkreis",2030,93194.39819881028,86058.30625511326,100455.38006161644
3360,"      Uelzen, Landkreis",2031,93431.6295189616,84092.12443546674,102676.11810990876
3360,"      Uelzen, Landkreis",2032,93669.51078793526,82018.37116084712,105096.76454953328
3360,"      Uelzen, Landkreis",2033,93906.74210808658,79719.78703810046,107502.50235506611
3360,"      Uelzen, Landkreis",2034,94143.97342823788,77943.93113118905,110189.92379795348
3360,"      Uelzen, Landkreis",2035,94381.2047483892,75900.93688913295,112560.4131169462
3360,"      Uelzen, Landkreis",2036,94619.08601736286,73812.56538289202,115130.69545836117
3360,"      Uelzen, Landkreis",2037,94856.31733751416,71213.0568426153,118059.19861114206
3360,"      Uelzen, Landkreis",2038,95093.54865766548,69034.66384324121,120110.5710554356
3360,"      Uelzen, Landkreis",2039,95330.7799778168,65787.92497039714,122840.44067545912
3360,"      Uelzen, Landkreis",2040,95568.66124679043,63036.04873389843,125923.05697810058
3361,"      Verden, Landkreis",2025,139062.3992550125,138683.27133396128,139530.21591651838
3361,"      Verden, Landkreis",2026,139477.76716384426,138312.52841893543,141011.03370405568
3361,"      Verden, Landkreis",2027,139893.13507267603,137493.4763204359,142846.21207134964
3361,"      Verden, Landkreis",2028,140309.64097577857,136406.09445160616,145060.64718751382
3361,"      Verden, Landkreis",2029,140725.00888461035,135132.32407639117,147360.1867446635
3361,"      Verden, Landkreis",2030,141140.3767934421,133348.95674482052,149908.15344575522
3361,"      Verden, Landkreis",2031,141555.74470227386,131602.53510166917,152495.34267140692
3361,"      Verden, Landkreis",2032,141972.2506053764,129682.46087763646,155242.16866290898
3361,"      Verden, Landkreis",2033,142387.61851420818,127347.519546796,157990.7700096165
3361,"      Verden, Landkreis",2034,142802.9864230399,125185.99536580293,161183.3510012301
3361,"      Verden, Landkreis",2035,143218.35433187167,123051.1707903462,164669.06381256878
3361,"      Verden, Landkreis",2036,143634.8602349742,120639.94548116492,168607.03927004585
3361,"      Verden, Landkreis",2037,144050.228143806,118360.73179548063,172360.04566994193
3361,"      Verden, Landkreis",2038,144465.59605263773,115605.63894159968,176159.38010778764
3361,"      Verden, Landkreis",2039,144880.9639614695,112687.48297280529,179418.95498056122
3361,"      Verden, Landkreis",2040,145297.46986457205,109795.54823987508,183397.4007314132
3401,"      Delmenhorst, kreisfreie Stadt",2025,82967.97473707554,82129.28919533256,83849.18652134482
3401,"      Delmenhorst, kreisfreie Stadt",2026,83971.3346044121,83017.75719043968,84902.28822482679
3401,"      Delmenhorst, kreisfreie Stadt",2027,84974.69447174865,84017.72609336258,86070.48703642459
3401,"      Delmenhorst, kreisfreie Stadt",2028,85980.80327022859,84819.56598484784,87104.56187891662
3401,"      Delmenhorst, kreisfreie Stadt",2029,86984.16313756515,85621.48740006903,88384.52757151745
3401,"      Delmenhorst, kreisfreie Stadt",2030,87987.5230049017,86315.67044919082,89647.03749044814
3401,"      Delmenhorst, kreisfreie Stadt",2031,88990.88287223826,87045.18288102512,90926.24906852524
3401,"      Delmenhorst, kreisfreie Stadt",2032,89996.99167071821,87640.33482855638,92110.45258153348
3401,"      Delmenhorst, kreisfreie Stadt",2033,91000.35153805476,88237.31398590046,93705.44336364653
3401,"      Delmenhorst, kreisfreie Stadt",2034,92003.71140539132,88738.20539529552,95231.01942779412
3401,"      Delmenhorst, kreisfreie Stadt",2035,93007.07127272787,89353.08990653379,96612.03973580936
3401,"      Delmenhorst, kreisfreie Stadt",2036,94013.18007120784,89702.84809659871,98146.90303800628
3401,"      Delmenhorst, kreisfreie Stadt",2037,95016.53993854436,90150.87459983504,99648.32264971794
3401,"      Delmenhorst, kreisfreie Stadt",2038,96019.89980588094,90846.75099011612,101326.17436710314
3401,"      Delmenhorst, kreisfreie Stadt",2039,97023.2596732175,91231.47805512793,102698.3471000586
3401,"      Delmenhorst, kreisfreie Stadt",2040,98029.36847169744,91700.53320042584,104455.1435972726
3402,"      Emden, kreisfreie Stadt",2025,49246.77685348156,49103.61712178468,49395.12966504041
3402,"      Emden, kreisfreie Stadt",2026,49142.79481800118,48950.72019962839,49317.82789815598
3402,"      Emden, kreisfreie Stadt",2027,49038.81278252081,48792.113012518486,49289.78343362165
3402,"      Emden, kreisfreie Stadt",2028,48934.545864751446,48585.55885029944,49275.483164800295
3402,"      Emden, kreisfreie Stadt",2029,48830.56382927107,48377.68058508476,49268.12703471277
3402,"      Emden, kreisfreie Stadt",2030,48726.5817937907,48140.31825371988,49295.99557061381
3402,"      Emden, kreisfreie Stadt",2031,48622.59975831032,47867.30112891222,49353.61343051594
3402,"      Emden, kreisfreie Stadt",2032,48518.33284054096,47618.49507000274,49439.35139379296
3402,"      Emden, kreisfreie Stadt",2033,48414.3508050606,47326.938676766535,49529.92371346888
3402,"      Emden, kreisfreie Stadt",2034,48310.36876958022,47042.57318065704,49590.71345456904
3402,"      Emden, kreisfreie Stadt",2035,48206.38673409985,46712.80822156385,49683.1974759412
3402,"      Emden, kreisfreie Stadt",2036,48102.11981633049,46355.25189499639,49736.44440529793
3402,"      Emden, kreisfreie Stadt",2037,47998.13778085011,46043.7350298536,49853.04552016242
3402,"      Emden, kreisfreie Stadt",2038,47894.15574536974,45738.71214857416,49973.50948536336
3402,"      Emden, kreisfreie Stadt",2039,47790.173709889365,45388.71403520656,50107.894413056216
3402,"      Emden, kreisfreie Stadt",2040,47685.90679212,45094.390588025446,50301.55736730519
3403,"      Oldenburg (Oldenburg), kreisfreie Stadt",2025,178021.74667339903,177247.37902456985,178839.04064025503
3403,"      Oldenburg (Oldenburg), kreisfreie Stadt",2026,179160.5838666804,176780.18875487908,181654.88317697332
3403,"      Oldenburg (Oldenburg), kreisfreie Stadt",2027,180299.4210599617,175552.17429918985,185255.2310249952
3403,"      Oldenburg (Oldenburg), kreisfreie Stadt",2028,181441.3783551425,173815.23269159775,189082.985239124
3403,"      Oldenburg (Oldenburg), kreisfreie Stadt",2029,182580.21554842385,171973.89752196718,193072.14050279703
3403,"      Oldenburg (Oldenburg), kreisfreie Stadt",2030,183719.0527417052,169809.25338572153,197487.55233456
3403,"      Oldenburg (Oldenburg), kreisfreie Stadt",2031,184857.8899349866,167313.20500453442,202200.42315058547
3403,"      Oldenburg (Oldenburg), kreisfreie Stadt",2032,185999.84723016736,164411.54805885296,207969.7770487603
3403,"      Oldenburg (Oldenburg), kreisfreie Stadt",2033,187138.68442344863,161512.9839410644,213529.99019492947
3403,"      Oldenburg (Oldenburg), kreisfreie Stadt",2034,188277.52161673005,158399.25194038483,219650.82872206435
3403,"      Oldenburg (Oldenburg), kreisfreie Stadt",2035,189416.3588100114,153939.16499004117,224724.4859400539
3403,"      Oldenburg (Oldenburg), kreisfreie Stadt",2036,190558.3161051921,149747.8806440387,232211.38487217668
3403,"      Oldenburg (Oldenburg), kreisfreie Stadt",2037,191697.1532984735,145906.68267729762,239039.9467975478
3403,"      Oldenburg (Oldenburg), kreisfreie Stadt",2038,192835.99049175487,141237.6244388373,245581.19524550825
3403,"      Oldenburg (Oldenburg), kreisfreie Stadt",2039,193974.82768503623,136522.80578018332,252553.3642598604
3403,"      Oldenburg (Oldenburg), kreisfreie Stadt",2040,195116.78498021697,130571.7647152401,260522.57895389944
3404,"      Osnabrück, kreisfreie Stadt",2025,166147.38496253136,165552.14109429115,166696.77443625996
3404,"      Osnabrück, kreisfreie Stadt",2026,166306.93212652393,164357.94885998694,167987.44241285778
3404,"      Osnabrück, kreisfreie Stadt",2027,166466.47929051646,162732.39631063383,169651.73162409564
3404,"      Osnabrück, kreisfreie Stadt",2028,166626.4635700268,160863.62402392022,171565.98104937634
3404,"      Osnabrück, kreisfreie Stadt",2029,166786.0107340194,158768.14747045853,173798.70999163733
3404,"      Osnabrück, kreisfreie Stadt",2030,166945.55789801196,156353.24407740784,176366.66923166695
3404,"      Osnabrück, kreisfreie Stadt",2031,167105.1050620045,154282.95382303803,179204.6310216257
3404,"      Osnabrück, kreisfreie Stadt",2032,167265.08934151483,151331.82865383674,182545.54646172447
3404,"      Osnabrück, kreisfreie Stadt",2033,167424.6365055074,148310.26794893885,185342.96551687847
3404,"      Osnabrück, kreisfreie Stadt",2034,167584.1836695,144748.521467445,189005.60697659323
3404,"      Osnabrück, kreisfreie Stadt",2035,167743.73083349253,141264.143582323,192330.14500139927
3404,"      Osnabrück, kreisfreie Stadt",2036,167903.7151130029,138184.99228831963,196077.741355796
3404,"      Osnabrück, kreisfreie Stadt",2037,168063.26227699543,134605.2371055228,199717.23809810897
3404,"      Osnabrück, kreisfreie Stadt",2038,168222.80944098797,131295.935737454,203491.44102649463
3404,"      Osnabrück, kreisfreie Stadt",2039,168382.35660498057,127772.13617461234,207694.32021306967
3404,"      Osnabrück, kreisfreie Stadt",2040,168542.3408844909,124172.49441431608,211634.9948049118
3405,"      Wilhelmshaven, kreisfreie Stadt",2025,75772.83974238278,75406.67359569874,76147.96991988269
3405,"      Wilhelmshaven, kreisfreie Stadt",2026,75725.8030043105,74468.66488445194,76883.01232596936
3405,"      Wilhelmshaven, kreisfreie Stadt",2027,75678.7662662382,73361.15114378356,77891.97761640955
3405,"      Wilhelmshaven, kreisfreie Stadt",2028,75631.60066039038,72084.8964096298,79015.4827643444
3405,"      Wilhelmshaven, kreisfreie Stadt",2029,75584.56392231809,70590.83010558573,80592.8262948279
3405,"      Wilhelmshaven, kreisfreie Stadt",2030,75537.5271842458,69176.54379876747,82300.21685026657
3405,"      Wilhelmshaven, kreisfreie Stadt",2031,75490.49044617353,67277.7110866161,84080.89705395108
3405,"      Wilhelmshaven, kreisfreie Stadt",2032,75443.32484032569,65053.08273159775,85957.99116020328
3405,"      Wilhelmshaven, kreisfreie Stadt",2033,75396.2881022534,63021.64098244054,88235.77688237284
3405,"      Wilhelmshaven, kreisfreie Stadt",2034,75349.25136418112,60797.58011880333,90497.38606094576
3405,"      Wilhelmshaven, kreisfreie Stadt",2035,75302.21462610883,58612.907539353335,92743.6145111968
3405,"      Wilhelmshaven, kreisfreie Stadt",2036,75255.04902026101,56109.19426602507,95534.62826995872
3405,"      Wilhelmshaven, kreisfreie Stadt",2037,75208.01228218872,53550.70903744523,98808.4410964938
3405,"      Wilhelmshaven, kreisfreie Stadt",2038,75160.97554411643,50959.02302099263,101876.29746751572
3405,"      Wilhelmshaven, kreisfreie Stadt",2039,75113.93880604416,48065.25366473637,104431.0962566269
3405,"      Wilhelmshaven, kreisfreie Stadt",2040,75066.77320019632,44966.60609188176,107551.841133982
3451,"      Ammerland, Landkreis",2025,128493.42642944808,128291.95092302992,128719.1234934454
3451,"      Ammerland, Landkreis",2026,129165.7731686477,128513.09822863234,129852.90512715637
3451,"      Ammerland, Landkreis",2027,129838.11990784734,128561.0651410189,131214.9631678061
3451,"      Ammerland, Landkreis",2028,130512.30869290778,128376.21660913993,132720.62090480738
3451,"      Ammerland, Landkreis",2029,131184.6554321074,128079.6736069594,134199.14019378822
3451,"      Ammerland, Landkreis",2030,131857.00217130702,127820.77495095137,135789.5362432667
3451,"      Ammerland, Landkreis",2031,132529.34891050664,127386.73439382616,137547.33339409027
3451,"      Ammerland, Landkreis",2032,133203.5376955671,126894.5837505384,139504.9687371993
3451,"      Ammerland, Landkreis",2033,133875.8844347667,126406.56507414675,141312.3092344791
3451,"      Ammerland, Landkreis",2034,134548.2311739663,125843.90992452284,143334.0537585337
3451,"      Ammerland, Landkreis",2035,135220.57791316594,125091.48588025104,145171.43349179442
3451,"      Ammerland, Landkreis",2036,135894.7666982264,124377.2490196269,147133.56316046976
3451,"      Ammerland, Landkreis",2037,136567.113437426,123902.75145476496,149087.8259759296
3451,"      Ammerland, Landkreis",2038,137239.4601766256,123252.74569585196,151135.50681877282
3451,"      Ammerland, Landkreis",2039,137911.80691582523,122242.28167996633,152973.87014934493
3451,"      Ammerland, Landkreis",2040,138585.9957008857,120801.9186985864,154471.8829529918
3452,"      Aurich, Landkreis",2025,189120.9051363553,188559.9922061584,189718.85714353155
3452,"      Aurich, Landkreis",2026,189315.5206890578,187384.522581406,191106.69206355227
3452,"      Aurich, Landkreis",2027,189510.13624176025,185770.1654153909,193022.31019653173
3452,"      Aurich, Landkreis",2028,189705.28498775783,183379.08220710483,195168.2057471148
3452,"      Aurich, Landkreis",2029,189899.90054046028,181317.43730804164,197506.89329228527
3452,"      Aurich, Landkreis",2030,190094.5160931628,178924.83803322527,200526.33380632976
3452,"      Aurich, Landkreis",2031,190289.13164586524,176240.4002149894,203628.703006724
3452,"      Aurich, Landkreis",2032,190484.2803918628,172781.74257847384,206413.97211498447
3452,"      Aurich, Landkreis",2033,190678.89594456527,169254.91995219444,209750.1950828297
3452,"      Aurich, Landkreis",2034,190873.51149726773,166525.40135585738,213404.2852992216
3452,"      Aurich, Landkreis",2035,191068.1270499702,163301.43953811075,217379.05908730987
3452,"      Aurich, Landkreis",2036,191263.27579596773,160368.17067544942,221057.39972337376
3452,"      Aurich, Landkreis",2037,191457.89134867024,156356.73046301343,225319.9806314656
3452,"      Aurich, Landkreis",2038,191652.50690137275,152179.09120316265,229643.08867571145
3452,"      Aurich, Landkreis",2039,191847.1224540752,147289.48942453755,233724.682321608
3452,"      Aurich, Landkreis",2040,192042.27120007275,143050.1268870169,238993.72906121355
3453,"      Cloppenburg, Landkreis",2025,177856.97993971524,177501.030749656,178210.66575277943
3453,"      Cloppenburg, Landkreis",2026,178600.63405433888,177509.41530552815,179678.33485188638
3453,"      Cloppenburg, Landkreis",2027,179344.28816896252,177057.6963249506,181373.4723788293
3453,"      Cloppenburg, Landkreis",2028,180089.9796921194,176575.7611610847,183538.1365673768
3453,"      Cloppenburg, Landkreis",2029,180833.63380674305,175991.74543213265,185543.1000681664
3453,"      Cloppenburg, Landkreis",2030,181577.2879213667,175069.03355912952,187876.206364742
3453,"      Cloppenburg, Landkreis",2031,182320.9420359904,173889.2486136097,190321.923397087
3453,"      Cloppenburg, Landkreis",2032,183066.6335591472,172789.9962425633,192882.91970367392
3453,"      Cloppenburg, Landkreis",2033,183810.2876737709,171296.89358461954,195570.8688743778
3453,"      Cloppenburg, Landkreis",2034,184553.9417883945,170310.04446810656,198513.4958048145
3453,"      Cloppenburg, Landkreis",2035,185297.5959030181,169215.20100335215,201704.13841709483
3453,"      Cloppenburg, Landkreis",2036,186043.28742617503,167812.27652324998,204590.3904472628
3453,"      Cloppenburg, Landkreis",2037,186786.94154079867,166046.26907383642,207854.95981274213
3453,"      Cloppenburg, Landkreis",2038,187530.5956554223,164342.83006258964,211400.5861798136
3453,"      Cloppenburg, Landkreis",2039,188274.249770046,162809.03329189727,214917.4320267557
3453,"      Cloppenburg, Landkreis",2040,189019.94129320284,159994.2900228932,218599.6160730564
3454,"      Emsland, Landkreis",2025,336200.81782145886,335759.1059976383,336677.8031798677
3454,"      Emsland, Landkreis",2026,337542.2057959042,336632.9639821574,338508.7272199826
3454,"      Emsland, Landkreis",2027,338883.5937703495,337214.5875810171,340675.4154115822
3454,"      Emsland, Landkreis",2028,340228.6567803413,337607.560909536,342943.34712854907
3454,"      Emsland, Landkreis",2029,341570.0447547866,337671.5163639804,345470.2574506971
3454,"      Emsland, Landkreis",2030,342911.432729232,337620.05582314363,348013.99378180737
3454,"      Emsland, Landkreis",2031,344252.8207036773,337663.49652036844,350709.02938053553
3454,"      Emsland, Landkreis",2032,345597.883713669,337626.6182538056,353564.4103266381
3454,"      Emsland, Landkreis",2033,346939.2716881144,337362.8398498728,356280.5237786684
3454,"      Emsland, Landkreis",2034,348280.6596625597,336918.95671564987,359185.6746011905
3454,"      Emsland, Landkreis",2035,349622.04763700505,336313.7434744134,362581.12023126247
3454,"      Emsland, Landkreis",2036,350967.1106469968,335492.088087204,366176.9866796709
3454,"      Emsland, Landkreis",2037,352308.4986214421,334845.01362108847,369819.0957945552
3454,"      Emsland, Landkreis",2038,353649.8865958874,334149.9354073736,373039.1139769119
3454,"      Emsland, Landkreis",2039,354991.2745703328,332948.4429217348,376887.0322321694
3454,"      Emsland, Landkreis",2040,356336.3375803245,332347.606362274,380097.3879800296
3455,"      Friesland, Landkreis",2025,100655.05531095192,100348.64069522392,100987.65111336364
3455,"      Friesland, Landkreis",2026,100824.1305748744,99868.8547731274,101813.88147030164
3455,"      Friesland, Landkreis",2027,100993.20583879689,99164.22480954712,102906.1478661464
3455,"      Friesland, Landkreis",2028,101162.74432262054,98227.18821581666,104189.24234217638
3455,"      Friesland, Landkreis",2029,101331.81958654302,97222.87903667826,105624.42668788202
3455,"      Friesland, Landkreis",2030,101500.89485046548,96165.46540724422,107161.18253151487
3455,"      Friesland, Landkreis",2031,101669.97011438796,94739.0528110078,109102.19999652568
3455,"      Friesland, Landkreis",2032,101839.5085982116,93322.0778312324,111056.2820450055
3455,"      Friesland, Landkreis",2033,102008.5838621341,91747.09053660274,113117.41225332748
3455,"      Friesland, Landkreis",2034,102177.65912605656,90235.2739481476,115108.38218200902
3455,"      Friesland, Landkreis",2035,102346.73438997904,88461.17914312512,117083.28614328476
3455,"      Friesland, Landkreis",2036,102516.27287380268,86786.23604847552,119384.37151661012
3455,"      Friesland, Landkreis",2037,102685.34813772516,84633.95313693762,121567.00059956918
3455,"      Friesland, Landkreis",2038,102854.42340164764,82598.37862765254,123829.57505660052
3455,"      Friesland, Landkreis",2039,103023.4986655701,79962.00943761684,126537.60922161148
3455,"      Friesland, Landkreis",2040,103193.03714939376,77680.75887293273,129307.44893068372
3456,"      Grafschaft Bentheim, Landkreis",2025,145154.19636541978,144286.08786625043,145935.48352152942
3456,"      Grafschaft Bentheim, Landkreis",2026,145694.14257973034,142921.8126573954,148090.3974907897
3456,"      Grafschaft Bentheim, Landkreis",2027,146234.08879404096,140513.57039238545,151152.00398485665
3456,"      Grafschaft Bentheim, Landkreis",2028,146775.51431304825,137928.9582460764,154176.15215655637
3456,"      Grafschaft Bentheim, Landkreis",2029,147315.46052735884,134513.18328222417,157941.37623368957
3456,"      Grafschaft Bentheim, Landkreis",2030,147855.40674166943,131098.94998251283,162123.25289492027
3456,"      Grafschaft Bentheim, Landkreis",2031,148395.35295598,127126.2645329978,167111.4954974273
3456,"      Grafschaft Bentheim, Landkreis",2032,148936.77847498734,122722.37276135018,172735.11775017658
3456,"      Grafschaft Bentheim, Landkreis",2033,149476.7246892979,118305.87067899496,177786.2302373001
3456,"      Grafschaft Bentheim, Landkreis",2034,150016.6709036085,112382.21554134355,183948.47741187847
3456,"      Grafschaft Bentheim, Landkreis",2035,150556.6171179191,107386.42226730428,189525.1929619279
3456,"      Grafschaft Bentheim, Landkreis",2036,151098.0426369264,101339.96435827768,196252.25815245503
3456,"      Grafschaft Bentheim, Landkreis",2037,151637.988851237,96458.95017194453,203101.1819426297
3456,"      Grafschaft Bentheim, Landkreis",2038,152177.9350655476,90412.69536944748,210899.6290985333
3456,"      Grafschaft Bentheim, Landkreis",2039,152717.88127985815,84889.42254784814,217609.37558229192
3456,"      Grafschaft Bentheim, Landkreis",2040,153259.3067988655,78589.16872303822,225262.7065334468
3457,"      Leer, Landkreis",2025,168911.57201420292,168206.13625134865,169603.11312131002
3457,"      Leer, Landkreis",2026,168766.39226010113,166427.61867314394,171049.59687807626
3457,"      Leer, Landkreis",2027,168621.2125059993,163886.9133455839,172886.89224220932
3457,"      Leer, Landkreis",2028,168475.63499914654,160836.4058742819,175575.6756604552
3457,"      Leer, Landkreis",2029,168330.45524504475,157422.13180652418,178535.83616658265
3457,"      Leer, Landkreis",2030,168185.2754909429,153364.6801313137,181985.55305197704
3457,"      Leer, Landkreis",2031,168040.09573684112,148281.21033992484,185338.75933524905
3457,"      Leer, Landkreis",2032,167894.51822998837,143307.21044923447,189278.32545678623
3457,"      Leer, Landkreis",2033,167749.33847588656,139445.53109076992,193075.90476527
3457,"      Leer, Landkreis",2034,167604.15872178474,134478.2074043775,197227.5864724593
3457,"      Leer, Landkreis",2035,167458.97896768292,129821.23712024777,202153.66314300132
3457,"      Leer, Landkreis",2036,167313.40146083018,124622.86044127734,206882.1130636237
3457,"      Leer, Landkreis",2037,167168.22170672836,119245.55495869552,212282.3289786366
3457,"      Leer, Landkreis",2038,167023.04195262655,113148.11293870676,217495.858429016
3457,"      Leer, Landkreis",2039,166877.86219852473,107695.7686218746,222862.8063359416
3457,"      Leer, Landkreis",2040,166732.284691672,102240.57274132584,229287.3695427553
3458,"      Oldenburg, Landkreis",2025,132485.85488984198,132151.08526148731,132863.06147448617
3458,"      Oldenburg, Landkreis",2026,132857.72594123273,131834.76329822038,134055.61613797024
3458,"      Oldenburg, Landkreis",2027,133229.59699262347,131244.4632875341,135434.79978394715
3458,"      Oldenburg, Landkreis",2028,133602.48686881256,130408.00256506453,137040.3813364787
3458,"      Oldenburg, Landkreis",2029,133974.3579202033,129279.12504571292,138735.50254840436
3458,"      Oldenburg, Landkreis",2030,134346.22897159404,128030.71024452608,140622.26705248668
3458,"      Oldenburg, Landkreis",2031,134718.1000229848,126355.76498890844,142559.51728536282
3458,"      Oldenburg, Landkreis",2032,135090.98989917384,125170.49341589554,145133.37882450304
3458,"      Oldenburg, Landkreis",2033,135462.8609505646,123267.737781644,147683.91433916177
3458,"      Oldenburg, Landkreis",2034,135834.73200195536,121675.878163696,150087.2006193694
3458,"      Oldenburg, Landkreis",2035,136206.6030533461,120221.3091115046,152058.81910782505
3458,"      Oldenburg, Landkreis",2036,136579.49292953516,118495.77746978067,154377.79507151604
3458,"      Oldenburg, Landkreis",2037,136951.36398092593,116710.78257104493,156894.32431686908
3458,"      Oldenburg, Landkreis",2038,137323.23503231668,114260.60548062123,158936.56249001555
3458,"      Oldenburg, Landkreis",2039,137695.10608370742,112271.68690063791,161135.97959344776
3458,"      Oldenburg, Landkreis",2040,138067.9959598965,109775.31791416738,163627.4546766322
3459,"      Osnabrück, Landkreis",2025,354406.58400233,352656.0939955277,355877.90385379805
3459,"      Osnabrück, Landkreis",2026,353758.05568459525,348293.6464083212,358408.25605113234
3459,"      Osnabrück, Landkreis",2027,353109.52736686054,342500.9335379381,362664.43514591287
3459,"      Osnabrück, Landkreis",2028,352459.22225921415,334865.6308140577,367895.222650635
3459,"      Osnabrück, Landkreis",2029,351810.69394147943,328039.7650446004,373732.40962980577
3459,"      Osnabrück, Landkreis",2030,351162.16562374466,319278.55837314,380489.3926183186
3459,"      Osnabrück, Landkreis",2031,350513.63730600994,308843.76230880275,388516.34759110026
3459,"      Osnabrück, Landkreis",2032,349863.3321983636,297972.0406933996,396187.2558893077
3459,"      Osnabrück, Landkreis",2033,349214.8038806289,287104.7901894287,405805.75799509085
3459,"      Osnabrück, Landkreis",2034,348566.2755628941,273893.8186991473,416489.8746668879
3459,"      Osnabrück, Landkreis",2035,347917.7472451593,262416.132569468,426356.5376687643
3459,"      Osnabrück, Landkreis",2036,347267.442137513,250304.7885139176,438259.7941891776
3459,"      Osnabrück, Landkreis",2037,346618.9138197783,236083.0005596571,450662.54344098177
3459,"      Osnabrück, Landkreis",2038,345970.3855020436,223679.3261696008,463030.5542661667
3459,"      Osnabrück, Landkreis",2039,345321.8571843088,208101.17897725332,473224.182371059
3459,"      Osnabrück, Landkreis",2040,344671.5520766624,193653.5876132696,484417.11906418216
3460,"      Vechta, Landkreis",2025,147161.03851713965,146943.55508174468,147389.7018159114
3460,"      Vechta, Landkreis",2026,147659.2684150594,147062.5215097072,148240.10971181843
3460,"      Vechta, Landkreis",2027,148157.49831297918,147067.36867842742,149279.8286106162
3460,"      Vechta, Landkreis",2028,148657.0932243179,146915.21849398714,150458.01136484073
3460,"      Vechta, Landkreis",2029,149155.32312223772,146671.6867722381,151674.71439166245
3460,"      Vechta, Landkreis",2030,149653.5530201575,146283.92279399798,152937.9315193533
3460,"      Vechta, Landkreis",2031,150151.78291807725,145894.16385599328,154256.5086529719
3460,"      Vechta, Landkreis",2032,150651.377829416,145616.61433627785,155737.4937137819
3460,"      Vechta, Landkreis",2033,151149.60772733577,145136.8411933918,157350.040234785
3460,"      Vechta, Landkreis",2034,151647.83762525558,144292.04661119537,158985.99319353886
3460,"      Vechta, Landkreis",2035,152146.06752317536,143517.497296848,160745.0959248219
3460,"      Vechta, Landkreis",2036,152645.6624345141,142957.33741526195,162488.41454900007
3460,"      Vechta, Landkreis",2037,153143.89233243387,142103.04367678266,164526.69740957668
3460,"      Vechta, Landkreis",2038,153642.12223035365,141174.12652831752,166119.06868174116
3460,"      Vechta, Landkreis",2039,154140.35212827343,140507.39662299567,168331.97184853183
3460,"      Vechta, Landkreis",2040,154639.94703961216,139635.11820625016,170261.13799814472
3461,"      Wesermarsch, Landkreis",2025,88961.82291608484,88712.38610973678,89190.28318893605
3461,"      Wesermarsch, Landkreis",2026,88883.45249079054,88201.52636208644,89588.02151176626
3461,"      Wesermarsch, Landkreis",2027,88805.08206549624,87434.60004126884,90180.4198393109
3461,"      Wesermarsch, Landkreis",2028,88726.496926708,86584.45610911313,90881.90064992964
3461,"      Wesermarsch, Landkreis",2029,88648.1265014137,85681.92379305015,91584.78426022122
3461,"      Wesermarsch, Landkreis",2030,88569.75607611942,84696.75587523037,92495.8441155916
3461,"      Wesermarsch, Landkreis",2031,88491.38565082513,83509.16596956828,93696.06142800946
3461,"      Wesermarsch, Landkreis",2032,88412.80051203688,82164.87533790218,94639.11442616378
3461,"      Wesermarsch, Landkreis",2033,88334.43008674259,80704.00451337428,95686.4784185568
3461,"      Wesermarsch, Landkreis",2034,88256.05966144831,79048.86349589261,97041.28817864953
3461,"      Wesermarsch, Landkreis",2035,88177.68923615401,77425.04515319098,98374.37944447772
3461,"      Wesermarsch, Landkreis",2036,88099.10409736577,75595.77561696044,99718.66633022904
3461,"      Wesermarsch, Landkreis",2037,88020.73367207147,74158.79082595688,101029.80535240789
3461,"      Wesermarsch, Landkreis",2038,87942.36324677718,72482.75026103033,102303.44127406237
3461,"      Wesermarsch, Landkreis",2039,87863.99282148288,70460.665162345,103743.99881398068
3461,"      Wesermarsch, Landkreis",2040,87785.40768269464,68197.78059370782,105346.38025757548
3462,"      Wittmund, Landkreis",2025,55382.06730119159,54975.33582525615,55763.901183007314
3462,"      Wittmund, Landkreis",2026,54996.38180793383,54566.140162298885,55429.17018472018
3462,"      Wittmund, Landkreis",2027,54610.69631467607,54101.12433610258,55055.21480797177
3462,"      Wittmund, Landkreis",2028,54223.95414883405,53580.754163543024,54850.511964306
3462,"      Wittmund, Landkreis",2029,53838.268655576285,52955.749344535005,54616.95422894027
3462,"      Wittmund, Landkreis",2030,53452.58316231853,52352.59930828306,54424.12957619431
3462,"      Wittmund, Landkreis",2031,53066.89766906077,51700.150710606125,54399.11386147678
3462,"      Wittmund, Landkreis",2032,52680.15550321874,50972.62575457972,54225.707959961415
3462,"      Wittmund, Landkreis",2033,52294.47000996098,50266.06839425011,54234.138572317264
3462,"      Wittmund, Landkreis",2034,51908.78451670322,49568.88284391519,54205.91723031124
3462,"      Wittmund, Landkreis",2035,51523.099023445466,48734.73354705373,54031.59519014057
3462,"      Wittmund, Landkreis",2036,51136.35685760344,47860.86403068107,54089.71665889344
3462,"      Wittmund, Landkreis",2037,50750.67136434568,47106.202921344135,54057.13266926647
3462,"      Wittmund, Landkreis",2038,50364.98587108792,46269.43717359346,54024.76136437197
3462,"      Wittmund, Landkreis",2039,49979.300377830165,45436.48742728748,54097.30138652253
3462,"      Wittmund, Landkreis",2040,49592.55821198814,44531.24387077022,54034.51044345513
4011,"      Bremen, kreisfreie Stadt",2025,592263.3723438593,588454.3185163547,595612.3145570058
4011,"      Bremen, kreisfreie Stadt",2026,597193.6702000486,585691.3082664266,608068.9111881682
4011,"      Bremen, kreisfreie Stadt",2027,602123.9680562379,579959.7109217447,623122.228074949
4011,"      Bremen, kreisfreie Stadt",2028,607067.7735777867,571785.3702025762,638617.3217795477
4011,"      Bremen, kreisfreie Stadt",2029,611998.0714339761,563154.3762897261,656927.84903886
4011,"      Bremen, kreisfreie Stadt",2030,616928.3692901654,552268.5420645465,677131.0651449766
4011,"      Bremen, kreisfreie Stadt",2031,621858.6671463547,540899.3650379109,700987.6544165511
4011,"      Bremen, kreisfreie Stadt",2032,626802.4726679034,529124.3782811878,723510.3937336704
4011,"      Bremen, kreisfreie Stadt",2033,631732.7705240927,514344.0485810381,745279.1135581677
4011,"      Bremen, kreisfreie Stadt",2034,636663.068380282,496481.54929630656,772941.4737585445
4011,"      Bremen, kreisfreie Stadt",2035,641593.3662364713,481655.1113243715,799141.938052713
4011,"      Bremen, kreisfreie Stadt",2036,646537.1717580201,457357.4906067009,829292.9167569584
4011,"      Bremen, kreisfreie Stadt",2037,651467.4696142094,435442.1664563328,857041.1054345098
4011,"      Bremen, kreisfreie Stadt",2038,656397.7674703987,416591.4367390669,880358.1343151398
4011,"      Bremen, kreisfreie Stadt",2039,661328.065326588,394113.8193977348,913127.5019235353
4011,"      Bremen, kreisfreie Stadt",2040,666271.8708481367,373939.8268338626,939174.9023774707
4012,"      Bremerhaven, kreisfreie Stadt",2025,120541.05208436976,119230.31054738667,121897.35243961464
4012,"      Bremerhaven, kreisfreie Stadt",2026,121882.68917483748,120472.70108746843,123186.30198965124
4012,"      Bremerhaven, kreisfreie Stadt",2027,123224.32626530518,121599.17603642656,124764.08980072636
4012,"      Bremerhaven, kreisfreie Stadt",2028,124569.63907382896,122794.34725043134,126296.84976385043
4012,"      Bremerhaven, kreisfreie Stadt",2029,125911.27616429664,123680.7022509662,127923.87396044006
4012,"      Bremerhaven, kreisfreie Stadt",2030,127252.91325476434,124571.38531482773,129816.12779058238
4012,"      Bremerhaven, kreisfreie Stadt",2031,128594.55034523204,125387.49572196422,131680.35756134315
4012,"      Bremerhaven, kreisfreie Stadt",2032,129939.8631537558,125887.62146460492,133822.53759814735
4012,"      Bremerhaven, kreisfreie Stadt",2033,131281.5002442235,126739.64538748383,135616.50350014548
4012,"      Bremerhaven, kreisfreie Stadt",2034,132623.13733469122,127201.83989803628,137709.6345755493
4012,"      Bremerhaven, kreisfreie Stadt",2035,133964.77442515895,127788.68138971842,139718.89525037236
4012,"      Bremerhaven, kreisfreie Stadt",2036,135310.08723368272,128539.90413564187,142070.1002149656
4012,"      Bremerhaven, kreisfreie Stadt",2037,136651.72432415042,128908.57619121592,144224.40113376244
4012,"      Bremerhaven, kreisfreie Stadt",2038,137993.36141461812,129260.66924692216,146668.92135396754
4012,"      Bremerhaven, kreisfreie Stadt",2039,139334.9985050858,129602.34514868836,148869.15587596968
4012,"      Bremerhaven, kreisfreie Stadt",2040,140680.3113136096,130013.67204782982,151343.37836477853
5111,"      Düsseldorf, kreisfreie Stadt",2025,620749.7316786918,618656.096313212,622779.8922677516
5111,"      Düsseldorf, kreisfreie Stadt",2026,622888.4975258042,616366.5674352052,629048.5554754623
5111,"      Düsseldorf, kreisfreie Stadt",2027,625027.2633729166,612327.8777881777,637147.5269372821
5111,"      Düsseldorf, kreisfreie Stadt",2028,627171.8888524867,606373.2786059224,647724.4284799731
5111,"      Düsseldorf, kreisfreie Stadt",2029,629310.6546995991,600341.2698055592,658417.7689406724
5111,"      Düsseldorf, kreisfreie Stadt",2030,631449.4205467114,594772.5453239954,669809.4735808196
5111,"      Düsseldorf, kreisfreie Stadt",2031,633588.1863938238,587310.78427374,683275.0953069341
5111,"      Düsseldorf, kreisfreie Stadt",2032,635732.811873394,577862.7377557019,696059.8960742909
5111,"      Düsseldorf, kreisfreie Stadt",2033,637871.5777205063,566696.0015663033,710214.9261202465
5111,"      Düsseldorf, kreisfreie Stadt",2034,640010.3435676188,554114.3366493164,725437.4236888273
5111,"      Düsseldorf, kreisfreie Stadt",2035,642149.109414731,543774.9829794937,741497.4728381995
5111,"      Düsseldorf, kreisfreie Stadt",2036,644293.7348943013,532386.3713295509,757744.7094873168
5111,"      Düsseldorf, kreisfreie Stadt",2037,646432.5007414136,520863.9902162701,775500.7088281562
5111,"      Düsseldorf, kreisfreie Stadt",2038,648571.266588526,511059.1021647511,792661.9959774446
5111,"      Düsseldorf, kreisfreie Stadt",2039,650710.0324356384,496180.7340174911,808260.5295574627
5111,"      Düsseldorf, kreisfreie Stadt",2040,652854.6579152085,482124.8732558066,823870.6398156995
5112,"      Duisburg, kreisfreie Stadt",2025,503060.693537665,500189.5291170427,505897.18504441576
5112,"      Duisburg, kreisfreie Stadt",2026,503415.60396174,494495.12969131017,512046.80583809805
5112,"      Duisburg, kreisfreie Stadt",2027,503770.514385815,485975.7005769713,520632.5161553168
5112,"      Duisburg, kreisfreie Stadt",2028,504126.3971672163,476695.4641556786,531730.2442434507
5112,"      Duisburg, kreisfreie Stadt",2029,504481.3075912913,464917.4719908089,544139.547583398
5112,"      Duisburg, kreisfreie Stadt",2030,504836.2180153664,448465.9212658139,558136.1434405686
5112,"      Duisburg, kreisfreie Stadt",2031,505191.1284394414,435203.7951603875,573912.2450752456
5112,"      Duisburg, kreisfreie Stadt",2032,505547.01122084266,420468.2880833882,587612.5954254667
5112,"      Duisburg, kreisfreie Stadt",2033,505901.9216449177,401705.3753931137,606243.3643948379
5112,"      Duisburg, kreisfreie Stadt",2034,506256.8320689927,385133.7710490393,624615.6349223038
5112,"      Duisburg, kreisfreie Stadt",2035,506611.74249306775,363869.3214254852,644406.9994901582
5112,"      Duisburg, kreisfreie Stadt",2036,506967.625274469,339766.13093852845,665347.106077874
5112,"      Duisburg, kreisfreie Stadt",2037,507322.53569854406,318099.65917065064,686717.4360754341
5112,"      Duisburg, kreisfreie Stadt",2038,507677.4461226191,297346.70351550065,709285.1302844076
5112,"      Duisburg, kreisfreie Stadt",2039,508032.3565466941,275467.34228560986,734667.2537994066
5112,"      Duisburg, kreisfreie Stadt",2040,508388.2393280954,259918.60512752383,759546.5687085122
5113,"      Essen, kreisfreie Stadt",2025,576091.5345949398,574605.2383785403,577779.0906551179
5113,"      Essen, kreisfreie Stadt",2026,577300.0121889831,572955.5627843972,582425.0320854299
5113,"      Essen, kreisfreie Stadt",2027,578508.4897830265,569850.5971269452,588037.1027604695
5113,"      Essen, kreisfreie Stadt",2028,579720.2782745878,566275.3649735433,594336.1524184379
5113,"      Essen, kreisfreie Stadt",2029,580928.7558686312,562272.7287737906,602564.6315270201
5113,"      Essen, kreisfreie Stadt",2030,582137.2334626745,557128.4709404863,611924.2775316982
5113,"      Essen, kreisfreie Stadt",2031,583345.7110567179,551183.7091160592,620065.5780132889
5113,"      Essen, kreisfreie Stadt",2032,584557.4995482792,544864.5246444283,629954.2738947271
5113,"      Essen, kreisfreie Stadt",2033,585765.9771423226,537777.3989431717,639557.6002641846
5113,"      Essen, kreisfreie Stadt",2034,586974.454736366,528736.299921361,650240.2527015948
5113,"      Essen, kreisfreie Stadt",2035,588182.9323304094,521080.5228810797,662950.7834838661
5113,"      Essen, kreisfreie Stadt",2036,589394.7208219706,511091.8251105484,676303.9607331611
5113,"      Essen, kreisfreie Stadt",2037,590603.1984160141,500299.2302464863,689230.5552074792
5113,"      Essen, kreisfreie Stadt",2038,591811.6760100574,489449.9584135779,702324.8746343709
5113,"      Essen, kreisfreie Stadt",2039,593020.1536041008,477665.8997008504,714870.1519078526
5113,"      Essen, kreisfreie Stadt",2040,594231.9420956622,468761.3157968314,726566.9001453661
5114,"      Krefeld, kreisfreie Stadt",2025,231787.0413933016,230727.75978499785,232592.76546837657
5114,"      Krefeld, kreisfreie Stadt",2026,232322.23104848067,228994.64898409764,234965.4360049957
5114,"      Krefeld, kreisfreie Stadt",2027,232857.42070365977,227063.6606785881,238351.62542737223
5114,"      Krefeld, kreisfreie Stadt",2028,233394.07663186672,224190.23131507344,241945.60338181056
5114,"      Krefeld, kreisfreie Stadt",2029,233929.26628704584,221087.03238326265,246257.16062874027
5114,"      Krefeld, kreisfreie Stadt",2030,234464.4559422249,216536.7847820064,249950.910269136
5114,"      Krefeld, kreisfreie Stadt",2031,234999.645597404,212105.26692239736,254223.590133206
5114,"      Krefeld, kreisfreie Stadt",2032,235536.3015256109,206799.5628926496,259756.17368305585
5114,"      Krefeld, kreisfreie Stadt",2033,236071.49118079004,202222.8419906824,264955.9371844181
5114,"      Krefeld, kreisfreie Stadt",2034,236606.6808359692,197127.3384655244,270629.5867681504
5114,"      Krefeld, kreisfreie Stadt",2035,237141.87049114812,192590.43486968023,277284.4043720619
5114,"      Krefeld, kreisfreie Stadt",2036,237678.5264193552,187189.82309673904,281821.4948591206
5114,"      Krefeld, kreisfreie Stadt",2037,238213.71607453428,181263.5058091948,288459.73004347883
5114,"      Krefeld, kreisfreie Stadt",2038,238748.90572971333,173867.95047835069,295423.74719164043
5114,"      Krefeld, kreisfreie Stadt",2039,239284.09538489243,167505.05579515515,302871.04611879296
5114,"      Krefeld, kreisfreie Stadt",2040,239820.75131309932,161496.81616384178,311419.53287413216
5116,"      Mönchengladbach, kreisfreie Stadt",2025,267300.83537854144,265667.0395218613,269107.96832854504
5116,"      Mönchengladbach, kreisfreie Stadt",2026,267251.5357100564,261708.78101604787,273268.81964952586
5116,"      Mönchengladbach, kreisfreie Stadt",2027,267202.2360415714,256297.51227042923,278622.9673585568
5116,"      Mönchengladbach, kreisfreie Stadt",2028,267152.8013055015,249802.6106198475,284864.7048788999
5116,"      Mönchengladbach, kreisfreie Stadt",2029,267103.5016370165,242389.2453764932,292228.48560933355
5116,"      Mönchengladbach, kreisfreie Stadt",2030,267054.2019685315,235415.8873331581,301666.25332116644
5116,"      Mönchengladbach, kreisfreie Stadt",2031,267004.90230004647,226101.95059860367,310622.7875060375
5116,"      Mönchengladbach, kreisfreie Stadt",2032,266955.46756397653,216626.53647954096,320810.22966652026
5116,"      Mönchengladbach, kreisfreie Stadt",2033,266906.1678954915,207541.57482769227,332021.9250005988
5116,"      Mönchengladbach, kreisfreie Stadt",2034,266856.8682270065,194353.7564406898,342477.8421370357
5116,"      Mönchengladbach, kreisfreie Stadt",2035,266807.5685585215,184282.0846817943,351345.5309166957
5116,"      Mönchengladbach, kreisfreie Stadt",2036,266758.1338224516,173903.52208058926,362149.094862796
5116,"      Mönchengladbach, kreisfreie Stadt",2037,266708.83415396657,164507.75761491293,374147.2883905944
5116,"      Mönchengladbach, kreisfreie Stadt",2038,266659.5344854816,150069.49015819273,381354.10987299535
5116,"      Mönchengladbach, kreisfreie Stadt",2039,266610.23481699656,139723.74406985397,393086.3893302366
5116,"      Mönchengladbach, kreisfreie Stadt",2040,266560.8000809266,124902.64245860463,409936.392072561
5117,"      Mülheim an der Ruhr, kreisfreie Stadt",2025,173677.96357450928,173173.01563140043,174158.5545938163
5117,"      Mülheim an der Ruhr, kreisfreie Stadt",2026,174187.37358746782,172462.22046638263,175741.77489577388
5117,"      Mülheim an der Ruhr, kreisfreie Stadt",2027,174696.78360042634,171323.80432706833,177927.75740969763
5117,"      Mülheim an der Ruhr, kreisfreie Stadt",2028,175207.58925725595,170041.71920798713,180538.4556647592
5117,"      Mülheim an der Ruhr, kreisfreie Stadt",2029,175716.99927021447,168468.347866435,183137.8103234358
5117,"      Mülheim an der Ruhr, kreisfreie Stadt",2030,176226.40928317298,166527.71823364284,186024.291457066
5117,"      Mülheim an der Ruhr, kreisfreie Stadt",2031,176735.81929613152,164381.4582315165,189185.41528272704
5117,"      Mülheim an der Ruhr, kreisfreie Stadt",2032,177246.62495296114,161681.9386312,192389.3800419943
5117,"      Mülheim an der Ruhr, kreisfreie Stadt",2033,177756.03496591965,159462.53514732042,195820.930055694
5117,"      Mülheim an der Ruhr, kreisfreie Stadt",2034,178265.44497887816,156692.04095067052,199824.2833593324
5117,"      Mülheim an der Ruhr, kreisfreie Stadt",2035,178774.8549918367,153227.68036880068,203538.99926571865
5117,"      Mülheim an der Ruhr, kreisfreie Stadt",2036,179285.66064866632,150175.6327265123,207226.7568258215
5117,"      Mülheim an der Ruhr, kreisfreie Stadt",2037,179795.07066162484,147254.0501263696,211896.59750258672
5117,"      Mülheim an der Ruhr, kreisfreie Stadt",2038,180304.4806745833,143181.60994737782,216932.85999374688
5117,"      Mülheim an der Ruhr, kreisfreie Stadt",2039,180813.8906875419,139093.86943187076,221136.72341533427
5117,"      Mülheim an der Ruhr, kreisfreie Stadt",2040,181324.6963443715,135050.94111355147,225143.69473891088
5119,"      Oberhausen, kreisfreie Stadt",2025,213863.5904430437,212564.0773116852,215003.87096541043
5119,"      Oberhausen, kreisfreie Stadt",2026,214060.60962048225,209804.9357502684,217781.5170158569
5119,"      Oberhausen, kreisfreie Stadt",2027,214257.62879792083,205818.6232026852,220897.7565522397
5119,"      Oberhausen, kreisfreie Stadt",2028,214455.1877539277,201154.356768838,224911.85967248533
5119,"      Oberhausen, kreisfreie Stadt",2029,214652.2069313663,196306.4903389991,230043.3761393996
5119,"      Oberhausen, kreisfreie Stadt",2030,214849.22610880484,191109.06980948863,235895.92203263703
5119,"      Oberhausen, kreisfreie Stadt",2031,215046.2452862434,184905.4453519612,242123.5148295072
5119,"      Oberhausen, kreisfreie Stadt",2032,215243.80424225028,179282.19515081178,248357.79570852857
5119,"      Oberhausen, kreisfreie Stadt",2033,215440.82341968885,172721.67028009924,256060.16314972343
5119,"      Oberhausen, kreisfreie Stadt",2034,215637.8425971274,164946.48525145988,262353.60869004653
5119,"      Oberhausen, kreisfreie Stadt",2035,215834.861774566,156912.26701063433,271223.11454192025
5119,"      Oberhausen, kreisfreie Stadt",2036,216032.4207305728,149124.85651882188,281138.05153684044
5119,"      Oberhausen, kreisfreie Stadt",2037,216229.4399080113,139614.1891764692,292006.9507812353
5119,"      Oberhausen, kreisfreie Stadt",2038,216426.45908544995,131030.33765928594,302802.9926540032
5119,"      Oberhausen, kreisfreie Stadt",2039,216623.47826288847,120806.27643179348,313604.5399263666
5119,"      Oberhausen, kreisfreie Stadt",2040,216821.03721889536,111257.50017481422,326180.9784290283
5120,"      Remscheid, kreisfreie Stadt",2025,113990.89176107036,113472.83440458744,114521.98476244914
5120,"      Remscheid, kreisfreie Stadt",2026,114052.59900409788,112367.28910639898,115850.788301284
5120,"      Remscheid, kreisfreie Stadt",2027,114114.3062471254,111159.19940871936,117541.12230837528
5120,"      Remscheid, kreisfreie Stadt",2028,114176.18255109272,109314.51479475036,119737.22089071336
5120,"      Remscheid, kreisfreie Stadt",2029,114237.88979412024,107108.38769417103,122350.64025161022
5120,"      Remscheid, kreisfreie Stadt",2030,114299.59703714776,104850.018487169,124942.68468868449
5120,"      Remscheid, kreisfreie Stadt",2031,114361.30428017527,102118.7876409132,127399.19419984487
5120,"      Remscheid, kreisfreie Stadt",2032,114423.1805841426,99427.32760539226,130090.46728917124
5120,"      Remscheid, kreisfreie Stadt",2033,114484.88782717013,96499.07898660788,132796.41634402314
5120,"      Remscheid, kreisfreie Stadt",2034,114546.59507019764,93344.41617229408,135792.74168322107
5120,"      Remscheid, kreisfreie Stadt",2035,114608.30231322518,90552.43194821768,139741.68150078703
5120,"      Remscheid, kreisfreie Stadt",2036,114670.17861719248,87935.70794832386,143484.4730611173
5120,"      Remscheid, kreisfreie Stadt",2037,114731.88586022,84564.43257930213,146956.5959264053
5120,"      Remscheid, kreisfreie Stadt",2038,114793.59310324752,81205.40961010095,151189.50664709025
5120,"      Remscheid, kreisfreie Stadt",2039,114855.30034627503,78286.01727874075,155123.74732597795
5120,"      Remscheid, kreisfreie Stadt",2040,114917.1766502424,74580.31139501258,159044.661957417
5122,"      Solingen, kreisfreie Stadt",2025,168454.21076875876,167007.49285726264,169832.50622765982
5122,"      Solingen, kreisfreie Stadt",2026,170243.8171233576,168521.12945572214,171809.36355387067
5122,"      Solingen, kreisfreie Stadt",2027,172033.42347795647,170262.4205148111,173776.536392732
5122,"      Solingen, kreisfreie Stadt",2028,173827.9328636638,171694.1149050353,176065.61928345976
5122,"      Solingen, kreisfreie Stadt",2029,175617.53921826265,172765.99723154193,178239.62421975794
5122,"      Solingen, kreisfreie Stadt",2030,177407.1455728615,174080.61879465115,180421.2438514108
5122,"      Solingen, kreisfreie Stadt",2031,179196.75192746034,175316.17574731805,183227.3228262
5122,"      Solingen, kreisfreie Stadt",2032,180991.2613131677,176099.37683439424,185776.2980616338
5122,"      Solingen, kreisfreie Stadt",2033,182780.8676677665,176855.2508695854,188121.2914253628
5122,"      Solingen, kreisfreie Stadt",2034,184570.4740223654,178022.6519175373,191028.4246511644
5122,"      Solingen, kreisfreie Stadt",2035,186360.08037696424,178620.04334816657,193478.3197389776
5122,"      Solingen, kreisfreie Stadt",2036,188154.5897626716,179500.70564761848,196224.78543779932
5122,"      Solingen, kreisfreie Stadt",2037,189944.19611727045,180687.5777730161,199046.8790266596
5122,"      Solingen, kreisfreie Stadt",2038,191733.80247186928,181151.7333945802,201951.8841400912
5122,"      Solingen, kreisfreie Stadt",2039,193523.4088264681,181839.73174198903,204870.8870328885
5122,"      Solingen, kreisfreie Stadt",2040,195317.9182121755,182460.13249380505,207891.9469556989
5124,"      Wuppertal, kreisfreie Stadt",2025,358079.4690433633,356821.8986366103,359075.6907156648
5124,"      Wuppertal, kreisfreie Stadt",2026,357894.37117906986,353985.1328258121,361266.6381972457
5124,"      Wuppertal, kreisfreie Stadt",2027,357709.2733147764,349973.84179347544,364699.9053457988
5124,"      Wuppertal, kreisfreie Stadt",2028,357523.66833304655,345205.33041193284,367944.6795653922
5124,"      Wuppertal, kreisfreie Stadt",2029,357338.57046875305,340717.24469741894,372328.669892723
5124,"      Wuppertal, kreisfreie Stadt",2030,357153.4726044596,334958.45805548533,376063.8741410197
5124,"      Wuppertal, kreisfreie Stadt",2031,356968.3747401661,328061.381584559,380986.9215459168
5124,"      Wuppertal, kreisfreie Stadt",2032,356782.7697584363,320860.9169380818,386685.3082467152
5124,"      Wuppertal, kreisfreie Stadt",2033,356597.6718941428,313713.4528895647,392250.5061858078
5124,"      Wuppertal, kreisfreie Stadt",2034,356412.5740298494,305985.6761313206,398856.53278116125
5124,"      Wuppertal, kreisfreie Stadt",2035,356227.4761655559,298935.29714460945,406010.03578227
5124,"      Wuppertal, kreisfreie Stadt",2036,356041.871183826,290584.2287473909,413282.01554933056
5124,"      Wuppertal, kreisfreie Stadt",2037,355856.77331953257,283900.6641797425,421575.7460547388
5124,"      Wuppertal, kreisfreie Stadt",2038,355671.6754552391,275895.15390919487,429331.4743566397
5124,"      Wuppertal, kreisfreie Stadt",2039,355486.57759094564,268054.4553286824,438050.2963012182
5124,"      Wuppertal, kreisfreie Stadt",2040,355300.9726092157,258452.53635200043,443726.5283722249
5154,"      Kleve, Kreis",2025,324394.47778776404,323846.33559449663,325043.81151667767
5154,"      Kleve, Kreis",2026,326697.3678223658,324892.4509347675,328833.8705952214
5154,"      Kleve, Kreis",2027,329000.2578569674,325297.17711045773,333269.4296519916
5154,"      Kleve, Kreis",2028,331309.4571793351,325223.0718271468,337622.3333337059
5154,"      Kleve, Kreis",2029,333612.3472139368,325029.96220072056,342554.17072934675
5154,"      Kleve, Kreis",2030,335915.2372485385,324564.2207009701,347639.75421736774
5154,"      Kleve, Kreis",2031,338218.1272831402,323792.6121527997,353191.4583223035
5154,"      Kleve, Kreis",2032,340527.3266055079,323047.3679565115,359143.95079059823
5154,"      Kleve, Kreis",2033,342830.21664010955,322445.28516347887,365088.99716871785
5154,"      Kleve, Kreis",2034,345133.1066747113,320557.7643273809,370415.58376262966
5154,"      Kleve, Kreis",2035,347435.9967093129,319851.4797996958,375924.5085252197
5154,"      Kleve, Kreis",2036,349745.1960316806,318985.1846284532,383051.6805903624
5154,"      Kleve, Kreis",2037,352048.0860662823,316662.0881592788,389685.8098216847
5154,"      Kleve, Kreis",2038,354350.976100884,314875.764561436,396459.5249791317
5154,"      Kleve, Kreis",2039,356653.86613548564,312251.33437535464,403237.9089712972
5154,"      Kleve, Kreis",2040,358963.0654578534,308831.315336682,411797.9210091152
5158,"      Mettmann, Kreis",2025,491641.2677280905,490443.4405625911,492884.01466897415
5158,"      Mettmann, Kreis",2026,492475.9598774719,488673.9913927572,496292.96210512926
5158,"      Mettmann, Kreis",2027,493310.65202685306,485866.1486761216,500839.3823593903
5158,"      Mettmann, Kreis",2028,494147.6310040408,482299.8321072024,506593.6141564351
5158,"      Mettmann, Kreis",2029,494982.32315342216,477959.9846705878,513003.6332911837
5158,"      Mettmann, Kreis",2030,495817.01530280337,473293.66414826416,519138.5724600924
5158,"      Mettmann, Kreis",2031,496651.7074521847,468389.98258522025,526184.656943074
5158,"      Mettmann, Kreis",2032,497488.68642937246,462801.3496006696,533328.7064510661
5158,"      Mettmann, Kreis",2033,498323.3785787538,456098.98704678734,540514.4803325019
5158,"      Mettmann, Kreis",2034,499158.070728135,449636.3548813327,546934.7417927638
5158,"      Mettmann, Kreis",2035,499992.76287751633,443609.1159512633,554169.6153548488
5158,"      Mettmann, Kreis",2036,500829.7418547041,435991.8968665961,562052.6489665887
5158,"      Mettmann, Kreis",2037,501664.4340040853,428359.9942183489,572009.2105136815
5158,"      Mettmann, Kreis",2038,502499.1261534666,420059.13465438125,581552.7099737091
5158,"      Mettmann, Kreis",2039,503333.8183028479,412320.2064028657,592211.1894278581
5158,"      Mettmann, Kreis",2040,504170.7972800356,404388.1307264526,603551.4604590354
5162,      Rhein-Kreis Neuss,2025,458079.0132670119,456827.0654822382,459283.75435482274
5162,      Rhein-Kreis Neuss,2026,458743.9188515034,455283.1572206152,462491.7239215712
5162,      Rhein-Kreis Neuss,2027,459408.82443599496,452571.52728512575,466703.8929332139
5162,      Rhein-Kreis Neuss,2028,460075.5516796221,448874.42245113954,471290.3511201631
5162,      Rhein-Kreis Neuss,2029,460740.4572641137,444794.2001186845,476764.4102335638
5162,      Rhein-Kreis Neuss,2030,461405.3628486052,440444.62817556766,482605.1760739947
5162,      Rhein-Kreis Neuss,2031,462070.2684330967,435235.4559340184,488684.7679222631
5162,      Rhein-Kreis Neuss,2032,462736.99567672383,428734.5120440716,495767.5385737968
5162,      Rhein-Kreis Neuss,2033,463401.9012612154,421165.7010461572,502699.4551089655
5162,      Rhein-Kreis Neuss,2034,464066.8068457069,415802.2246948261,511015.2560895514
5162,      Rhein-Kreis Neuss,2035,464731.7124301984,409812.1873496152,519890.3450890385
5162,      Rhein-Kreis Neuss,2036,465398.4396738256,401745.4136307869,527611.6579809128
5162,      Rhein-Kreis Neuss,2037,466063.3452583171,392643.71790645,535795.0585230021
5162,      Rhein-Kreis Neuss,2038,466728.25084280863,385939.3698432714,546556.0187931007
5162,      Rhein-Kreis Neuss,2039,467393.1564273002,378408.8485982735,555990.6528926099
5162,      Rhein-Kreis Neuss,2040,468059.8836709273,369779.06978276686,566130.4726035561
5166,"      Viersen, Kreis",2025,299318.2012811233,298475.2072371532,300065.53920995846
5166,"      Viersen, Kreis",2026,300510.5731119892,298039.076672671,302770.7000845161
5166,"      Viersen, Kreis",2027,301702.9449428549,296990.23800412414,306048.8528840154
5166,"      Viersen, Kreis",2028,302898.5835458601,295001.7478351629,309773.56357897184
5166,"      Viersen, Kreis",2029,304090.9553767259,293584.2924590378,314204.1815385742
5166,"      Viersen, Kreis",2030,305283.3272075917,291186.51924018847,319137.26006912685
5166,"      Viersen, Kreis",2031,306475.6990384574,288793.5675203299,324317.08196620905
5166,"      Viersen, Kreis",2032,307671.3376414626,285639.8607308937,329224.72845465224
5166,"      Viersen, Kreis",2033,308863.7094723284,282783.98021828994,334337.6048305261
5166,"      Viersen, Kreis",2034,310056.0813031941,279356.5346472259,339993.7537553165
5166,"      Viersen, Kreis",2035,311248.45313406,275145.20845725725,346318.2226147615
5166,"      Viersen, Kreis",2036,312444.09173706506,270985.4102076347,351447.6636366622
5166,"      Viersen, Kreis",2037,313636.46356793086,266846.8707341514,357455.8104202119
5166,"      Viersen, Kreis",2038,314828.83539879665,262802.8635593197,365209.49235893216
5166,"      Viersen, Kreis",2039,316021.20722966245,259195.491361192,372325.7841144266
5166,"      Viersen, Kreis",2040,317216.84583266755,255099.1476423599,378970.2578632721
5170,"      Wesel, Kreis",2025,459141.3068542071,457991.8723640152,460190.34253127634
5170,"      Wesel, Kreis",2026,460154.3572409875,456824.97447261575,463647.2631570407
5170,"      Wesel, Kreis",2027,461167.407627768,454545.7427238288,468407.8051523049
5170,"      Wesel, Kreis",2028,462183.23349506,451731.9697195,473816.4797021969
5170,"      Wesel, Kreis",2029,463196.28388184047,447972.4660001992,480285.9192731339
5170,"      Wesel, Kreis",2030,464209.3342686208,443922.6866955021,486731.4592536979
5170,"      Wesel, Kreis",2031,465222.3846554012,439262.7197396771,493217.7863463913
5170,"      Wesel, Kreis",2032,466238.21052269335,435642.57562164543,500336.0018901347
5170,"      Wesel, Kreis",2033,467251.26090947376,430163.6215297422,507499.8625795434
5170,"      Wesel, Kreis",2034,468264.3112962542,424381.2686208759,515911.0698543759
5170,"      Wesel, Kreis",2035,469277.3616830346,417951.7928152784,524507.5826591859
5170,"      Wesel, Kreis",2036,470293.1875503268,411243.3752904048,534461.5371783844
5170,"      Wesel, Kreis",2037,471306.2379371072,404450.16557824006,545555.7109344208
5170,"      Wesel, Kreis",2038,472319.2883238875,397592.3341597992,553752.7643008478
5170,"      Wesel, Kreis",2039,473332.338710668,391153.7171797078,562550.3680157347
5170,"      Wesel, Kreis",2040,474348.16457796,383351.3364635183,574175.7485304744
5314,"      Bonn, kreisfreie Stadt",2025,319130.04509669205,316363.64911949384,321663.70192773885
5314,"      Bonn, kreisfreie Stadt",2026,316863.4044514792,314234.2143259672,319810.86918162147
5314,"      Bonn, kreisfreie Stadt",2027,314596.7638062664,310448.2239280435,318254.06298947724
5314,"      Bonn, kreisfreie Stadt",2028,312323.9131866831,306651.2618014329,317433.7984694252
5314,"      Bonn, kreisfreie Stadt",2029,310057.27254147024,302838.9382964382,317203.47309633857
5314,"      Bonn, kreisfreie Stadt",2030,307790.6318962574,299077.5652683283,316913.22497890814
5314,"      Bonn, kreisfreie Stadt",2031,305523.9912510446,293231.6115190244,316323.9113963842
5314,"      Bonn, kreisfreie Stadt",2032,303251.1406314613,288351.5978310203,317020.7384831165
5314,"      Bonn, kreisfreie Stadt",2033,300984.49998624844,283483.4791142683,317876.7821904458
5314,"      Bonn, kreisfreie Stadt",2034,298717.8593410356,278358.0015750799,319116.3826395536
5314,"      Bonn, kreisfreie Stadt",2035,296451.2186958228,272537.85554329515,320288.0138015641
5314,"      Bonn, kreisfreie Stadt",2036,294178.3680762395,267307.8087404733,321329.0529624209
5314,"      Bonn, kreisfreie Stadt",2037,291911.72743102664,261510.79818532508,322278.81207836425
5314,"      Bonn, kreisfreie Stadt",2038,289645.0867858138,255691.6130796545,323274.9881723028
5314,"      Bonn, kreisfreie Stadt",2039,287378.446140601,249587.4507160741,324519.42631213646
5314,"      Bonn, kreisfreie Stadt",2040,285105.5955210177,244368.6989786506,326440.0204487026
5315,"      Köln, kreisfreie Stadt",2025,1000524.0068785172,986878.4499135304,1013793.8992595356
5315,"      Köln, kreisfreie Stadt",2026,985583.6488259416,971140.184315516,1000172.8617837232
5315,"      Köln, kreisfreie Stadt",2027,970643.290773366,952882.7311480772,988629.5688475484
5315,"      Köln, kreisfreie Stadt",2028,955662.000232975,933267.5642910138,979222.0090926
5315,"      Köln, kreisfreie Stadt",2029,940721.6421803992,911884.9271587252,971589.4505925864
5315,"      Köln, kreisfreie Stadt",2030,925781.2841278235,889736.7691758247,965038.5188332044
5315,"      Köln, kreisfreie Stadt",2031,910840.926075248,863207.9042930497,961179.83311499
5315,"      Köln, kreisfreie Stadt",2032,895859.635534857,840577.249681463,957439.71455529
5315,"      Köln, kreisfreie Stadt",2033,880919.2774822813,814243.5251771057,954661.7569057398
5315,"      Köln, kreisfreie Stadt",2034,865978.9194297057,786220.3383463641,948400.7139118403
5315,"      Köln, kreisfreie Stadt",2035,851038.5613771301,763035.8201309501,947561.3229079958
5315,"      Köln, kreisfreie Stadt",2036,836057.2708367391,731991.5201275492,942020.1456285988
5315,"      Köln, kreisfreie Stadt",2037,821116.9127841634,705933.7392229069,945977.799227086
5315,"      Köln, kreisfreie Stadt",2038,806176.5547315878,680426.5975113233,948140.4881515012
5315,"      Köln, kreisfreie Stadt",2039,791236.1966790122,649764.7896602801,945380.8975379243
5315,"      Köln, kreisfreie Stadt",2040,776254.9061386213,620372.0286766452,951677.1221788112
5316,"      Leverkusen, kreisfreie Stadt",2025,169274.83250853777,168514.2540248356,170070.33944042004
5316,"      Leverkusen, kreisfreie Stadt",2026,169977.4574274243,167578.348988867,172619.48448785298
5316,"      Leverkusen, kreisfreie Stadt",2027,170680.0823463108,165912.9111291736,175508.79015177698
5316,"      Leverkusen, kreisfreie Stadt",2028,171384.6322649751,163696.87406963322,178796.32646834882
5316,"      Leverkusen, kreisfreie Stadt",2029,172087.25718386163,161131.56659989705,182485.7042971656
5316,"      Leverkusen, kreisfreie Stadt",2030,172789.88210274815,157994.55990237326,186813.3725105387
5316,"      Leverkusen, kreisfreie Stadt",2031,173492.50702163466,155061.500040554,191216.0377016997
5316,"      Leverkusen, kreisfreie Stadt",2032,174197.0569402989,150920.65779499317,196222.2508217941
5316,"      Leverkusen, kreisfreie Stadt",2033,174899.68185918548,145960.2341899736,201445.08965637832
5316,"      Leverkusen, kreisfreie Stadt",2034,175602.306778072,142613.65249197028,206203.7851503078
5316,"      Leverkusen, kreisfreie Stadt",2035,176304.93169695852,138329.87217855232,211833.88226378785
5316,"      Leverkusen, kreisfreie Stadt",2036,177009.4816156228,133691.58242001006,217354.2363013107
5316,"      Leverkusen, kreisfreie Stadt",2037,177712.1065345093,129312.54227323976,223154.036113629
5316,"      Leverkusen, kreisfreie Stadt",2038,178414.73145339583,122951.94953143624,229342.32811458345
5316,"      Leverkusen, kreisfreie Stadt",2039,179117.35637228235,117612.40707694732,237111.4164554148
5316,"      Leverkusen, kreisfreie Stadt",2040,179821.90629094664,111368.96503795862,242561.29272482503
5334,"      Städteregion Aachen, Kreis",2025,592935.5982257577,587624.6215665521,598355.1351072675
5334,"      Städteregion Aachen, Kreis",2026,599938.9516039203,594137.7701980593,605377.1253265884
5334,"      Städteregion Aachen, Kreis",2027,606942.3049820828,600135.4714523865,613489.7217778034
5334,"      Städteregion Aachen, Kreis",2028,613964.8456297746,605506.1466414053,621591.5188048503
5334,"      Städteregion Aachen, Kreis",2029,620968.1990079371,611282.5735574334,630897.1130168888
5334,"      Städteregion Aachen, Kreis",2030,627971.5523860997,615876.6244323488,640375.3696205008
5334,"      Städteregion Aachen, Kreis",2031,634974.9057642623,619505.6274148659,649524.7365481775
5334,"      Städteregion Aachen, Kreis",2032,641997.4464119541,623921.3267216535,658959.972246118
5334,"      Städteregion Aachen, Kreis",2033,649000.7997901167,627359.1230519022,669325.1240613087
5334,"      Städteregion Aachen, Kreis",2034,656004.1531682793,631353.2949025849,679697.1416239179
5334,"      Städteregion Aachen, Kreis",2035,663007.5065464419,635512.1182707692,690368.2078878828
5334,"      Städteregion Aachen, Kreis",2036,670030.0471941336,637798.6084069107,699901.4498357999
5334,"      Städteregion Aachen, Kreis",2037,677033.4005722962,641038.0716520023,710584.5204673473
5334,"      Städteregion Aachen, Kreis",2038,684036.7539504588,643317.4481294958,723850.2397507343
5334,"      Städteregion Aachen, Kreis",2039,691040.1073286213,646431.0872475929,732038.6322070152
5334,"      Städteregion Aachen, Kreis",2040,698062.6479763131,650545.1837892203,744563.4971515007
5358,"      Düren, Kreis",2025,280773.056138807,278786.1287820497,282585.2672418564
5358,"      Düren, Kreis",2026,282091.4839576388,275583.55111871066,288277.5810232695
5358,"      Düren, Kreis",2027,283409.9117764706,270732.3388751764,295386.15294769907
5358,"      Düren, Kreis",2028,284731.95172631287,265620.8811619216,304168.1025269917
5358,"      Düren, Kreis",2029,286050.3795451447,259240.85278829053,312907.75256906275
5358,"      Düren, Kreis",2030,287368.8073639766,252715.5997806269,324312.06991817825
5358,"      Düren, Kreis",2031,288687.2351828084,244644.63863999184,335196.3093045574
5358,"      Düren, Kreis",2032,290009.2751326507,234722.8447961191,346480.35551181174
5358,"      Düren, Kreis",2033,291327.7029514825,223586.67319101645,358435.55701968906
5358,"      Düren, Kreis",2034,292646.1307703143,215213.01697036423,369822.3897725089
5358,"      Düren, Kreis",2035,293964.5585891462,202529.1518482085,385362.8811510506
5358,"      Düren, Kreis",2036,295286.5985389885,190820.2597873519,399371.5330078909
5358,"      Düren, Kreis",2037,296605.0263578203,176073.65975378858,414752.6979365114
5358,"      Düren, Kreis",2038,297923.4541766521,163807.4977567474,429731.82588083285
5358,"      Düren, Kreis",2039,299241.881995484,149931.9594241939,442943.1915750372
5358,"      Düren, Kreis",2040,300563.9219453263,136406.9001343331,461451.4175695676
5362,      Rhein-Erft-Kreis,2025,480319.02854127553,479282.6867791893,481380.8698714154
5362,      Rhein-Erft-Kreis,2026,482462.155876116,478970.8294865496,485793.6624068304
5362,      Rhein-Erft-Kreis,2027,484605.28321095655,477550.96751838096,490908.1751112177
5362,      Rhein-Erft-Kreis,2028,486754.2821275363,475263.1382120384,496813.558234814
5362,      Rhein-Erft-Kreis,2029,488897.4094623768,472299.55744926847,503187.5359012979
5362,      Rhein-Erft-Kreis,2030,491040.5367972174,469402.4441410464,510120.5811729583
5362,      Rhein-Erft-Kreis,2031,493183.66413205786,466216.9518366832,516593.6834558995
5362,      Rhein-Erft-Kreis,2032,495332.6630486377,462181.9501639284,524864.5777174695
5362,      Rhein-Erft-Kreis,2033,497475.79038347816,458136.69711730833,533777.2486937955
5362,      Rhein-Erft-Kreis,2034,499618.9177183186,454805.4190315529,544035.8746475206
5362,      Rhein-Erft-Kreis,2035,501762.0450531591,450557.52981529856,552293.4597498919
5362,      Rhein-Erft-Kreis,2036,503911.0439697389,445077.0650620513,560906.8331702963
5362,      Rhein-Erft-Kreis,2037,506054.1713045794,439616.7804509241,570013.7047714319
5362,      Rhein-Erft-Kreis,2038,508197.2986394199,433090.69467540056,580605.2300467058
5362,      Rhein-Erft-Kreis,2039,510340.4259742605,428500.144465416,592569.9278076454
5362,      Rhein-Erft-Kreis,2040,512489.4248908402,424093.3093268593,602950.7533198077
5366,"      Euskirchen, Kreis",2025,204743.08684582732,203992.992745729,205575.8798599652
5366,"      Euskirchen, Kreis",2026,206519.82042077417,204216.3047669109,209018.06448161503
5366,"      Euskirchen, Kreis",2027,208296.5539957209,203920.1709986771,213416.22898670955
5366,"      Euskirchen, Kreis",2028,210078.1553338868,203645.0383524099,217989.45868215908
5366,"      Euskirchen, Kreis",2029,211854.8889088335,202072.50963273243,223225.0268460053
5366,"      Euskirchen, Kreis",2030,213631.62248378032,200693.8191993298,228494.64573035625
5366,"      Euskirchen, Kreis",2031,215408.3560587271,199278.20141924825,234056.0481939292
5366,"      Euskirchen, Kreis",2032,217189.9573968929,197794.72380316976,238985.9411344909
5366,"      Euskirchen, Kreis",2033,218966.6909718397,195460.3556466968,244230.3938842806
5366,"      Euskirchen, Kreis",2034,220743.42454678644,192933.0546240701,250551.49108132505
5366,"      Euskirchen, Kreis",2035,222520.15812173323,191193.5893408637,257856.16817733
5366,"      Euskirchen, Kreis",2036,224301.75945989904,188495.2887236749,263644.8899070008
5366,"      Euskirchen, Kreis",2037,226078.49303484583,184554.04219788287,270688.94829859026
5366,"      Euskirchen, Kreis",2038,227855.22660979265,181488.3506311109,278386.7898088689
5366,"      Euskirchen, Kreis",2039,229631.96018473932,178695.5946144289,286316.5193078648
5366,"      Euskirchen, Kreis",2040,231413.5615229052,174370.57785388717,292923.6021181284
5370,"      Heinsberg, Kreis",2025,264807.0265838084,264382.9704036042,265312.61103521724
5370,"      Heinsberg, Kreis",2026,266032.6906744445,264663.3115684733,267547.9573988568
5370,"      Heinsberg, Kreis",2027,267258.35476508056,264422.2961548,270215.3830999353
5370,"      Heinsberg, Kreis",2028,268487.3768395267,264090.00610149605,273030.1816384696
5370,"      Heinsberg, Kreis",2029,269713.0409301628,263590.94784571795,276033.5651737286
5370,"      Heinsberg, Kreis",2030,270938.7050207989,262836.6543922177,279262.2254280843
5370,"      Heinsberg, Kreis",2031,272164.36911143496,261920.4190328816,283321.4950970194
5370,"      Heinsberg, Kreis",2032,273393.3911858811,260573.89457888613,287412.9874341605
5370,"      Heinsberg, Kreis",2033,274619.0552765172,259360.7793308737,291812.40399579465
5370,"      Heinsberg, Kreis",2034,275844.7193671533,258584.027822124,295986.73325922724
5370,"      Heinsberg, Kreis",2035,277070.3834577894,257042.6888667477,300064.1783384587
5370,"      Heinsberg, Kreis",2036,278299.40553223545,255149.322346054,305126.633928076
5370,"      Heinsberg, Kreis",2037,279525.0696228716,253448.74315155647,310078.53864269145
5370,"      Heinsberg, Kreis",2038,280750.73371350765,251318.9129025024,314911.26064376754
5370,"      Heinsberg, Kreis",2039,281976.3978041438,248715.86578274192,319936.1467729066
5370,"      Heinsberg, Kreis",2040,283205.41987858986,246428.79498283152,325432.89414117817
5374,      Oberbergischer Kreis,2025,274308.7833671728,273873.1655257156,274762.29733079206
5374,      Oberbergischer Kreis,2026,274520.8516673954,273088.0730877074,275952.45099779946
5374,      Oberbergischer Kreis,2027,274732.919967618,271756.4970822432,277487.7640716338
5374,      Oberbergischer Kreis,2028,274945.56927688234,270370.7224034792,279252.3699895623
5374,      Oberbergischer Kreis,2029,275157.63757710496,268598.78753667715,281505.71763152134
5374,      Oberbergischer Kreis,2030,275369.7058773276,266347.6171945952,284202.21520147217
5374,      Oberbergischer Kreis,2031,275581.7741775503,264290.8485502369,286876.43647039856
5374,      Oberbergischer Kreis,2032,275794.4234868146,261791.9923165528,289753.3706986551
5374,      Oberbergischer Kreis,2033,276006.49178703723,259122.6282440898,292669.18816084054
5374,      Oberbergischer Kreis,2034,276218.56008725986,256315.0257091908,295598.0505657409
5374,      Oberbergischer Kreis,2035,276430.62838748243,253553.7661028645,299163.75443371816
5374,      Oberbergischer Kreis,2036,276643.2776967468,251439.6459370614,302228.472946976
5374,      Oberbergischer Kreis,2037,276855.34599696944,248083.6602196236,305607.68063056754
5374,      Oberbergischer Kreis,2038,277067.41429719207,244054.5466067461,308987.73587180674
5374,      Oberbergischer Kreis,2039,277279.4825974147,240341.25932253496,313321.73054078955
5374,      Oberbergischer Kreis,2040,277492.1319066791,236847.21258680345,317412.87640623166
5378,      Rheinisch-Bergischer Kreis,2025,284874.2602624285,284587.6635977845,285156.17809669266
5378,      Rheinisch-Bergischer Kreis,2026,285491.29552847904,284574.2733471437,286390.930543896
5378,      Rheinisch-Bergischer Kreis,2027,286108.33079452964,284426.53839980805,287795.78894561774
5378,      Rheinisch-Bergischer Kreis,2028,286727.05656815844,284080.4130071949,289509.197504139
5378,      Rheinisch-Bergischer Kreis,2029,287344.09183420904,283578.6613807387,291248.9004455289
5378,      Rheinisch-Bergischer Kreis,2030,287961.12710025965,283131.6895551617,293274.91219986376
5378,      Rheinisch-Bergischer Kreis,2031,288578.16236631025,282553.7856401343,295302.37014598266
5378,      Rheinisch-Bergischer Kreis,2032,289196.888139939,281768.8759123762,297447.51002023503
5378,      Rheinisch-Bergischer Kreis,2033,289813.9234059896,280910.5516624171,299586.1187212036
5378,      Rheinisch-Bergischer Kreis,2034,290430.95867204014,280040.3565065191,302018.5642198467
5378,      Rheinisch-Bergischer Kreis,2035,291047.99393809075,278755.9697330211,304570.4691446602
5378,      Rheinisch-Bergischer Kreis,2036,291666.71971171955,277552.4152367655,307402.18085521966
5378,      Rheinisch-Bergischer Kreis,2037,292283.7549777701,276260.4477227286,309772.8880704835
5378,      Rheinisch-Bergischer Kreis,2038,292900.79024382075,275025.65753646195,312073.20561909286
5378,      Rheinisch-Bergischer Kreis,2039,293517.8255098713,273707.2179811796,315093.49302071764
5378,      Rheinisch-Bergischer Kreis,2040,294136.5512835001,271890.72682811395,318063.72753212246
5382,      Rhein-Sieg-Kreis,2025,607115.3294878746,606491.2471610847,607784.1241717383
5382,      Rhein-Sieg-Kreis,2026,608403.8322222105,606695.7101498507,610353.9547141831
5382,      Rhein-Sieg-Kreis,2027,609692.3349565462,606320.4821366302,613338.7196865575
5382,      Rhein-Sieg-Kreis,2028,610984.3678353596,605649.3738312145,616755.3234939593
5382,      Rhein-Sieg-Kreis,2029,612272.8705696956,604829.9495400832,620753.0536577274
5382,      Rhein-Sieg-Kreis,2030,613561.3733040313,603606.6865012797,624407.0980506891
5382,      Rhein-Sieg-Kreis,2031,614849.8760383673,601990.5389689511,629331.5363440287
5382,      Rhein-Sieg-Kreis,2032,616141.9089171807,600642.2774165956,634148.2437225223
5382,      Rhein-Sieg-Kreis,2033,617430.4116515164,598729.026900872,639263.310808059
5382,      Rhein-Sieg-Kreis,2034,618718.9143858522,596487.4746927096,644032.3138093995
5382,      Rhein-Sieg-Kreis,2035,620007.4171201881,593865.9040386431,649168.3696286952
5382,      Rhein-Sieg-Kreis,2036,621299.4499990016,591383.0313561406,653684.8646637859
5382,      Rhein-Sieg-Kreis,2037,622587.9527333373,588133.9784217455,658759.6304120308
5382,      Rhein-Sieg-Kreis,2038,623876.4554676731,585264.6186102284,663864.9460272761
5382,      Rhein-Sieg-Kreis,2039,625164.958202009,582420.837967998,669678.1743817526
5382,      Rhein-Sieg-Kreis,2040,626456.9910808224,579907.9376054304,675963.542936775
5512,"      Bottrop, kreisfreie Stadt",2025,118862.113029662,118573.34656177426,119128.54277215213
5512,"      Bottrop, kreisfreie Stadt",2026,119006.43010786604,118294.81554775352,119738.5327786447
5512,"      Bottrop, kreisfreie Stadt",2027,119150.74718607005,117835.14748050332,120554.97716769426
5512,"      Bottrop, kreisfreie Stadt",2028,119295.45965352944,117247.74830370765,121459.5014792424
5512,"      Bottrop, kreisfreie Stadt",2029,119439.77673173342,116470.54355214456,122609.27278603216
5512,"      Bottrop, kreisfreie Stadt",2030,119584.09380993745,115539.56761042964,123756.7774127335
5512,"      Bottrop, kreisfreie Stadt",2031,119728.41088814149,114542.20584037552,125150.22530868728
5512,"      Bottrop, kreisfreie Stadt",2032,119873.12335560084,113426.74486395688,126588.35082274256
5512,"      Bottrop, kreisfreie Stadt",2033,120017.44043380483,112421.40248391294,128043.52627257835
5512,"      Bottrop, kreisfreie Stadt",2034,120161.75751200887,111185.8543415008,129379.3583803302
5512,"      Bottrop, kreisfreie Stadt",2035,120306.0745902129,109923.96109886524,130917.87602552932
5512,"      Bottrop, kreisfreie Stadt",2036,120450.78705767226,108555.69492054117,132560.77029099024
5512,"      Bottrop, kreisfreie Stadt",2037,120595.10413587627,107218.76579386531,134282.62965092788
5512,"      Bottrop, kreisfreie Stadt",2038,120739.4212140803,105848.144156279,135902.33037170343
5512,"      Bottrop, kreisfreie Stadt",2039,120883.73829228432,103928.95461378367,137652.58554729252
5512,"      Bottrop, kreisfreie Stadt",2040,121028.45075974368,102550.9632439011,139201.21921944935
5513,"      Gelsenkirchen, kreisfreie Stadt",2025,270035.534277865,268601.86043896707,271524.536070118
5513,"      Gelsenkirchen, kreisfreie Stadt",2026,271761.0325738896,267012.3944526841,276573.20246710826
5513,"      Gelsenkirchen, kreisfreie Stadt",2027,273486.53086991416,264686.6162231286,282741.59468507266
5513,"      Gelsenkirchen, kreisfreie Stadt",2028,275216.7565585306,261744.9921054821,289564.3215536147
5513,"      Gelsenkirchen, kreisfreie Stadt",2029,276942.2548545552,257812.5173846766,296042.5743412653
5513,"      Gelsenkirchen, kreisfreie Stadt",2030,278667.7531505797,252671.06134370624,303199.7326698671
5513,"      Gelsenkirchen, kreisfreie Stadt",2031,280393.2514466044,247165.5773027955,311047.04772534326
5513,"      Gelsenkirchen, kreisfreie Stadt",2032,282123.4771352208,240173.4828507829,320383.04641207494
5513,"      Gelsenkirchen, kreisfreie Stadt",2033,283848.9754312454,234214.41603888053,330997.6102225877
5513,"      Gelsenkirchen, kreisfreie Stadt",2034,285574.47372727,228367.52533426392,339100.4367966752
5513,"      Gelsenkirchen, kreisfreie Stadt",2035,287299.97202329454,221811.0251014869,349047.59868215007
5513,"      Gelsenkirchen, kreisfreie Stadt",2036,289030.197711911,216993.8865812061,360948.0413736136
5513,"      Gelsenkirchen, kreisfreie Stadt",2037,290755.6960079356,209266.63925883663,372511.2283216597
5513,"      Gelsenkirchen, kreisfreie Stadt",2038,292481.19430396013,201122.8234672339,385605.3886747302
5513,"      Gelsenkirchen, kreisfreie Stadt",2039,294206.6925999847,195792.36991794207,395892.2616833717
5513,"      Gelsenkirchen, kreisfreie Stadt",2040,295936.91828860115,187179.40471355172,408834.6694426745
5515,"      Münster, kreisfreie Stadt",2025,303900.8892238806,300843.5875301812,307117.5839081157
5515,"      Münster, kreisfreie Stadt",2026,301558.9074763506,298148.5902363348,304989.0137162172
5515,"      Münster, kreisfreie Stadt",2027,299216.9257288206,295576.18937457923,303289.7475925002
5515,"      Münster, kreisfreie Stadt",2028,296868.52759294125,292782.4238593323,301378.0243638506
5515,"      Münster, kreisfreie Stadt",2029,294526.54584541125,289220.24128604465,299854.1630359596
5515,"      Münster, kreisfreie Stadt",2030,292184.5640978813,285805.23236542434,299121.7069103539
5515,"      Münster, kreisfreie Stadt",2031,289842.5823503513,282063.289690887,298250.9015364178
5515,"      Münster, kreisfreie Stadt",2032,287494.184214472,277999.7256169286,296914.9543566858
5515,"      Münster, kreisfreie Stadt",2033,285152.202466942,273900.9569885057,296923.5197696499
5515,"      Münster, kreisfreie Stadt",2034,282810.220719412,269633.677865387,296102.59476483875
5515,"      Münster, kreisfreie Stadt",2035,280468.23897188203,265287.14383260004,295791.9810470088
5515,"      Münster, kreisfreie Stadt",2036,278119.84083600267,261294.4701604614,295446.1800584364
5515,"      Münster, kreisfreie Stadt",2037,275777.8590884727,256931.7512505258,294914.07770461
5515,"      Münster, kreisfreie Stadt",2038,273435.8773409427,251693.36032488247,294741.73271512706
5515,"      Münster, kreisfreie Stadt",2039,271093.89559341274,246521.1405769036,294262.0295813408
5515,"      Münster, kreisfreie Stadt",2040,268745.4974575334,241848.4352670994,294200.18414064555
5554,"      Borken, Kreis",2025,382935.43892742216,382241.8178684426,383565.06165414426
5554,"      Borken, Kreis",2026,384785.8147142706,382741.96421422623,386630.53585988295
5554,"      Borken, Kreis",2027,386636.190501119,382743.53355332447,390394.1326635031
5554,"      Borken, Kreis",2028,388491.6358106712,382301.5728679391,394533.69116196886
5554,"      Borken, Kreis",2029,390342.0115975196,381498.0376715271,399647.8743094583
5554,"      Borken, Kreis",2030,392192.3873843681,380883.1246816776,404936.121188934
5554,"      Borken, Kreis",2031,394042.7631712164,379608.2662657448,410371.7354126253
5554,"      Borken, Kreis",2032,395898.20848076855,377692.2354395413,415381.6233142939
5554,"      Borken, Kreis",2033,397748.5842676169,375340.05890324304,421197.8735957184
5554,"      Borken, Kreis",2034,399598.9600544654,373007.0108977744,426472.0345476535
5554,"      Borken, Kreis",2035,401449.3358413138,370176.260667746,432090.9619070767
5554,"      Borken, Kreis",2036,403304.781150866,367800.72394821455,438023.6645215333
5554,"      Borken, Kreis",2037,405155.1569377143,364215.8072727371,444760.2520580576
5554,"      Borken, Kreis",2038,407005.5327245628,361198.6271143382,450785.6345615955
5554,"      Borken, Kreis",2039,408855.9085114112,357461.1709435847,457178.2718377469
5554,"      Borken, Kreis",2040,410711.35382096336,353590.77934170974,464362.6165531886
5558,"      Coesfeld, Kreis",2025,229387.16814975423,228847.0957057617,230026.0843780392
5558,"      Coesfeld, Kreis",2026,230942.61952821183,229212.46873765925,233047.9828632768
5558,"      Coesfeld, Kreis",2027,232498.07090666945,229026.4015895317,236635.58291092177
5558,"      Coesfeld, Kreis",2028,234057.7837957529,228486.6230906382,240098.4125439781
5558,"      Coesfeld, Kreis",2029,235613.2351742105,227703.91267614183,244264.16035841103
5558,"      Coesfeld, Kreis",2030,237168.6865526681,227000.28348889184,248667.91322345744
5558,"      Coesfeld, Kreis",2031,238724.13793112576,225931.96115060183,253400.25115732284
5558,"      Coesfeld, Kreis",2032,240283.8508202092,224682.30584572657,258545.795147781
5558,"      Coesfeld, Kreis",2033,241839.30219866685,223097.65224756155,263333.21153423283
5558,"      Coesfeld, Kreis",2034,243394.7535771244,221062.04226739425,268491.3441422172
5558,"      Coesfeld, Kreis",2035,244950.20495558204,219227.60756612403,273509.84176429803
5558,"      Coesfeld, Kreis",2036,246509.9178446656,216976.0696092875,278884.6149273569
5558,"      Coesfeld, Kreis",2037,248065.36922312315,213968.6636267457,285471.3463686305
5558,"      Coesfeld, Kreis",2038,249620.82060158075,211693.434705618,291122.6535591364
5558,"      Coesfeld, Kreis",2039,251176.2719800383,208495.17605145447,298082.7015307913
5558,"      Coesfeld, Kreis",2040,252735.98486912184,206008.31098696592,304030.6361844231
5562,"      Recklinghausen, Kreis",2025,621473.3387007256,619326.6991631683,623446.5549539113
5562,"      Recklinghausen, Kreis",2026,621204.936511914,614549.8582360062,627409.5976729892
5562,"      Recklinghausen, Kreis",2027,620936.5343231024,608719.1731037783,632930.5275905012
5562,"      Recklinghausen, Kreis",2028,620667.3967858283,601712.6618969339,639723.2081368653
5562,"      Recklinghausen, Kreis",2029,620398.9945970167,593469.5905463714,646678.0606189836
5562,"      Recklinghausen, Kreis",2030,620130.5924082051,583254.3348612421,656124.884840232
5562,"      Recklinghausen, Kreis",2031,619862.1902193936,573185.8782347651,666302.9291219164
5562,"      Recklinghausen, Kreis",2032,619593.0526821194,562129.3567907574,674233.3152680668
5562,"      Recklinghausen, Kreis",2033,619324.6504933079,551074.2569094532,683573.4869493739
5562,"      Recklinghausen, Kreis",2034,619056.2483044962,539487.7656489228,695054.936552013
5562,"      Recklinghausen, Kreis",2035,618787.8461156846,525191.0648945027,709168.1629666259
5562,"      Recklinghausen, Kreis",2036,618518.7085784106,512405.2333627503,720751.31640541
5562,"      Recklinghausen, Kreis",2037,618250.306389599,499013.2061912471,735417.7592530862
5562,"      Recklinghausen, Kreis",2038,617981.9042007873,484855.2114569901,751165.4432227706
5562,"      Recklinghausen, Kreis",2039,617713.5020119757,469043.84359351743,763525.6684222921
5562,"      Recklinghausen, Kreis",2040,617444.3644747016,454786.9534966495,780242.4999374415
5566,"      Steinfurt, Kreis",2025,454143.7958082453,452670.1279204295,455675.6788249749
5566,"      Steinfurt, Kreis",2026,456386.1295431105,451545.86130481854,461081.1829669551
5566,"      Steinfurt, Kreis",2027,458628.4632779757,450172.2606079705,467446.1104897877
5566,"      Steinfurt, Kreis",2028,460876.9403929365,447718.1638142526,475656.6323895863
5566,"      Steinfurt, Kreis",2029,463119.2741278017,443927.1769965616,484247.01763378136
5566,"      Steinfurt, Kreis",2030,465361.60786266695,440707.4500550896,493823.9086443237
5566,"      Steinfurt, Kreis",2031,467603.94159753225,436084.6691708597,501614.29757477576
5566,"      Steinfurt, Kreis",2032,469852.41871249286,430132.9027150747,512149.5277904891
5566,"      Steinfurt, Kreis",2033,472094.75244735816,423368.5843053288,523400.0302250441
5566,"      Steinfurt, Kreis",2034,474337.0861822234,417355.4100376381,534262.1688212706
5566,"      Steinfurt, Kreis",2035,476579.4199170886,411200.0040044579,547238.5392925474
5566,"      Steinfurt, Kreis",2036,478827.89703204937,405051.3994311798,558258.675399019
5566,"      Steinfurt, Kreis",2037,481070.2307669146,398059.656787496,570276.0339750517
5566,"      Steinfurt, Kreis",2038,483312.5645017798,392155.5344029663,584392.3846040502
5566,"      Steinfurt, Kreis",2039,485554.898236645,384797.2835265684,597738.4705703171
5566,"      Steinfurt, Kreis",2040,487803.3753516058,374267.3586029176,610022.831738895
5570,"      Warendorf, Kreis",2025,283542.1516575829,282790.6044690916,284232.0677455787
5570,"      Warendorf, Kreis",2026,284323.47262476315,281952.2919059143,286499.2416826265
5570,"      Warendorf, Kreis",2027,285104.79359194345,280639.2230301455,289561.2011196204
5570,"      Warendorf, Kreis",2028,285888.25516451325,278793.2718456834,292698.0234981009
5570,"      Warendorf, Kreis",2029,286669.57613169355,276590.9124394625,296345.71729811054
5570,"      Warendorf, Kreis",2030,287450.89709887386,274215.3419808155,300293.15751078946
5570,"      Warendorf, Kreis",2031,288232.21806605416,271304.44304290484,304190.13534727297
5570,"      Warendorf, Kreis",2032,289015.679638624,267975.17448391864,308096.8657770241
5570,"      Warendorf, Kreis",2033,289797.0006058043,264592.91719540703,312562.845555918
5570,"      Warendorf, Kreis",2034,290578.3215729845,261022.32471047065,317056.2137058933
5570,"      Warendorf, Kreis",2035,291359.6425401649,256609.24137606303,322065.61723932624
5570,"      Warendorf, Kreis",2036,292143.10411273467,252190.46698765008,326843.7596975112
5570,"      Warendorf, Kreis",2037,292924.425079915,247106.46140945563,333420.8471094943
5570,"      Warendorf, Kreis",2038,293705.7460470953,242102.6542371249,339585.1164298217
5570,"      Warendorf, Kreis",2039,294487.0670142755,236643.3124287176,345697.4036651814
5570,"      Warendorf, Kreis",2040,295270.5285868454,231640.0160487817,351794.2042016464
5711,"      Bielefeld, kreisfreie Stadt",2025,331722.828668957,330474.7305590423,332797.73948624067
5711,"      Bielefeld, kreisfreie Stadt",2026,331832.6359112283,327824.33566961304,335510.8420086483
5711,"      Bielefeld, kreisfreie Stadt",2027,331942.4431534996,324470.5845036911,338835.0918400075
5711,"      Bielefeld, kreisfreie Stadt",2028,332052.55123753054,319465.8695419867,343107.9890399106
5711,"      Bielefeld, kreisfreie Stadt",2029,332162.3584798018,313510.1636907274,347559.30512727407
5711,"      Bielefeld, kreisfreie Stadt",2030,332272.16572207306,307937.86911584245,352754.0391132704
5711,"      Bielefeld, kreisfreie Stadt",2031,332381.9729643444,301333.05259384494,358877.41711137386
5711,"      Bielefeld, kreisfreie Stadt",2032,332492.08104837534,293695.86709727463,364977.420351529
5711,"      Bielefeld, kreisfreie Stadt",2033,332601.8882906466,287921.8000688584,372081.9468138215
5711,"      Bielefeld, kreisfreie Stadt",2034,332711.69553291786,280577.32161255315,379808.9742218016
5711,"      Bielefeld, kreisfreie Stadt",2035,332821.5027751892,272340.041084636,387937.7954798615
5711,"      Bielefeld, kreisfreie Stadt",2036,332931.6108592201,263830.64811164,396381.1229905141
5711,"      Bielefeld, kreisfreie Stadt",2037,333041.41810149135,254218.7078849049,403405.0283377706
5711,"      Bielefeld, kreisfreie Stadt",2038,333151.22534376266,245775.19909223187,412814.5340304849
5711,"      Bielefeld, kreisfreie Stadt",2039,333261.032586034,235670.95713336824,421683.7638424924
5711,"      Bielefeld, kreisfreie Stadt",2040,333371.14067006484,225074.81139111496,430926.1028610372
5754,"      Gütersloh, Kreis",2025,365204.0589147977,364057.02413696144,366313.9732898532
5754,"      Gütersloh, Kreis",2026,366201.4743927384,362562.02814140695,369593.0068999841
5754,"      Gütersloh, Kreis",2027,367198.8898706792,359958.01553441153,374247.573730532
5754,"      Gütersloh, Kreis",2028,368199.03799376485,356151.21603461885,379144.7979705661
5754,"      Gütersloh, Kreis",2029,369196.4534717056,351469.7800016292,384713.4413845833
5754,"      Gütersloh, Kreis",2030,370193.8689496463,346761.23538716434,390668.5591047044
5754,"      Gütersloh, Kreis",2031,371191.2844275869,341760.675430574,397349.4471324864
5754,"      Gütersloh, Kreis",2032,372191.43255067273,336482.0437054915,403931.7757358245
5754,"      Gütersloh, Kreis",2033,373188.8480286135,330113.082324522,410826.48947841866
5754,"      Gütersloh, Kreis",2034,374186.2635065541,323860.8006392205,418454.3504143388
5754,"      Gütersloh, Kreis",2035,375183.6789844948,318090.6942778253,426665.0536376024
5754,"      Gütersloh, Kreis",2036,376183.8271075806,311197.0295385188,435501.3320759013
5754,"      Gütersloh, Kreis",2037,377181.24258552137,303363.47976459074,445317.5985813827
5754,"      Gütersloh, Kreis",2038,378178.658063462,294578.7362562283,454084.9617287432
5754,"      Gütersloh, Kreis",2039,379176.0735414027,285742.60354883847,464836.5922710576
5754,"      Gütersloh, Kreis",2040,380176.2216644885,277454.21463941137,472825.6377616462
5758,"      Herford, Kreis",2025,254104.76427105063,252900.56607753047,255234.73621817568
5758,"      Herford, Kreis",2026,253833.1718048418,250160.2759201885,257552.4906131888
5758,"      Herford, Kreis",2027,253561.57933863293,246388.6193334793,260474.25168767667
5758,"      Herford, Kreis",2028,253289.24278347555,242166.52205255328,263841.8713532751
5758,"      Herford, Kreis",2029,253017.6503172667,236446.7994295656,268724.47637153225
5758,"      Herford, Kreis",2030,252746.05785105785,231826.8362079995,273923.8390090544
5758,"      Herford, Kreis",2031,252474.46538484897,225017.0023462832,279450.0132541801
5758,"      Herford, Kreis",2032,252202.1288296916,219600.03963917724,286169.5106602804
5758,"      Herford, Kreis",2033,251930.5363634828,212628.5253908653,292940.92182066734
5758,"      Herford, Kreis",2034,251658.9438972739,203591.50855934,300245.0067740808
5758,"      Herford, Kreis",2035,251387.351431065,195259.48873717108,309718.4989176416
5758,"      Herford, Kreis",2036,251115.01487590763,186699.73087032163,315147.082744907
5758,"      Herford, Kreis",2037,250843.4224096988,176149.8086587687,323373.4409903954
5758,"      Herford, Kreis",2038,250571.82994348992,166065.1219497048,331393.32857857243
5758,"      Herford, Kreis",2039,250300.23747728107,157037.76542170357,340064.7948334916
5758,"      Herford, Kreis",2040,250027.9009221237,145919.71881492558,348552.94203941344
5762,"      Höxter, Kreis",2025,139387.31269922474,138791.74005633435,140051.2445313331
5762,"      Höxter, Kreis",2026,139541.2436153119,137581.16981259637,141675.05118866471
5762,"      Höxter, Kreis",2027,139695.17453139904,135816.40772071108,143665.78372870004
5762,"      Höxter, Kreis",2028,139849.52717602337,133527.54316122748,145860.8853544728
5762,"      Höxter, Kreis",2029,140003.45809211052,131238.0577101321,148876.77128076938
5762,"      Höxter, Kreis",2030,140157.38900819767,128349.547462168,152224.82473860076
5762,"      Höxter, Kreis",2031,140311.31992428482,125408.13738244088,156088.91887378183
5762,"      Höxter, Kreis",2032,140465.6725689092,122420.04446177748,160509.22976637696
5762,"      Höxter, Kreis",2033,140619.60348499636,119096.17939579234,164603.95021804408
5762,"      Höxter, Kreis",2034,140773.5344010835,115296.35892640996,169206.5644298034
5762,"      Höxter, Kreis",2035,140927.46531717066,110761.14497486484,173166.0663990623
5762,"      Höxter, Kreis",2036,141081.81796179502,106527.41923367244,177817.76345912076
5762,"      Höxter, Kreis",2037,141235.74887788217,101926.09279816916,182317.7876073764
5762,"      Höxter, Kreis",2038,141389.67979396932,98349.073705421,186589.3730288956
5762,"      Höxter, Kreis",2039,141543.61071005647,92859.90497903578,191748.20550983425
5762,"      Höxter, Kreis",2040,141697.96335468083,87552.59829795995,196657.28202134324
5766,"      Lippe, Kreis",2025,346554.40087195,345683.8949353413,347426.58944777807
5766,"      Lippe, Kreis",2026,345992.72731197934,343095.5481894466,348943.72421423544
5766,"      Lippe, Kreis",2027,345431.0537520086,339915.7980504997,351387.7784346857
5766,"      Lippe, Kreis",2028,344867.8413603667,335929.18407009455,354385.93905256
5766,"      Lippe, Kreis",2029,344306.167800396,331266.2163927457,357761.66647914203
5766,"      Lippe, Kreis",2030,343744.49424042524,326938.7386716195,361044.6448857028
5766,"      Lippe, Kreis",2031,343182.8206804545,322096.84682290605,365274.6271292053
5766,"      Lippe, Kreis",2032,342619.6082888126,316447.77598500287,369917.9318201689
5766,"      Lippe, Kreis",2033,342057.9347288419,310896.2781642598,374197.05935279984
5766,"      Lippe, Kreis",2034,341496.2611688712,304905.8999466257,379457.8120554855
5766,"      Lippe, Kreis",2035,340934.58760890045,299504.3463457192,385113.06620008737
5766,"      Lippe, Kreis",2036,340371.3752172586,293535.3693253279,390556.9899047958
5766,"      Lippe, Kreis",2037,339809.70165728783,287653.9354912169,397046.03039890097
5766,"      Lippe, Kreis",2038,339248.02809731715,279905.16596612486,401607.888258666
5766,"      Lippe, Kreis",2039,338686.3545373464,272511.2047583291,408428.86418011226
5766,"      Lippe, Kreis",2040,338123.14214570454,264998.87587521743,415355.1864903549
5770,"      Minden-Lübbecke, Kreis",2025,320627.8371146605,318684.6888036034,322738.97852570313
5770,"      Minden-Lübbecke, Kreis",2026,320588.09192661423,314042.4461551172,327571.15360242955
5770,"      Minden-Lübbecke, Kreis",2027,320548.3467385679,307979.4577280141,333829.43497852806
5770,"      Minden-Lübbecke, Kreis",2028,320508.49265959545,300461.2494979472,342572.49133041746
5770,"      Minden-Lübbecke, Kreis",2029,320468.7474715492,292013.21300150163,350478.2190216751
5770,"      Minden-Lübbecke, Kreis",2030,320429.0022835029,282199.45335755474,359173.2020580479
5770,"      Minden-Lübbecke, Kreis",2031,320389.25709545665,272473.24242647074,368901.612187046
5770,"      Minden-Lübbecke, Kreis",2032,320349.40301648417,262108.22756970863,378657.27891148656
5770,"      Minden-Lübbecke, Kreis",2033,320309.6578284379,251063.4545458436,392166.82836956094
5770,"      Minden-Lübbecke, Kreis",2034,320269.9126403916,239002.650297216,404642.44509297376
5770,"      Minden-Lübbecke, Kreis",2035,320230.16745234537,224985.550482857,417136.0382691682
5770,"      Minden-Lübbecke, Kreis",2036,320190.3133733729,210501.24745480923,430207.4166304153
5770,"      Minden-Lübbecke, Kreis",2037,320150.5681853266,195897.9858743097,445482.2005698612
5770,"      Minden-Lübbecke, Kreis",2038,320110.82299728034,179653.87006515628,459941.5210068971
5770,"      Minden-Lübbecke, Kreis",2039,320071.0778092341,161791.28054519524,479216.8917076772
5770,"      Minden-Lübbecke, Kreis",2040,320031.2237302616,147252.730349991,495926.8541459133
5774,"      Paderborn, Kreis",2025,317180.4031115555,316161.9629682597,318116.2703680921
5774,"      Paderborn, Kreis",2026,318202.88714547537,315080.62791402347,321164.0920760003
5774,"      Paderborn, Kreis",2027,319225.37117939524,313116.14181647904,324826.7138072156
5774,"      Paderborn, Kreis",2028,320250.65653943544,310561.43916457135,329233.09601522086
5774,"      Paderborn, Kreis",2029,321273.14057335537,307915.124585109,334224.4975085838
5774,"      Paderborn, Kreis",2030,322295.62460727524,304596.84056807746,340120.5178577661
5774,"      Paderborn, Kreis",2031,323318.1086411951,300602.9295221543,345728.01865553367
5774,"      Paderborn, Kreis",2032,324343.3940012353,295851.7480365683,351323.00321199285
5774,"      Paderborn, Kreis",2033,325365.87803515524,291469.09905464266,358030.3506458228
5774,"      Paderborn, Kreis",2034,326388.3620690751,286385.76744996867,364400.2984417053
5774,"      Paderborn, Kreis",2035,327410.846102995,280542.10305997985,372098.1314441035
5774,"      Paderborn, Kreis",2036,328436.1314630353,275270.35373214626,380182.2783015683
5774,"      Paderborn, Kreis",2037,329458.6154969552,270106.52363536856,388127.2594658767
5774,"      Paderborn, Kreis",2038,330481.09953087504,263906.4685794237,396719.4312633605
5774,"      Paderborn, Kreis",2039,331503.58356479486,256822.08965065787,407354.01396895753
5774,"      Paderborn, Kreis",2040,332528.8689248352,249494.40182756176,415566.0346269496
5911,"      Bochum, kreisfreie Stadt",2025,359755.5794798008,357777.96511927096,361705.1774860366
5911,"      Bochum, kreisfreie Stadt",2026,360978.79446762765,354519.9281527965,367202.6565701115
5911,"      Bochum, kreisfreie Stadt",2027,362202.0094554545,350316.81577447173,374827.0086666903
5911,"      Bochum, kreisfreie Stadt",2028,363428.57571722055,344305.7425126499,383341.0716027921
5911,"      Bochum, kreisfreie Stadt",2029,364651.7907050474,338001.3367460553,393674.24238177255
5911,"      Bochum, kreisfreie Stadt",2030,365875.0056928743,329608.64783645887,403852.536631211
5911,"      Bochum, kreisfreie Stadt",2031,367098.22068070114,320892.06979894044,414703.3851322952
5911,"      Bochum, kreisfreie Stadt",2032,368324.78694246727,311975.4749573429,425229.18157573446
5911,"      Bochum, kreisfreie Stadt",2033,369548.0019302941,301979.20183050295,437024.9590560894
5911,"      Bochum, kreisfreie Stadt",2034,370771.216918121,291267.19039005577,448601.7112705142
5911,"      Bochum, kreisfreie Stadt",2035,371994.4319059479,280151.16013237176,461641.3696022236
5911,"      Bochum, kreisfreie Stadt",2036,373220.99816771393,269356.87446254736,475425.4586326081
5911,"      Bochum, kreisfreie Stadt",2037,374444.2131555408,255800.72836526585,489263.5550479518
5911,"      Bochum, kreisfreie Stadt",2038,375667.4281433677,241452.87093733728,505005.3124645758
5911,"      Bochum, kreisfreie Stadt",2039,376890.6431311945,229741.0951725964,521551.4022061302
5911,"      Bochum, kreisfreie Stadt",2040,378117.2093929607,216365.4901000268,540022.5901190924
5913,"      Dortmund, kreisfreie Stadt",2025,605482.0893047382,603037.3218012045,608534.5280304251
5913,"      Dortmund, kreisfreie Stadt",2026,607525.4688304549,599228.6512444107,617145.3757359599
5913,"      Dortmund, kreisfreie Stadt",2027,609568.8483561717,593233.221087537,627925.7953980363
5913,"      Dortmund, kreisfreie Stadt",2028,611617.8261819589,584737.1266749937,639913.2985624002
5913,"      Dortmund, kreisfreie Stadt",2029,613661.2057076755,574109.7500459463,653255.627394703
5913,"      Dortmund, kreisfreie Stadt",2030,615704.5852333922,562643.009153266,668150.5557098477
5913,"      Dortmund, kreisfreie Stadt",2031,617747.964759109,551472.4237371868,685790.3515418263
5913,"      Dortmund, kreisfreie Stadt",2032,619796.9425848962,538264.644073163,699905.7741721192
5913,"      Dortmund, kreisfreie Stadt",2033,621840.3221106129,525010.4966427523,718852.9573523576
5913,"      Dortmund, kreisfreie Stadt",2034,623883.7016363295,512752.8486436607,740145.8166542173
5913,"      Dortmund, kreisfreie Stadt",2035,625927.0811620463,497594.86967039865,761682.270921326
5913,"      Dortmund, kreisfreie Stadt",2036,627976.0589878336,481862.5448991165,784334.6228252352
5913,"      Dortmund, kreisfreie Stadt",2037,630019.4385135502,462726.2418267563,806240.8185015711
5913,"      Dortmund, kreisfreie Stadt",2038,632062.8180392669,446306.2393574976,832461.882876907
5913,"      Dortmund, kreisfreie Stadt",2039,634106.1975649836,427231.1832288797,858767.1044709127
5913,"      Dortmund, kreisfreie Stadt",2040,636155.1753907707,405054.4267065669,885648.364005571
5914,"      Hagen, kreisfreie Stadt",2025,190787.4522736789,190213.7400814564,191332.4640425732
5914,"      Hagen, kreisfreie Stadt",2026,191022.33960035047,189243.25275722524,192716.068665362
5914,"      Hagen, kreisfreie Stadt",2027,191257.22692702204,187824.77626629663,194517.1478365702
5914,"      Hagen, kreisfreie Stadt",2028,191492.757780616,186121.1619591661,196781.08234927483
5914,"      Hagen, kreisfreie Stadt",2029,191727.6451072876,184247.4111116877,198999.83535240832
5914,"      Hagen, kreisfreie Stadt",2030,191962.5324339591,182415.0126402893,201987.38416379463
5914,"      Hagen, kreisfreie Stadt",2031,192197.41976063067,180412.37512471105,204486.2642469499
5914,"      Hagen, kreisfreie Stadt",2032,192432.95061422465,177460.26413337572,207442.560421772
5914,"      Hagen, kreisfreie Stadt",2033,192667.83794089616,175068.4032397004,210709.5916632556
5914,"      Hagen, kreisfreie Stadt",2034,192902.72526756773,171701.08322365166,213867.2594760249
5914,"      Hagen, kreisfreie Stadt",2035,193137.6125942393,168561.93626901848,217160.17873711532
5914,"      Hagen, kreisfreie Stadt",2036,193373.14344783325,164818.51710861118,221428.5081550009
5914,"      Hagen, kreisfreie Stadt",2037,193608.0307745048,161270.26234151574,224865.01299326052
5914,"      Hagen, kreisfreie Stadt",2038,193842.9181011764,157433.87969994984,229623.895663675
5914,"      Hagen, kreisfreie Stadt",2039,194077.80542784792,153329.20090759615,233688.5146983968
5914,"      Hagen, kreisfreie Stadt",2040,194313.33628144188,151008.91989015092,238419.5723876259
5915,"      Hamm, kreisfreie Stadt",2025,180078.6079328255,179652.75502867115,180523.4998827025
5915,"      Hamm, kreisfreie Stadt",2026,180310.41221879428,178923.3626185352,181654.34953496268
5915,"      Hamm, kreisfreie Stadt",2027,180542.21650476303,177781.84336277083,183045.778891548
5915,"      Hamm, kreisfreie Stadt",2028,180774.65587096737,176285.5179194593,184842.1884180461
5915,"      Hamm, kreisfreie Stadt",2029,181006.4601569361,174483.89878516,186695.87482813813
5915,"      Hamm, kreisfreie Stadt",2030,181238.2644429049,172585.2229132115,189034.71124018024
5915,"      Hamm, kreisfreie Stadt",2031,181470.0687288737,170809.2403333174,191380.32625560547
5915,"      Hamm, kreisfreie Stadt",2032,181702.508095078,168955.61598468755,193865.89628753305
5915,"      Hamm, kreisfreie Stadt",2033,181934.3123810468,166833.4237997769,196089.90132923017
5915,"      Hamm, kreisfreie Stadt",2034,182166.1166670156,164098.00961961428,198746.4087278134
5915,"      Hamm, kreisfreie Stadt",2035,182397.9209529844,161825.76191815754,201652.2715679553
5915,"      Hamm, kreisfreie Stadt",2036,182630.36031918865,159407.70584407175,204774.3151925633
5915,"      Hamm, kreisfreie Stadt",2037,182862.16460515745,156371.03045226148,207687.67418063144
5915,"      Hamm, kreisfreie Stadt",2038,183093.96889112625,153746.93839814403,211385.0613199003
5915,"      Hamm, kreisfreie Stadt",2039,183325.77317709496,150951.06275860587,214493.0917615535
5915,"      Hamm, kreisfreie Stadt",2040,183558.21254329928,147925.37238517212,217278.22315492565
5916,"      Herne, kreisfreie Stadt",2025,156082.45036097846,155617.95197549136,156502.0380008966
5916,"      Herne, kreisfreie Stadt",2026,156183.9966977232,154787.2822701401,157426.16784011846
5916,"      Herne, kreisfreie Stadt",2027,156285.54303446796,153826.35182475665,158792.2037710644
5916,"      Herne, kreisfreie Stadt",2028,156387.36758035445,152468.4914101543,160184.10968782005
5916,"      Herne, kreisfreie Stadt",2029,156488.91391709918,150819.71283470246,161849.0895086846
5916,"      Herne, kreisfreie Stadt",2030,156590.46025384395,149381.20464565093,163464.55721361222
5916,"      Herne, kreisfreie Stadt",2031,156692.0065905887,147863.08462713822,165594.4599044514
5916,"      Herne, kreisfreie Stadt",2032,156793.8311364752,146193.10639488162,167916.60537945107
5916,"      Herne, kreisfreie Stadt",2033,156895.37747321994,144456.0985968963,170326.2352256593
5916,"      Herne, kreisfreie Stadt",2034,156996.92380996468,142409.24443641675,172475.3866018137
5916,"      Herne, kreisfreie Stadt",2035,157098.47014670944,140185.17396246357,175279.46926989604
5916,"      Herne, kreisfreie Stadt",2036,157200.29469259595,137908.357705276,177933.3430294165
5916,"      Herne, kreisfreie Stadt",2037,157301.8410293407,135078.39312027826,180357.2947166068
5916,"      Herne, kreisfreie Stadt",2038,157403.38736608543,133031.4368638877,182847.34387488925
5916,"      Herne, kreisfreie Stadt",2039,157504.9337028302,130562.24416978651,186510.9346982861
5916,"      Herne, kreisfreie Stadt",2040,157606.7582487167,127319.99220729752,189471.94621953345
5954,      Ennepe-Ruhr-Kreis,2025,313686.93074007746,312553.3978506282,315081.29585745785
5954,      Ennepe-Ruhr-Kreis,2026,313102.80934991525,309217.592057172,317618.0242952971
5954,      Ennepe-Ruhr-Kreis,2027,312518.687959753,304263.48717423325,321051.3409524612
5954,      Ennepe-Ruhr-Kreis,2028,311932.966237015,299110.47483685415,325174.6570864313
5954,      Ennepe-Ruhr-Kreis,2029,311348.8448468527,293167.9457717852,329209.3981518978
5954,      Ennepe-Ruhr-Kreis,2030,310764.7234566905,286472.62096481986,334465.6689358889
5954,      Ennepe-Ruhr-Kreis,2031,310180.6020665282,280654.6018305364,339842.66621782177
5954,      Ennepe-Ruhr-Kreis,2032,309594.8803437902,272531.4138547793,346705.81317990884
5954,      Ennepe-Ruhr-Kreis,2033,309010.758953628,264078.74585360376,352936.48685963347
5954,      Ennepe-Ruhr-Kreis,2034,308426.6375634658,255991.139380096,360322.2997688161
5954,      Ennepe-Ruhr-Kreis,2035,307842.51617330353,247386.45920595148,368201.4694789874
5954,      Ennepe-Ruhr-Kreis,2036,307256.79445056553,236723.33809650835,376792.2942384993
5954,      Ennepe-Ruhr-Kreis,2037,306672.67306040326,226365.46033141416,385688.2972247105
5954,      Ennepe-Ruhr-Kreis,2038,306088.55167024105,214972.6455320245,395181.7199310313
5954,      Ennepe-Ruhr-Kreis,2039,305504.4302800788,205380.95038569884,404471.6697357592
5954,      Ennepe-Ruhr-Kreis,2040,304918.7085573408,197624.69817384853,416057.3985158592
5958,      Hochsauerlandkreis,2025,260858.59672035047,260088.19440173943,261541.998705755
5958,      Hochsauerlandkreis,2026,260782.0761860409,258466.1640980992,262930.820618456
5958,      Hochsauerlandkreis,2027,260705.55565173147,256064.8443986454,264933.83983714174
5958,      Hochsauerlandkreis,2028,260628.8254721225,253157.7859112113,267357.42408958887
5958,      Hochsauerlandkreis,2029,260552.30493781305,249670.9158330604,269834.92689557263
5958,      Hochsauerlandkreis,2030,260475.78440350352,246392.81897171977,272865.4387834973
5958,      Hochsauerlandkreis,2031,260399.26386919405,242470.0866452429,276025.1598710258
5958,      Hochsauerlandkreis,2032,260322.53368958508,237620.9718304712,279264.0525584676
5958,      Hochsauerlandkreis,2033,260246.0131552756,233074.95841303584,283289.7123974702
5958,      Hochsauerlandkreis,2034,260169.49262096608,228645.7364217664,287603.71928291663
5958,      Hochsauerlandkreis,2035,260092.97208665652,222955.2996522124,291986.5353616122
5958,      Hochsauerlandkreis,2036,260016.2419070476,218403.0763511062,297106.1443337166
5958,      Hochsauerlandkreis,2037,259939.72137273813,214243.86541893624,302023.81207957794
5958,      Hochsauerlandkreis,2038,259863.20083842863,209650.50625718324,307308.46944991534
5958,      Hochsauerlandkreis,2039,259786.6803041192,203482.27816206584,311257.0444111609
5958,      Hochsauerlandkreis,2040,259709.9501245102,198109.44209789965,316660.9184162428
5962,      Märkischer Kreis,2025,406623.2699743241,405473.9567466022,407806.3496877374
5962,      Märkischer Kreis,2026,405342.3232139182,401837.0082884813,409333.7263876887
5962,      Märkischer Kreis,2027,404061.3764535123,397115.170860289,411417.1857520738
5962,      Märkischer Kreis,2028,402776.9202499272,391070.3928043769,414389.9590722557
5962,      Märkischer Kreis,2029,401495.9734895213,385588.3588954336,417373.82848000375
5962,      Märkischer Kreis,2030,400215.0267291154,378979.72978736006,421533.7095219857
5962,      Märkischer Kreis,2031,398934.0799687095,372852.9197405835,426708.11147056514
5962,      Märkischer Kreis,2032,397649.6237651244,365466.7367513116,431760.0478743475
5962,      Märkischer Kreis,2033,396368.6770047185,357641.59161586105,437996.9248111326
5962,      Märkischer Kreis,2034,395087.7302443126,348488.53176407894,443824.8749117579
5962,      Märkischer Kreis,2035,393806.7834839067,339519.8484632613,450113.3733846271
5962,      Märkischer Kreis,2036,392522.3272803216,329753.9615342165,456973.6328459788
5962,      Märkischer Kreis,2037,391241.38051991566,321241.84549900703,464143.7298210016
5962,      Märkischer Kreis,2038,389960.4337595098,312017.0739312509,470999.2554783562
5962,      Märkischer Kreis,2039,388679.4869991039,301857.4456071355,479752.9073707389
5962,      Märkischer Kreis,2040,387395.0307955188,291458.2983465716,488352.37469144346
5966,"      Olpe, Kreis",2025,132257.4091550431,131916.44968172716,132623.27796502077
5966,"      Olpe, Kreis",2026,132171.0247015423,131119.2148054177,133368.91799802828
5966,"      Olpe, Kreis",2027,132084.6402480415,130057.19888610624,134435.81287595644
5966,"      Olpe, Kreis",2028,131998.0191248051,128885.666072803,135845.1716220353
5966,"      Olpe, Kreis",2029,131911.63467130432,127448.77154951436,137341.14002134983
5966,"      Olpe, Kreis",2030,131825.25021780352,125807.17156817771,138822.83780759506
5966,"      Olpe, Kreis",2031,131738.86576430273,124257.04159606592,140610.77721060865
5966,"      Olpe, Kreis",2032,131652.2446410663,122410.52463387532,142601.87050475352
5966,"      Olpe, Kreis",2033,131565.86018756553,120439.73364930712,145011.77856658507
5966,"      Olpe, Kreis",2034,131479.47573406473,118835.09334227924,147466.27843282258
5966,"      Olpe, Kreis",2035,131393.09128056394,116657.40734608448,149591.6853781582
5966,"      Olpe, Kreis",2036,131306.4701573275,114160.16988870683,151614.22320938343
5966,"      Olpe, Kreis",2037,131220.08570382674,112046.60979467582,154761.19101165872
5966,"      Olpe, Kreis",2038,131133.70125032595,109750.5445261588,156783.75075457984
5966,"      Olpe, Kreis",2039,131047.31679682517,107759.2706889198,159400.78767388925
5966,"      Olpe, Kreis",2040,130960.69567358874,105951.97463986682,161502.88359854292
5970,"      Siegen-Wittgenstein, Kreis",2025,273802.62778609665,273082.8018980997,274522.0403821092
5970,"      Siegen-Wittgenstein, Kreis",2026,273523.0386591926,271193.43651083764,275779.11065171415
5970,"      Siegen-Wittgenstein, Kreis",2027,273243.4495322886,268701.00218068814,277724.1883907868
5970,"      Siegen-Wittgenstein, Kreis",2028,272963.0944077766,265376.5627331154,280320.2459285045
5970,"      Siegen-Wittgenstein, Kreis",2029,272683.50528087263,261894.40151034496,283050.7771239506
5970,"      Siegen-Wittgenstein, Kreis",2030,272403.9161539686,258233.63558288736,286253.1369879419
5970,"      Siegen-Wittgenstein, Kreis",2031,272124.3270270646,254255.18065355465,289820.5324932711
5970,"      Siegen-Wittgenstein, Kreis",2032,271843.9719025526,249755.1797876003,293170.4258080643
5970,"      Siegen-Wittgenstein, Kreis",2033,271564.3827756486,246458.8213423801,296145.4905474847
5970,"      Siegen-Wittgenstein, Kreis",2034,271284.7936487446,241482.45861997324,300115.6754889323
5970,"      Siegen-Wittgenstein, Kreis",2035,271005.2045218405,236881.04875726032,304675.2232900326
5970,"      Siegen-Wittgenstein, Kreis",2036,270724.84939732857,233126.57581459044,308515.3959799473
5970,"      Siegen-Wittgenstein, Kreis",2037,270445.2602704246,227177.4554625036,312056.9586843583
5970,"      Siegen-Wittgenstein, Kreis",2038,270165.67114352057,221867.9552350565,315773.99446328153
5970,"      Siegen-Wittgenstein, Kreis",2039,269886.0820166166,217312.8561933904,320593.1989456803
5970,"      Siegen-Wittgenstein, Kreis",2040,269605.7268921046,212454.71118508547,324468.8847853427
5974,"      Soest, Kreis",2025,300668.6122589682,299638.0496757159,301784.691240688
5974,"      Soest, Kreis",2026,300935.76629216754,297779.83288624417,304390.9928117899
5974,"      Soest, Kreis",2027,301202.920325367,294724.78664971486,307952.67101204325
5974,"      Soest, Kreis",2028,301470.80628742446,290818.04195670784,311668.266171106
5974,"      Soest, Kreis",2029,301737.9603206239,287207.6229935933,316583.3233785591
5974,"      Soest, Kreis",2030,302005.1143538233,281961.3726060488,320637.7426285601
5974,"      Soest, Kreis",2031,302272.2683870227,276334.76105855114,325429.642557786
5974,"      Soest, Kreis",2032,302540.1543490802,271467.1225989275,331674.12447804585
5974,"      Soest, Kreis",2033,302807.30838227965,265183.5543613447,338177.42406104726
5974,"      Soest, Kreis",2034,303074.46241547907,259473.56951961087,345317.1098583898
5974,"      Soest, Kreis",2035,303341.6164486785,253837.3352847899,353239.3073356097
5974,"      Soest, Kreis",2036,303609.502410736,247674.98704244752,361296.5108770809
5974,"      Soest, Kreis",2037,303876.6564439354,240839.6312768165,369122.734371982
5974,"      Soest, Kreis",2038,304143.8104771348,233392.76129686448,376008.8453725712
5974,"      Soest, Kreis",2039,304410.9645103342,226202.21560036816,384958.5317221285
5974,"      Soest, Kreis",2040,304678.85047239176,218645.7591528222,392792.1784172664
5978,"      Unna, Kreis",2025,393590.48349210847,392478.1539653983,394838.60572658473
5978,"      Unna, Kreis",2026,392800.3613547861,389717.5724572789,396470.84982284176
5978,"      Unna, Kreis",2027,392010.2392174637,385629.9653650048,398651.857025957
5978,"      Unna, Kreis",2028,391217.9523619568,380414.786543764,401552.34935234993
5978,"      Unna, Kreis",2029,390427.8302246344,375392.9931652796,405469.0561522181
5978,"      Unna, Kreis",2030,389637.708087312,369557.5946964959,409345.07060968457
5978,"      Unna, Kreis",2031,388847.5859499896,363692.4377415374,414092.1908954172
5978,"      Unna, Kreis",2032,388055.29909448273,356965.2842034215,418308.0322599135
5978,"      Unna, Kreis",2033,387265.1769571604,349828.93111941457,424241.5638292814
5978,"      Unna, Kreis",2034,386475.0548198379,343319.89112070214,430949.8667770193
5978,"      Unna, Kreis",2035,385684.9326825155,335539.7118200266,438461.1325137962
5978,"      Unna, Kreis",2036,384892.64582700864,328691.32696862606,443203.4682491517
5978,"      Unna, Kreis",2037,384102.5236896863,320812.1040079141,448901.644507023
5978,"      Unna, Kreis",2038,383312.4015523638,311799.0775020937,455455.9726535406
5978,"      Unna, Kreis",2039,382522.27941504144,301473.66329183336,462160.3608017561
5978,"      Unna, Kreis",2040,381729.9925595346,291625.41527799633,470279.5696322018
6411,"      Darmstadt, kreisfreie Stadt, Wissenschaftsstadt",2025,169431.84226805365,168760.39462333015,169991.39550577846
6411,"      Darmstadt, kreisfreie Stadt, Wissenschaftsstadt",2026,171781.20870666488,169673.33481012017,173647.00066985295
6411,"      Darmstadt, kreisfreie Stadt, Wissenschaftsstadt",2027,174130.57514527612,170144.65681221333,178031.1021622654
6411,"      Darmstadt, kreisfreie Stadt, Wissenschaftsstadt",2028,176486.37820426715,170052.8624082328,182527.21894008297
6411,"      Darmstadt, kreisfreie Stadt, Wissenschaftsstadt",2029,178835.74464287836,169527.63461342416,187514.0376701636
6411,"      Darmstadt, kreisfreie Stadt, Wissenschaftsstadt",2030,181185.1110814896,168515.55061335917,192921.48887353504
6411,"      Darmstadt, kreisfreie Stadt, Wissenschaftsstadt",2031,183534.47752010083,167486.90077282436,198530.74091498984
6411,"      Darmstadt, kreisfreie Stadt, Wissenschaftsstadt",2032,185890.28057909184,165978.9166624073,204068.1731367574
6411,"      Darmstadt, kreisfreie Stadt, Wissenschaftsstadt",2033,188239.64701770307,164851.31990066834,210182.78482353943
6411,"      Darmstadt, kreisfreie Stadt, Wissenschaftsstadt",2034,190589.01345631428,163189.3063467112,216576.8539578456
6411,"      Darmstadt, kreisfreie Stadt, Wissenschaftsstadt",2035,192938.3798949255,161451.51347130956,222770.8857621565
6411,"      Darmstadt, kreisfreie Stadt, Wissenschaftsstadt",2036,195294.1829539165,159482.87288066052,229824.0412380316
6411,"      Darmstadt, kreisfreie Stadt, Wissenschaftsstadt",2037,197643.54939252776,157966.93396412468,236983.25815691252
6411,"      Darmstadt, kreisfreie Stadt, Wissenschaftsstadt",2038,199992.91583113905,156441.88871249242,243836.4441068023
6411,"      Darmstadt, kreisfreie Stadt, Wissenschaftsstadt",2039,202342.28226975023,153847.6421982212,250688.74125619783
6411,"      Darmstadt, kreisfreie Stadt, Wissenschaftsstadt",2040,204698.08532874123,150920.08656185717,258141.693221842
6412,"      Frankfurt am Main, kreisfreie Stadt",2025,759451.6668377859,754618.6249203993,763845.9624535231
6412,"      Frankfurt am Main, kreisfreie Stadt",2026,763646.8698855063,748170.8860361896,779270.0911794603
6412,"      Frankfurt am Main, kreisfreie Stadt",2027,767842.0729332267,737870.8415750981,798260.2715090787
6412,"      Frankfurt am Main, kreisfreie Stadt",2028,772048.7696879272,724311.5646923872,819487.0745885323
6412,"      Frankfurt am Main, kreisfreie Stadt",2029,776243.9727356477,708997.6193219041,843294.358759775
6412,"      Frankfurt am Main, kreisfreie Stadt",2030,780439.1757833681,689014.110988023,872195.6384759508
6412,"      Frankfurt am Main, kreisfreie Stadt",2031,784634.3788310885,673367.8080546067,897492.7413773404
6412,"      Frankfurt am Main, kreisfreie Stadt",2032,788841.075585789,652518.9360448015,929973.6475714664
6412,"      Frankfurt am Main, kreisfreie Stadt",2033,793036.2786335094,631601.2398449135,966621.5807500388
6412,"      Frankfurt am Main, kreisfreie Stadt",2034,797231.4816812299,607823.8021266498,1003211.2809824536
6412,"      Frankfurt am Main, kreisfreie Stadt",2035,801426.6847289503,581395.4554738712,1035932.876626546
6412,"      Frankfurt am Main, kreisfreie Stadt",2036,805633.3814836508,556459.7728713515,1074414.6613245502
6412,"      Frankfurt am Main, kreisfreie Stadt",2037,809828.5845313712,515507.2154182032,1114880.8859638702
6412,"      Frankfurt am Main, kreisfreie Stadt",2038,814023.7875790916,481783.7206102864,1153806.186756816
6412,"      Frankfurt am Main, kreisfreie Stadt",2039,818218.9906268121,448298.5549838825,1191713.4096367026
6412,"      Frankfurt am Main, kreisfreie Stadt",2040,822425.6873815124,410864.7295123463,1235440.149029265
6413,"      Offenbach am Main, kreisfreie Stadt",2025,133905.0814581089,133378.45092772928,134463.27003007673
6413,"      Offenbach am Main, kreisfreie Stadt",2026,134999.87232160303,133206.2117345939,136636.7692519588
6413,"      Offenbach am Main, kreisfreie Stadt",2027,136094.6631850972,132473.11472354946,139269.98954418956
6413,"      Offenbach am Main, kreisfreie Stadt",2028,137192.45347561466,131437.3902273407,142461.9063453924
6413,"      Offenbach am Main, kreisfreie Stadt",2029,138287.2443391088,130620.5738545045,145718.12447900083
6413,"      Offenbach am Main, kreisfreie Stadt",2030,139382.03520260294,129079.38935949128,149270.50855023848
6413,"      Offenbach am Main, kreisfreie Stadt",2031,140476.82606609713,127154.1077170278,153119.95780358615
6413,"      Offenbach am Main, kreisfreie Stadt",2032,141574.61635661454,125056.50322641474,157539.98028048687
6413,"      Offenbach am Main, kreisfreie Stadt",2033,142669.4072201087,122883.69998392956,161572.00927889656
6413,"      Offenbach am Main, kreisfreie Stadt",2034,143764.19808360288,120826.4677772282,165949.6408322906
6413,"      Offenbach am Main, kreisfreie Stadt",2035,144858.98894709704,118743.94611071306,170475.89642712811
6413,"      Offenbach am Main, kreisfreie Stadt",2036,145956.77923761445,115934.42613773936,174698.2781677926
6413,"      Offenbach am Main, kreisfreie Stadt",2037,147051.5701011086,112916.33299832528,178944.36874784276
6413,"      Offenbach am Main, kreisfreie Stadt",2038,148146.3609646028,109426.95211017416,184956.3626732994
6413,"      Offenbach am Main, kreisfreie Stadt",2039,149241.15182809692,106227.79188949316,190868.5006673852
6413,"      Offenbach am Main, kreisfreie Stadt",2040,150338.94211861436,102654.2284616244,196814.9830483794
6414,"      Wiesbaden, kreisfreie Stadt, Landeshauptstadt",2025,291037.78178447887,289916.16889904963,292208.7823615553
6414,"      Wiesbaden, kreisfreie Stadt, Landeshauptstadt",2026,293077.6741209735,289641.7085374838,296618.18605727906
6414,"      Wiesbaden, kreisfreie Stadt, Landeshauptstadt",2027,295117.5664574682,288335.52022115525,301872.50427824334
6414,"      Wiesbaden, kreisfreie Stadt, Landeshauptstadt",2028,297163.0475400902,286314.8155470359,307823.51714137563
6414,"      Wiesbaden, kreisfreie Stadt, Landeshauptstadt",2029,299202.93987658486,283747.2052181511,314383.51428525225
6414,"      Wiesbaden, kreisfreie Stadt, Landeshauptstadt",2030,301242.8322130795,280362.4265714295,322064.5131400186
6414,"      Wiesbaden, kreisfreie Stadt, Landeshauptstadt",2031,303282.7245495742,276941.98956507194,330971.63954109617
6414,"      Wiesbaden, kreisfreie Stadt, Landeshauptstadt",2032,305328.20563219616,272208.0051869524,338953.5039666762
6414,"      Wiesbaden, kreisfreie Stadt, Landeshauptstadt",2033,307368.09796869085,268458.4668767529,346852.8291224012
6414,"      Wiesbaden, kreisfreie Stadt, Landeshauptstadt",2034,309407.9903051855,264085.7059971037,355634.13226912566
6414,"      Wiesbaden, kreisfreie Stadt, Landeshauptstadt",2035,311447.88264168013,259992.1060733059,365293.7328467342
6414,"      Wiesbaden, kreisfreie Stadt, Landeshauptstadt",2036,313493.3637243021,254439.8417169704,376844.3758438086
6414,"      Wiesbaden, kreisfreie Stadt, Landeshauptstadt",2037,315533.2560607968,250582.21697355004,386884.9282471807
6414,"      Wiesbaden, kreisfreie Stadt, Landeshauptstadt",2038,317573.1483972915,245156.9374451553,397259.5156402056
6414,"      Wiesbaden, kreisfreie Stadt, Landeshauptstadt",2039,319613.0407337861,240196.6401592296,406736.84056347865
6414,"      Wiesbaden, kreisfreie Stadt, Landeshauptstadt",2040,321658.52181640815,234468.9441811016,419877.8855318418
6431,"      Bergstraße, Landkreis",2025,274921.4274858852,274427.98838435294,275412.3977115072
6431,"      Bergstraße, Landkreis",2026,275400.29090792,274095.17047766683,276791.13636392256
6431,"      Bergstraße, Landkreis",2027,275879.1543299549,273363.8941000156,278523.83656557574
6431,"      Bergstraße, Landkreis",2028,276359.32970657066,272457.2160773247,280512.8963628116
6431,"      Bergstraße, Landkreis",2029,276838.19312860555,271197.9561823251,282856.0009693036
6431,"      Bergstraße, Landkreis",2030,277317.0565506404,269874.16094097664,285315.2801194663
6431,"      Bergstraße, Landkreis",2031,277795.91997267527,268088.32891052915,288289.76864992344
6431,"      Bergstraße, Landkreis",2032,278276.09534929105,266683.3957292031,291108.82383312297
6431,"      Bergstraße, Landkreis",2033,278754.95877132594,264715.56875210465,293900.4610573194
6431,"      Bergstraße, Landkreis",2034,279233.8221933608,262749.5633602685,296992.28524000006
6431,"      Bergstraße, Landkreis",2035,279712.68561539566,261004.3235396538,300240.113248344
6431,"      Bergstraße, Landkreis",2036,280192.86099201144,258347.7254560792,302779.15777173726
6431,"      Bergstraße, Landkreis",2037,280671.7244140464,256150.02063237844,306024.6412988993
6431,"      Bergstraße, Landkreis",2038,281150.5878360812,253524.26837715053,309965.4869923768
6431,"      Bergstraße, Landkreis",2039,281629.451258116,250834.6511937449,314208.4717715583
6431,"      Bergstraße, Landkreis",2040,282109.62663473183,248204.36840179173,317365.6648689159
6432,"      Darmstadt-Dieburg, Landkreis",2025,302889.41368574323,301854.8533170811,304060.7719504593
6432,"      Darmstadt-Dieburg, Landkreis",2026,303473.5473524406,300214.42086750804,307087.51294011937
6432,"      Darmstadt-Dieburg, Landkreis",2027,304057.6810191379,297996.3761083618,311269.4282522596
6432,"      Darmstadt-Dieburg, Landkreis",2028,304643.41505204537,295211.973511024,315937.2215290993
6432,"      Darmstadt-Dieburg, Landkreis",2029,305227.54871874274,291207.2572633212,320905.31903747417
6432,"      Darmstadt-Dieburg, Landkreis",2030,305811.68238544004,287266.5755406705,325789.9006698621
6432,"      Darmstadt-Dieburg, Landkreis",2031,306395.8160521373,283451.67591485125,331957.8000958072
6432,"      Darmstadt-Dieburg, Landkreis",2032,306981.5500850449,277698.5870770713,339108.7896274565
6432,"      Darmstadt-Dieburg, Landkreis",2033,307565.6837517422,272770.61896612425,346551.1581599252
6432,"      Darmstadt-Dieburg, Landkreis",2034,308149.8174184395,266246.568348738,352594.29725084675
6432,"      Darmstadt-Dieburg, Landkreis",2035,308733.9510851369,260493.17562170213,361969.7560637412
6432,"      Darmstadt-Dieburg, Landkreis",2036,309319.6851180443,254296.3095253532,369844.5214522097
6432,"      Darmstadt-Dieburg, Landkreis",2037,309903.8187847417,247550.30233611783,375849.46355946606
6432,"      Darmstadt-Dieburg, Landkreis",2038,310487.952451439,241465.84861697783,384836.0879721156
6432,"      Darmstadt-Dieburg, Landkreis",2039,311072.0861181364,234643.17081754192,393636.9822442067
6432,"      Darmstadt-Dieburg, Landkreis",2040,311657.8201510438,227304.91286032187,401985.5423698869
6433,"      Groß-Gerau, Landkreis",2025,264662.6273501589,262169.7232714243,267234.1148991139
6433,"      Groß-Gerau, Landkreis",2026,262577.06903105066,259713.56633080504,265413.76182220335
6433,"      Groß-Gerau, Landkreis",2027,260491.51071194248,256690.51002509205,263921.7783856057
6433,"      Groß-Gerau, Landkreis",2028,258400.23853442585,253854.74690212903,263222.70068042114
6433,"      Groß-Gerau, Landkreis",2029,256314.68021531764,250080.6206632968,262591.09549863887
6433,"      Groß-Gerau, Landkreis",2030,254229.12189620943,246561.1420063723,262055.51203429129
6433,"      Groß-Gerau, Landkreis",2031,252143.56357710127,241818.7289567881,262135.71364126744
6433,"      Groß-Gerau, Landkreis",2032,250052.2913995846,238281.5112396479,262171.0712595924
6433,"      Groß-Gerau, Landkreis",2033,247966.7330804764,233548.2685443789,262527.10535853024
6433,"      Groß-Gerau, Landkreis",2034,245881.17476136828,228447.7409467518,262074.7424138348
6433,"      Groß-Gerau, Landkreis",2035,243795.6164422601,223824.6273384429,263257.2674407695
6433,"      Groß-Gerau, Landkreis",2036,241704.34426474333,218876.27260953464,263476.22255399474
6433,"      Groß-Gerau, Landkreis",2037,239618.78594563523,213330.55878731865,264213.0099278269
6433,"      Groß-Gerau, Landkreis",2038,237533.22762652705,208640.72426345665,264675.5834792302
6433,"      Groß-Gerau, Landkreis",2039,235447.66930741887,203554.1368193018,266485.7933922504
6433,"      Groß-Gerau, Landkreis",2040,233356.3971299022,197855.06482556064,266301.25064020825
6434,      Hochtaunuskreis,2025,243433.0809749284,243050.55922441767,243804.9079858091
6434,      Hochtaunuskreis,2026,245016.0901118873,244054.2163976894,246095.9321553516
6434,      Hochtaunuskreis,2027,246599.09924884612,244627.9348977301,248629.2040179944
6434,      Hochtaunuskreis,2028,248186.4453971392,244994.93428798544,251410.6487799805
6434,      Hochtaunuskreis,2029,249769.45453409807,245189.3332242838,254319.72789368103
6434,      Hochtaunuskreis,2030,251352.46367105696,245260.2687959395,257261.53330228865
6434,      Hochtaunuskreis,2031,252935.47280801585,245190.0188827624,260553.4591406692
6434,      Hochtaunuskreis,2032,254522.8189563088,244695.75186137285,263906.47489747085
6434,      Hochtaunuskreis,2033,256105.8280932677,244541.7111799932,267382.8024764107
6434,      Hochtaunuskreis,2034,257688.8372302266,244068.4317712073,271201.2277756568
6434,      Hochtaunuskreis,2035,259271.8463671855,243818.9731087576,274961.4508478266
6434,      Hochtaunuskreis,2036,260859.1925154785,243423.1715852584,279207.40989696136
6434,      Hochtaunuskreis,2037,262442.2016524374,242896.04704799064,283390.82691590325
6434,      Hochtaunuskreis,2038,264025.2107893963,241778.2452360964,287284.5432498763
6434,      Hochtaunuskreis,2039,265608.2199263552,240333.5099767176,291806.84643850365
6434,      Hochtaunuskreis,2040,267195.5660746482,238946.50571425323,296116.8869399711
6435,      Main-Kinzig-Kreis,2025,423695.4043991449,421045.7731419371,426185.70928066847
6435,      Main-Kinzig-Kreis,2026,426248.541536673,417877.49369152286,433536.0460256254
6435,      Main-Kinzig-Kreis,2027,428801.6786742011,413085.5967106823,442708.830731936
6435,      Main-Kinzig-Kreis,2028,431361.8107079964,407120.428833084,453550.8923300447
6435,      Main-Kinzig-Kreis,2029,433914.9478455245,400494.01438852673,465484.1167262448
6435,      Main-Kinzig-Kreis,2030,436468.08498305257,392504.0633926911,480568.5216245958
6435,      Main-Kinzig-Kreis,2031,439021.2221205807,384443.1299931202,495075.7857617228
6435,      Main-Kinzig-Kreis,2032,441581.354154376,375724.09451661207,510037.21455697855
6435,      Main-Kinzig-Kreis,2033,444134.49129190407,365660.56517181057,526424.1504300324
6435,      Main-Kinzig-Kreis,2034,446687.62842943217,351647.88005899935,544691.2724011195
6435,      Main-Kinzig-Kreis,2035,449240.76556696027,342286.50726262666,563670.2836708382
6435,      Main-Kinzig-Kreis,2036,451800.8976007556,327944.6391642649,580883.7073488828
6435,      Main-Kinzig-Kreis,2037,454354.03473828366,311170.6270002373,597937.3660163906
6435,      Main-Kinzig-Kreis,2038,456907.17187581176,297081.19036090083,617918.2718039323
6435,      Main-Kinzig-Kreis,2039,459460.3090133399,279979.4042387904,640527.3039158613
6435,      Main-Kinzig-Kreis,2040,462020.4410471352,265791.8711186136,659969.9024080652
6436,      Main-Taunus-Kreis,2025,239433.2376492137,238849.90211003565,240056.5724935264
6436,      Main-Taunus-Kreis,2026,239973.87083243643,238331.2275194824,241969.7886969229
6436,      Main-Taunus-Kreis,2027,240514.5040156592,237231.799969082,244451.72547007207
6436,      Main-Taunus-Kreis,2028,241056.6183856853,235505.5324120152,247435.663902974
6436,      Main-Taunus-Kreis,2029,241597.251568908,233593.2670819753,250997.0218679176
6436,      Main-Taunus-Kreis,2030,242137.88475213075,231629.2351364251,254334.31455996
6436,      Main-Taunus-Kreis,2031,242678.5179353536,229570.1497187082,258139.41068829983
6436,      Main-Taunus-Kreis,2032,243220.6323053796,226958.07029710256,262552.3543668798
6436,      Main-Taunus-Kreis,2033,243761.2654886024,224133.9512680827,266602.6379082062
6436,      Main-Taunus-Kreis,2034,244301.89867182515,221800.0865558052,270443.5587075728
6436,      Main-Taunus-Kreis,2035,244842.53185504783,218629.64899581167,275252.8466729445
6436,      Main-Taunus-Kreis,2036,245384.646225074,214917.1059790876,280840.5450160912
6436,      Main-Taunus-Kreis,2037,245925.27940829672,211612.6591759773,285831.8991493916
6436,      Main-Taunus-Kreis,2038,246465.91259151945,207546.2075092561,291678.4167421433
6436,      Main-Taunus-Kreis,2039,247006.54577474212,203553.4509835897,296680.0220882371
6436,      Main-Taunus-Kreis,2040,247548.66014476825,200128.5634387973,302030.9097553077
6437,      Odenwaldkreis,2025,93464.29245383549,92860.8934874283,94017.96236403186
6437,      Odenwaldkreis,2026,93078.28397660388,91291.08541505683,94921.51685270936
6437,      Odenwaldkreis,2027,92692.27549937228,89277.57830382878,96218.87595036472
6437,      Odenwaldkreis,2028,92305.2094646688,86737.4156812391,98047.34788571924
6437,      Odenwaldkreis,2029,91919.2009874372,84006.63367085766,99969.37497713424
6437,      Odenwaldkreis,2030,91533.1925102056,81046.1725000278,101893.79245738235
6437,      Odenwaldkreis,2031,91147.184032974,78092.55876865645,104462.4128614131
6437,      Odenwaldkreis,2032,90760.11799827054,74494.57378879734,107243.85470163892
6437,      Odenwaldkreis,2033,90374.10952103892,70664.39349568957,111281.17069165644
6437,      Odenwaldkreis,2034,89988.10104380734,67209.8956595366,114748.5144963543
6437,      Odenwaldkreis,2035,89602.09256657574,63208.70424869481,116668.44864674858
6437,      Odenwaldkreis,2036,89215.02653187228,59358.53399591041,119832.49588309988
6437,      Odenwaldkreis,2037,88829.01805464066,55661.99448397453,123340.52895545914
6437,      Odenwaldkreis,2038,88443.00957740907,51067.56173298388,127038.85854645207
6437,      Odenwaldkreis,2039,88057.00110017747,46550.740723582254,131562.42345920458
6437,      Odenwaldkreis,2040,87669.93506547401,41699.65622524632,134968.54398631642
6438,"      Offenbach, Landkreis",2025,360225.2046831863,359017.6868568012,361397.2642921751
6438,"      Offenbach, Landkreis",2026,362240.4757932048,358311.21367872093,366012.2698865693
6438,"      Offenbach, Landkreis",2027,364255.7469032232,356995.69598804053,371684.0278663637
6438,"      Offenbach, Landkreis",2028,366276.539303954,354530.8562108131,377997.1412296064
6438,"      Offenbach, Landkreis",2029,368291.8104139725,351791.5160239892,385097.38468761713
6438,"      Offenbach, Landkreis",2030,370307.0815239909,348328.2324785128,391822.52867476497
6438,"      Offenbach, Landkreis",2031,372322.3526340093,345186.1419958551,399016.6719585124
6438,"      Offenbach, Landkreis",2032,374343.14503474016,340764.4301948316,406524.0470109574
6438,"      Offenbach, Landkreis",2033,376358.4161447586,337183.94264665764,414938.2704182984
6438,"      Offenbach, Landkreis",2034,378373.68725477706,332644.5210723893,424662.9924251337
6438,"      Offenbach, Landkreis",2035,380388.9583647955,326033.1056131834,435238.224953412
6438,"      Offenbach, Landkreis",2036,382409.7507655263,321919.6787675501,445331.1300694705
6438,"      Offenbach, Landkreis",2037,384425.0218755448,314403.9727795174,457279.96355796943
6438,"      Offenbach, Landkreis",2038,386440.2929855632,308949.1324192756,469739.4901579551
6438,"      Offenbach, Landkreis",2039,388455.5640955817,302165.8263856198,478520.9117804082
6438,"      Offenbach, Landkreis",2040,390476.3564963125,295939.4297839016,487905.2303952513
6439,      Rheingau-Taunus-Kreis,2025,185739.061367406,185278.16055500857,186137.75469126765
6439,      Rheingau-Taunus-Kreis,2026,185707.88657274045,184323.24469473696,187096.5089109745
6439,      Rheingau-Taunus-Kreis,2027,185676.71177807485,182980.80703055864,188424.7729294157
6439,      Rheingau-Taunus-Kreis,2028,185645.4515730129,181306.4516706971,189686.9442810756
6439,      Rheingau-Taunus-Kreis,2029,185614.27677834727,179362.27438064406,191510.1058431533
6439,      Rheingau-Taunus-Kreis,2030,185583.10198368176,177281.7026000898,193877.3248235416
6439,      Rheingau-Taunus-Kreis,2031,185551.92718901616,175252.91570224034,196320.87467996808
6439,      Rheingau-Taunus-Kreis,2032,185520.66698395423,172714.9680739167,198907.1935189863
6439,      Rheingau-Taunus-Kreis,2033,185489.49218928863,169891.4686443344,201680.0839081136
6439,      Rheingau-Taunus-Kreis,2034,185458.31739462307,166966.55042274712,204749.6592200993
6439,      Rheingau-Taunus-Kreis,2035,185427.14259995747,164354.90512235177,208039.26275674527
6439,      Rheingau-Taunus-Kreis,2036,185395.8823948956,161469.8289523803,211504.3997721364
6439,      Rheingau-Taunus-Kreis,2037,185364.70760023,158014.7943281433,214182.0150071874
6439,      Rheingau-Taunus-Kreis,2038,185333.5328055644,154886.92332765,217593.268882489
6439,      Rheingau-Taunus-Kreis,2039,185302.3580108988,151450.98140062808,220482.62561023096
6439,      Rheingau-Taunus-Kreis,2040,185271.09780583688,147281.962861184,223056.1839212268
6440,      Wetteraukreis,2025,312787.40819384233,311921.2961416106,313591.2223993251
6440,      Wetteraukreis,2026,313905.0394072948,311044.36320815294,316640.05786372954
6440,      Wetteraukreis,2027,315022.67062074726,309289.60480431427,320354.97780582285
6440,      Wetteraukreis,2028,316143.3638375243,307287.2329762622,325092.51376763073
6440,      Wetteraukreis,2029,317260.99505097675,304030.2036213763,329833.06911586627
6440,      Wetteraukreis,2030,318378.6262644292,301054.63740441535,335636.2145428165
6440,      Wetteraukreis,2031,319496.2574778817,298158.9309475804,340630.0886315822
6440,      Wetteraukreis,2032,320616.9506946586,294198.714514799,347083.8027816324
6440,      Wetteraukreis,2033,321734.58190811105,290434.48197886423,353383.4284790304
6440,      Wetteraukreis,2034,322852.21312156355,286268.1239681347,359608.2899497604
6440,      Wetteraukreis,2035,323969.84433501604,281306.3967679037,366326.68064481294
6440,      Wetteraukreis,2036,325090.53755179304,276937.53160932846,373165.4521550636
6440,      Wetteraukreis,2037,326208.1687652455,273043.6400233157,380472.44706727617
6440,      Wetteraukreis,2038,327325.7999786979,268290.55300924514,387737.5897916282
6440,      Wetteraukreis,2039,328443.4311921504,263759.2228518808,395598.03053255216
6440,      Wetteraukreis,2040,329564.12440892734,257629.05696046303,402782.6277260197
6531,"      Gießen, Landkreis",2025,269660.00777545554,267963.19294254447,271255.7374403143
6531,"      Gießen, Landkreis",2026,270667.3868369738,265480.26637763734,275782.4620763168
6531,"      Gießen, Landkreis",2027,271674.765898492,261925.30907392327,282048.9847546015
6531,"      Gießen, Landkreis",2028,272684.9049026446,257601.72427107304,288730.666677189
6531,"      Gießen, Landkreis",2029,273692.28396416287,252391.06675081505,296196.7970457434
6531,"      Gießen, Landkreis",2030,274699.66302568105,246544.10539434923,305874.72116528644
6531,"      Gießen, Landkreis",2031,275707.04208719934,239964.5169490016,315770.64962317265
6531,"      Gießen, Landkreis",2032,276717.18109135184,231650.3241351596,326458.5580481676
6531,"      Gießen, Landkreis",2033,277724.56015287014,224628.93981166105,337099.4514725713
6531,"      Gießen, Landkreis",2034,278731.9392143883,215724.0306758457,347047.93547924585
6531,"      Gießen, Landkreis",2035,279739.3182759066,206382.20115103896,359403.65581177565
6531,"      Gießen, Landkreis",2036,280749.4572800592,196143.64907676488,370476.1079746158
6531,"      Gießen, Landkreis",2037,281756.8363415774,185817.2899366005,384746.3658590023
6531,"      Gießen, Landkreis",2038,282764.2154030957,173722.20997191052,400188.9182884747
6531,"      Gießen, Landkreis",2039,283771.5944646139,161410.79810661377,415233.5435722271
6531,"      Gießen, Landkreis",2040,284781.7334687665,152059.4703695733,432527.2816564264
6532,      Lahn-Dill-Kreis,2025,254742.7116727554,254398.95134973407,255098.5247882084
6532,      Lahn-Dill-Kreis,2026,255159.3541840349,254445.54301779132,255809.6368672656
6532,      Lahn-Dill-Kreis,2027,255575.99669531427,254216.6477295816,256777.76583372868
6532,      Lahn-Dill-Kreis,2028,255993.780692926,253894.26539859103,257857.17117472176
6532,      Lahn-Dill-Kreis,2029,256410.42320420544,253507.42188798133,259124.0454136712
6532,      Lahn-Dill-Kreis,2030,256827.06571548487,253090.1649704168,260357.7595718722
6532,      Lahn-Dill-Kreis,2031,257243.7082267644,252535.28753823947,261657.7890906155
6532,      Lahn-Dill-Kreis,2032,257661.49222437607,251890.25896587863,263103.2529017505
6532,      Lahn-Dill-Kreis,2033,258078.1347356556,251326.54811285372,264471.9588710208
6532,      Lahn-Dill-Kreis,2034,258494.7772469349,250519.2941843659,266010.8753654633
6532,      Lahn-Dill-Kreis,2035,258911.4197582144,249985.7230225962,267590.4205016058
6532,      Lahn-Dill-Kreis,2036,259329.2037558261,249112.3877052905,269162.8507309658
6532,      Lahn-Dill-Kreis,2037,259745.8462671056,248088.87967879057,270908.2825809114
6532,      Lahn-Dill-Kreis,2038,260162.488778385,247316.23843688052,272806.2360934559
6532,      Lahn-Dill-Kreis,2039,260579.13128966448,246035.6731140901,274434.284939964
6532,      Lahn-Dill-Kreis,2040,260996.91528727624,244774.6512875977,276541.6829902264
6533,"      Limburg-Weilburg, Landkreis",2025,174279.25578315958,174020.2383635493,174535.05673688988
6533,"      Limburg-Weilburg, Landkreis",2026,174496.05549750477,173955.36127959972,175012.50955988417
6533,"      Limburg-Weilburg, Landkreis",2027,174712.85521184996,173686.42900948582,175750.23366409715
6533,"      Limburg-Weilburg, Landkreis",2028,174930.24889801527,173351.61491556017,176532.74433584014
6533,"      Limburg-Weilburg, Landkreis",2029,175147.04861236046,172947.2512249372,177341.846045206
6533,"      Limburg-Weilburg, Landkreis",2030,175363.84832670563,172428.61757136157,178366.5605935479
6533,"      Limburg-Weilburg, Landkreis",2031,175580.6480410508,171789.12511596616,179244.107468463
6533,"      Limburg-Weilburg, Landkreis",2032,175798.04172721613,171317.95066812358,180362.033657943
6533,"      Limburg-Weilburg, Landkreis",2033,176014.8414415613,170759.52041880248,181385.77346014505
6533,"      Limburg-Weilburg, Landkreis",2034,176231.64115590646,170091.17866748568,182456.9298529573
6533,"      Limburg-Weilburg, Landkreis",2035,176448.44087025168,169336.8059672988,183771.56737023752
6533,"      Limburg-Weilburg, Landkreis",2036,176665.83455641696,168551.9407764921,184883.6182079798
6533,"      Limburg-Weilburg, Landkreis",2037,176882.63427076218,167596.3876476352,186279.31454839572
6533,"      Limburg-Weilburg, Landkreis",2038,177099.43398510735,166630.40748647388,187331.5704138348
6533,"      Limburg-Weilburg, Landkreis",2039,177316.2336994525,165646.033813509,188782.14372248072
6533,"      Limburg-Weilburg, Landkreis",2040,177533.62738561784,164594.0082554522,190029.7781836718
6534,"      Marburg-Biedenkopf, Landkreis",2025,243262.55596556165,242022.4987691613,244385.6962609905
6534,"      Marburg-Biedenkopf, Landkreis",2026,243538.2692640433,239553.0713459665,247182.46279327656
6534,"      Marburg-Biedenkopf, Landkreis",2027,243813.98256252497,236246.0328826623,250845.2636568688
6534,"      Marburg-Biedenkopf, Landkreis",2028,244090.45123990657,232415.5710767177,255008.06958297768
6534,"      Marburg-Biedenkopf, Landkreis",2029,244366.16453838823,228037.80643039645,260975.0805293747
6534,"      Marburg-Biedenkopf, Landkreis",2030,244641.87783686988,222834.87030588297,267031.26437032555
6534,"      Marburg-Biedenkopf, Landkreis",2031,244917.5911353516,216536.72416938792,272691.8097621404
6534,"      Marburg-Biedenkopf, Landkreis",2032,245194.0598127332,209807.9698044749,279810.7141706703
6534,"      Marburg-Biedenkopf, Landkreis",2033,245469.77311121483,202316.42657734925,286106.0130432238
6534,"      Marburg-Biedenkopf, Landkreis",2034,245745.4864096965,195703.5306127891,295073.1129970902
6534,"      Marburg-Biedenkopf, Landkreis",2035,246021.1997081781,189134.7602037716,302723.1075750983
6534,"      Marburg-Biedenkopf, Landkreis",2036,246297.6683855597,182026.0846802191,311333.76031890773
6534,"      Marburg-Biedenkopf, Landkreis",2037,246573.3816840414,171804.72327802615,320738.18860615074
6534,"      Marburg-Biedenkopf, Landkreis",2038,246849.09498252303,161392.86371876532,328886.8346904921
6534,"      Marburg-Biedenkopf, Landkreis",2039,247124.80828100472,154648.24356960822,337263.8901562805
6534,"      Marburg-Biedenkopf, Landkreis",2040,247401.2769583864,146342.72203025638,347790.1002534395
6535,      Vogelsbergkreis,2025,99468.33021430328,98570.13260715098,100351.00244831554
6535,      Vogelsbergkreis,2026,98269.38603574075,97405.31361993628,99187.88310964427
6535,      Vogelsbergkreis,2027,97070.44185717827,96062.93564531322,98137.89144655244
6535,      Vogelsbergkreis,2028,95868.21290004435,94643.7176543852,97088.62429690373
6535,      Vogelsbergkreis,2029,94669.26872148184,93266.9459285756,96008.67864073304
6535,      Vogelsbergkreis,2030,93470.32454291932,91869.84057124249,95098.66463067272
6535,      Vogelsbergkreis,2031,92271.38036435682,90265.49096135252,94077.16903711516
6535,      Vogelsbergkreis,2032,91069.15140722292,88659.58217380449,93266.9916024056
6535,      Vogelsbergkreis,2033,89870.20722866042,87157.34950777977,92414.76104608092
6535,      Vogelsbergkreis,2034,88671.26305009791,85526.26693820489,91734.85098012148
6535,      Vogelsbergkreis,2035,87472.3188715354,83824.95619735298,90850.65859502416
6535,      Vogelsbergkreis,2036,86270.0899144015,81959.68008883562,90283.19448114208
6535,      Vogelsbergkreis,2037,85071.14573583899,80335.07193129344,89839.67736121509
6535,      Vogelsbergkreis,2038,83872.20155727648,78565.09246920701,89213.36496052837
6535,      Vogelsbergkreis,2039,82673.25737871397,76853.85934106563,88414.92417745688
6535,      Vogelsbergkreis,2040,81471.02842158006,75076.46813152837,87752.73587700396
6611,"      Kassel, kreisfreie Stadt, documenta-Stadt",2025,197607.51481178688,196587.53965826635,198658.6120874296
6611,"      Kassel, kreisfreie Stadt, documenta-Stadt",2026,197932.1123672152,194768.8471943542,201323.3517310677
6611,"      Kassel, kreisfreie Stadt, documenta-Stadt",2027,198256.70992264352,192013.1137679364,204901.8340580454
6611,"      Kassel, kreisfreie Stadt, documenta-Stadt",2028,198582.1967864429,188557.52548692987,209293.25753347203
6611,"      Kassel, kreisfreie Stadt, documenta-Stadt",2029,198906.7943418712,184598.9160729008,213632.41553788888
6611,"      Kassel, kreisfreie Stadt, documenta-Stadt",2030,199231.3918972996,179943.57766781,218265.8079989327
6611,"      Kassel, kreisfreie Stadt, documenta-Stadt",2031,199555.98945272784,174988.9738503337,223882.1707124525
6611,"      Kassel, kreisfreie Stadt, documenta-Stadt",2032,199881.4763165272,168951.27458180176,229406.94341047807
6611,"      Kassel, kreisfreie Stadt, documenta-Stadt",2033,200206.0738719555,162745.01456218082,235195.8360403136
6611,"      Kassel, kreisfreie Stadt, documenta-Stadt",2034,200530.67142738384,155805.25544398773,242284.49860645804
6611,"      Kassel, kreisfreie Stadt, documenta-Stadt",2035,200855.26898281212,150413.77075108714,248971.7316623463
6611,"      Kassel, kreisfreie Stadt, documenta-Stadt",2036,201180.75584661152,142814.40664504902,257375.370377246
6611,"      Kassel, kreisfreie Stadt, documenta-Stadt",2037,201505.35340203985,134444.01201664517,264487.2172843088
6611,"      Kassel, kreisfreie Stadt, documenta-Stadt",2038,201829.95095746816,125334.48586965977,273998.0497085503
6611,"      Kassel, kreisfreie Stadt, documenta-Stadt",2039,202154.5485128965,117994.60825414382,283314.81045925035
6611,"      Kassel, kreisfreie Stadt, documenta-Stadt",2040,202480.03537669583,110428.08451891752,291452.811399026
6631,"      Fulda, Landkreis",2025,222873.69582472168,222395.04333276936,223421.75119823945
6631,"      Fulda, Landkreis",2026,223226.31789059736,221910.0616090292,224633.1586341021
6631,"      Fulda, Landkreis",2027,223578.93995647304,220986.1785794739,226292.0697382167
6631,"      Fulda, Landkreis",2028,223932.5281102004,219662.3897435675,228265.0390939216
6631,"      Fulda, Landkreis",2029,224285.15017607607,218364.83326762545,230372.2483318158
6631,"      Fulda, Landkreis",2030,224637.77224195172,216790.67991783947,233017.0672019064
6631,"      Fulda, Landkreis",2031,224990.39430782743,215136.3275194572,235663.9415921804
6631,"      Fulda, Landkreis",2032,225343.98246155484,212824.1722532212,238549.4115959365
6631,"      Fulda, Landkreis",2033,225696.6045274305,211088.0223758052,241790.5616737545
6631,"      Fulda, Landkreis",2034,226049.2265933062,209416.23121786845,244797.5738934176
6631,"      Fulda, Landkreis",2035,226401.84865918185,207091.1618858672,247153.75633599688
6631,"      Fulda, Landkreis",2036,226755.43681290923,204948.5292885343,250575.6492157583
6631,"      Fulda, Landkreis",2037,227108.0588787849,201835.9691319957,253767.7749001149
6631,"      Fulda, Landkreis",2038,227460.6809446606,198643.6920354269,257448.9131662027
6631,"      Fulda, Landkreis",2039,227813.3030105363,195429.5242288659,261081.12239584656
6631,"      Fulda, Landkreis",2040,228166.8911642637,192416.53642954145,264151.9026365718
6632,"      Hersfeld-Rotenburg, Landkreis",2025,117089.13767966715,116692.61768857558,117533.2393702962
6632,"      Hersfeld-Rotenburg, Landkreis",2026,116697.98757752292,115351.64520142564,118015.63443957924
6632,"      Hersfeld-Rotenburg, Landkreis",2027,116306.8374753787,113696.68432797438,118941.44047658423
6632,"      Hersfeld-Rotenburg, Landkreis",2028,115914.61572911902,112021.68180353662,120019.18358595025
6632,"      Hersfeld-Rotenburg, Landkreis",2029,115523.4656269748,109976.61194163653,121353.81668121889
6632,"      Hersfeld-Rotenburg, Landkreis",2030,115132.31552483056,107542.92709859456,122955.41443275713
6632,"      Hersfeld-Rotenburg, Landkreis",2031,114741.16542268636,105360.91485023146,124959.7919732258
6632,"      Hersfeld-Rotenburg, Landkreis",2032,114348.94367642666,102939.88425966194,127099.10915678705
6632,"      Hersfeld-Rotenburg, Landkreis",2033,113957.79357428243,100561.32718846008,128997.9828240073
6632,"      Hersfeld-Rotenburg, Landkreis",2034,113566.6434721382,97792.91781475244,130998.7854999957
6632,"      Hersfeld-Rotenburg, Landkreis",2035,113175.493369994,95318.4304214592,133430.34367179775
6632,"      Hersfeld-Rotenburg, Landkreis",2036,112783.27162373433,91589.95913677668,135643.11515125213
6632,"      Hersfeld-Rotenburg, Landkreis",2037,112392.12152159007,88594.228605278,138390.59462835806
6632,"      Hersfeld-Rotenburg, Landkreis",2038,112000.97141944586,85557.9527619012,140457.56477335445
6632,"      Hersfeld-Rotenburg, Landkreis",2039,111609.82131730164,82161.19363490577,142500.90180849112
6632,"      Hersfeld-Rotenburg, Landkreis",2040,111217.59957104194,78497.88464679426,145757.99657836003
6633,"      Kassel, Landkreis",2025,229025.5878554124,227498.66631931625,230438.76672442927
6633,"      Kassel, Landkreis",2026,227814.17583938985,225960.7463274688,229630.7950692445
6633,"      Kassel, Landkreis",2027,226602.76382336725,224038.0902845589,229062.33642299625
6633,"      Kassel, Landkreis",2028,225388.0328703145,222055.7403953002,228864.4870505145
6633,"      Kassel, Landkreis",2029,224176.62085429195,219682.2749300568,228850.76776056853
6633,"      Kassel, Landkreis",2030,222965.20883826932,216957.9687650787,229111.44606295484
6633,"      Kassel, Landkreis",2031,221753.7968222468,213882.3600587549,229446.93240756745
6633,"      Kassel, Landkreis",2032,220539.06586919408,211004.9580254238,229828.9571428687
6633,"      Kassel, Landkreis",2033,219327.6538531715,207966.931012904,230086.70064634204
6633,"      Kassel, Landkreis",2034,218116.24183714893,204303.17691815348,230824.660256831
6633,"      Kassel, Landkreis",2035,216904.8298211264,201115.3726476008,232069.5309378632
6633,"      Kassel, Landkreis",2036,215690.0988680736,197184.70001247147,232700.4140802288
6633,"      Kassel, Landkreis",2037,214478.68685205103,193141.86895429905,233758.86032037163
6633,"      Kassel, Landkreis",2038,213267.2748360285,189707.6686682734,235220.8588171888
6633,"      Kassel, Landkreis",2039,212055.86282000595,185640.5903103316,236581.68934787123
6633,"      Kassel, Landkreis",2040,210841.1318669532,182057.1973465476,237763.43559074056
6634,      Schwalm-Eder-Kreis,2025,180547.15195326955,180207.9475493677,180899.4575410336
6634,      Schwalm-Eder-Kreis,2026,180836.95318233105,179995.6264620906,181809.19109159865
6634,      Schwalm-Eder-Kreis,2027,181126.75441139247,179611.4971121927,182952.06745708987
6634,      Schwalm-Eder-Kreis,2028,181417.34961642395,178887.81767759938,184295.2803014317
6634,      Schwalm-Eder-Kreis,2029,181707.1508454854,178040.39481018425,185780.7074986668
6634,      Schwalm-Eder-Kreis,2030,181996.9520745469,177144.16016114803,187380.8889182589
6634,      Schwalm-Eder-Kreis,2031,182286.7533036083,175989.64174401053,188833.0671290384
6634,      Schwalm-Eder-Kreis,2032,182577.3485086398,175077.39095713737,190483.19647642787
6634,      Schwalm-Eder-Kreis,2033,182867.1497377013,173851.806903013,192509.9027587053
6634,      Schwalm-Eder-Kreis,2034,183156.9509667628,172478.89607319867,193913.63240768324
6634,      Schwalm-Eder-Kreis,2035,183446.75219582417,170913.7604096798,195723.04436900764
6634,      Schwalm-Eder-Kreis,2036,183737.34740085568,169373.9265472199,197782.111016992
6634,      Schwalm-Eder-Kreis,2037,184027.14862991715,167987.22790252918,199830.4579209269
6634,      Schwalm-Eder-Kreis,2038,184316.94985897857,166203.55302138865,201906.2709265296
6634,      Schwalm-Eder-Kreis,2039,184606.75108804,164700.04027580243,204076.1279122721
6634,      Schwalm-Eder-Kreis,2040,184897.34629307152,163040.06841165663,206683.37598554563
6635,"      Waldeck-Frankenberg, Landkreis",2025,155167.34988384205,154633.2871041026,155716.0181350976
6635,"      Waldeck-Frankenberg, Landkreis",2026,155196.1286228155,153516.29249198,156966.7890614255
6635,"      Waldeck-Frankenberg, Landkreis",2027,155224.90736178894,151882.69744428026,158636.0670705455
6635,"      Waldeck-Frankenberg, Landkreis",2028,155253.7649466226,150076.2248904345,160784.5826712109
6635,"      Waldeck-Frankenberg, Landkreis",2029,155282.54368559606,147746.38887464846,163147.78610073228
6635,"      Waldeck-Frankenberg, Landkreis",2030,155311.32242456952,145479.62541037708,165774.95892408522
6635,"      Waldeck-Frankenberg, Landkreis",2031,155340.10116354295,142730.2062389891,168750.7980634033
6635,"      Waldeck-Frankenberg, Landkreis",2032,155368.95874837664,140398.59647669946,171909.55768407838
6635,"      Waldeck-Frankenberg, Landkreis",2033,155397.7374873501,137122.04586738124,175537.04672179846
6635,"      Waldeck-Frankenberg, Landkreis",2034,155426.51622632353,133714.2850569631,178653.6437725088
6635,"      Waldeck-Frankenberg, Landkreis",2035,155455.29496529698,130945.56079443912,183063.3183747145
6635,"      Waldeck-Frankenberg, Landkreis",2036,155484.15255013065,127478.93405516716,186425.63068758964
6635,"      Waldeck-Frankenberg, Landkreis",2037,155512.9312891041,123457.66709501632,190554.8190021361
6635,"      Waldeck-Frankenberg, Landkreis",2038,155541.71002807756,120694.18924730436,194043.9315934493
6635,"      Waldeck-Frankenberg, Landkreis",2039,155570.48876705102,117228.16138861731,198178.1573787444
6635,"      Waldeck-Frankenberg, Landkreis",2040,155599.34635188468,112774.24344966664,202728.8843825707
6636,      Werra-Meißner-Kreis,2025,97572.50198697002,97231.94728078092,97951.8662597303
6636,      Werra-Meißner-Kreis,2026,97391.84592934888,96303.46741712547,98577.94829145852
6636,      Werra-Meißner-Kreis,2027,97211.18987172778,95194.9448719533,99535.78701297488
6636,      Werra-Meißner-Kreis,2028,97030.03886600358,93846.60407016396,100715.30784116038
6636,      Werra-Meißner-Kreis,2029,96849.38280838246,92214.48938527488,102010.96190001522
6636,      Werra-Meißner-Kreis,2030,96668.72675076134,90412.37957197362,103362.45708806907
6636,      Werra-Meißner-Kreis,2031,96488.0706931402,88711.89994267699,104851.2058662122
6636,      Werra-Meißner-Kreis,2032,96306.91968741604,86833.61052103725,106651.40182919716
6636,      Werra-Meißner-Kreis,2033,96126.2636297949,84822.03793805874,108452.47453965452
6636,      Werra-Meißner-Kreis,2034,95945.6075721738,82513.37768088312,110601.13110838036
6636,      Werra-Meißner-Kreis,2035,95764.95151455268,79810.65358768078,112556.72828176768
6636,      Werra-Meißner-Kreis,2036,95583.80050882848,76821.3069613668,114822.49709727288
6636,      Werra-Meißner-Kreis,2037,95403.14445120736,74620.73661252204,117417.48683378995
6636,      Werra-Meißner-Kreis,2038,95222.48839358625,71881.45027680922,119849.3724817771
6636,      Werra-Meißner-Kreis,2039,95041.83233596513,68762.24277644603,122169.02021992647
6636,      Werra-Meißner-Kreis,2040,94860.68133024091,65856.54046450726,124865.78887792956
7111,"      Koblenz, kreisfreie Stadt",2025,113423.261230141,113117.7565727933,113721.58633361357
7111,"      Koblenz, kreisfreie Stadt",2026,113465.18308672767,112376.63069467431,114467.45444368973
7111,"      Koblenz, kreisfreie Stadt",2027,113507.10494331432,111440.37957249107,115496.23550533316
7111,"      Koblenz, kreisfreie Stadt",2028,113549.1416543026,110355.70262472756,116777.83171698856
7111,"      Koblenz, kreisfreie Stadt",2029,113591.06351088927,109074.1068985628,118154.24702281208
7111,"      Koblenz, kreisfreie Stadt",2030,113632.98536747594,107561.58684187935,119670.20781020078
7111,"      Koblenz, kreisfreie Stadt",2031,113674.9072240626,105851.32242385548,121576.1735140955
7111,"      Koblenz, kreisfreie Stadt",2032,113716.94393505086,103857.45796318018,123285.03693360102
7111,"      Koblenz, kreisfreie Stadt",2033,113758.86579163754,102229.27620670588,125504.85604986604
7111,"      Koblenz, kreisfreie Stadt",2034,113800.7876482242,100668.45825219915,127815.320193062
7111,"      Koblenz, kreisfreie Stadt",2035,113842.70950481086,98152.80974152897,130170.86382757874
7111,"      Koblenz, kreisfreie Stadt",2036,113884.74621579912,95802.554460356,132736.0431090576
7111,"      Koblenz, kreisfreie Stadt",2037,113926.6680723858,92923.0230062876,135307.42002267178
7111,"      Koblenz, kreisfreie Stadt",2038,113968.58992897246,90230.63987676433,137674.51368423877
7111,"      Koblenz, kreisfreie Stadt",2039,114010.51178555912,87569.81915254227,139982.48388972436
7111,"      Koblenz, kreisfreie Stadt",2040,114052.5484965474,84801.3184372817,142867.01869664475
7131,"      Ahrweiler, Landkreis",2025,130064.27330162046,129404.24396693894,130809.01883549814
7131,"      Ahrweiler, Landkreis",2026,130799.07235589676,128743.27562006802,133171.92197508685
7131,"      Ahrweiler, Landkreis",2027,131533.87141017304,127417.15795155488,136199.1981670388
7131,"      Ahrweiler, Landkreis",2028,132270.68361254327,125734.60159274524,139931.55862069977
7131,"      Ahrweiler, Landkreis",2029,133005.48266681956,123536.90040775346,143596.46926391075
7131,"      Ahrweiler, Landkreis",2030,133740.28172109587,121246.3925091911,147254.95390402246
7131,"      Ahrweiler, Landkreis",2031,134475.08077537216,118566.3223739427,150688.09184936318
7131,"      Ahrweiler, Landkreis",2032,135211.89297774236,115724.10259621585,154710.62294345006
7131,"      Ahrweiler, Landkreis",2033,135946.69203201865,111770.42541207018,159011.31043694343
7131,"      Ahrweiler, Landkreis",2034,136681.49108629496,108195.66524970588,163601.17884205555
7131,"      Ahrweiler, Landkreis",2035,137416.29014057125,104515.7727977048,168132.1529398512
7131,"      Ahrweiler, Landkreis",2036,138153.10234294145,99755.33578360372,172904.05028302284
7131,"      Ahrweiler, Landkreis",2037,138887.90139721776,96032.12390536309,178440.75641731065
7131,"      Ahrweiler, Landkreis",2038,139622.70045149405,90952.29010516404,183813.8159821729
7131,"      Ahrweiler, Landkreis",2039,140357.49950577036,86427.7622493401,188886.45803487056
7131,"      Ahrweiler, Landkreis",2040,141094.31170814057,81698.05161132663,193935.4639712851
7132,"      Altenkirchen (Westerwald), Landkreis",2025,132459.23279054722,131954.88611417226,132937.54375257855
7132,"      Altenkirchen (Westerwald), Landkreis",2026,132702.2278095312,131209.28222431883,134290.35398247628
7132,"      Altenkirchen (Westerwald), Landkreis",2027,132945.22282851517,130164.21297391591,135939.3344968746
7132,"      Altenkirchen (Westerwald), Landkreis",2028,133188.8835872772,128848.4376835528,137847.7187016834
7132,"      Altenkirchen (Westerwald), Landkreis",2029,133431.8786062612,126927.01289701228,140162.7955183067
7132,"      Altenkirchen (Westerwald), Landkreis",2030,133674.87362524515,124762.12954827763,142238.42761304782
7132,"      Altenkirchen (Westerwald), Landkreis",2031,133917.8686442291,122347.4695898774,144511.23199854125
7132,"      Altenkirchen (Westerwald), Landkreis",2032,134161.52940299115,119963.1767147256,147375.21657106353
7132,"      Altenkirchen (Westerwald), Landkreis",2033,134404.52442197513,117574.27224573,150066.84640359684
7132,"      Altenkirchen (Westerwald), Landkreis",2034,134647.5194409591,115062.65449097785,153075.44549592095
7132,"      Altenkirchen (Westerwald), Landkreis",2035,134890.51445994308,112163.5757821767,156733.31003207265
7132,"      Altenkirchen (Westerwald), Landkreis",2036,135134.1752187051,109187.51986100928,160180.334529146
7132,"      Altenkirchen (Westerwald), Landkreis",2037,135377.17023768908,106041.84830795231,163663.5732152592
7132,"      Altenkirchen (Westerwald), Landkreis",2038,135620.16525667303,102975.28413974083,168584.48571038328
7132,"      Altenkirchen (Westerwald), Landkreis",2039,135863.16027565702,99245.9897800075,171435.11282773258
7132,"      Altenkirchen (Westerwald), Landkreis",2040,136106.82103441903,95152.934314793,175375.838663376
7133,"      Bad Kreuznach, Landkreis",2025,165205.7900971716,164303.887013448,166047.89241943767
7133,"      Bad Kreuznach, Landkreis",2026,165594.16413928545,162712.65750231993,168454.45546419566
7133,"      Bad Kreuznach, Landkreis",2027,165982.53818139934,160018.3110299461,171948.58257070222
7133,"      Bad Kreuznach, Landkreis",2028,166371.97626198476,157432.449491482,175995.53430154326
7133,"      Bad Kreuznach, Landkreis",2029,166760.35030409865,153605.6225650642,179660.97406193108
7133,"      Bad Kreuznach, Landkreis",2030,167148.72434621252,149329.1918049859,184426.14382291463
7133,"      Bad Kreuznach, Landkreis",2031,167537.0983883264,144903.24097964034,189553.4473552215
7133,"      Bad Kreuznach, Landkreis",2032,167926.53646891186,140198.1837649124,194637.4925284625
7133,"      Bad Kreuznach, Landkreis",2033,168314.91051102575,134730.20643251066,200026.7077449474
7133,"      Bad Kreuznach, Landkreis",2034,168703.28455313962,129473.45467753043,206203.4968351952
7133,"      Bad Kreuznach, Landkreis",2035,169091.6585952535,124350.24381600844,212440.93228194964
7133,"      Bad Kreuznach, Landkreis",2036,169481.09667583895,118030.08584574643,219135.2947129204
7133,"      Bad Kreuznach, Landkreis",2037,169869.47071795285,112719.88620481666,226414.91790912312
7133,"      Bad Kreuznach, Landkreis",2038,170257.84476006674,106400.28538308213,233403.22062258856
7133,"      Bad Kreuznach, Landkreis",2039,170646.2188021806,99758.8540389792,240260.44628302983
7133,"      Bad Kreuznach, Landkreis",2040,171035.65688276602,90666.89205447224,247057.18612426188
7134,"      Birkenfeld, Landkreis",2025,82795.43789497034,82402.97640476272,83159.35620635284
7134,"      Birkenfeld, Landkreis",2026,82930.20471291218,81723.45307096923,84083.73899334109
7134,"      Birkenfeld, Landkreis",2027,83064.97153085402,80860.84760670793,85356.5689497209
7134,"      Birkenfeld, Landkreis",2028,83200.10757295461,79602.69826219341,86618.05461180046
7134,"      Birkenfeld, Landkreis",2029,83334.87439089644,78008.49961758655,88177.03146169118
7134,"      Birkenfeld, Landkreis",2030,83469.64120883828,76387.02761554439,89991.7484869309
7134,"      Birkenfeld, Landkreis",2031,83604.40802678013,74274.31268399408,92098.75621599902
7134,"      Birkenfeld, Landkreis",2032,83739.54406888071,72154.35563182797,94532.56683046948
7134,"      Birkenfeld, Landkreis",2033,83874.31088682255,69990.27206562753,96829.28654403584
7134,"      Birkenfeld, Landkreis",2034,84009.0777047644,67951.38387004896,99487.5343084262
7134,"      Birkenfeld, Landkreis",2035,84143.84452270623,65541.33466988416,102264.87017908297
7134,"      Birkenfeld, Landkreis",2036,84278.98056480681,62554.88925094812,104991.87615911366
7134,"      Birkenfeld, Landkreis",2037,84413.74738274867,59918.725012228846,108090.67934273784
7134,"      Birkenfeld, Landkreis",2038,84548.51420069051,57782.7339655429,110943.14260569272
7134,"      Birkenfeld, Landkreis",2039,84683.28101863233,55045.12702076067,113902.72230978448
7134,"      Birkenfeld, Landkreis",2040,84818.41706073291,51280.36536071367,117041.69342912802
7135,"      Cochem-Zell, Landkreis",2025,61650.451464883896,61466.409449625455,61813.40132985774
7135,"      Cochem-Zell, Landkreis",2026,61699.77204656123,61129.28684010573,62226.34623430177
7135,"      Cochem-Zell, Landkreis",2027,61749.09262823856,60588.71590358586,62769.92567835979
7135,"      Cochem-Zell, Landkreis",2028,61798.5483347972,59989.69802105985,63361.165641767
7135,"      Cochem-Zell, Landkreis",2029,61847.86891647453,59395.651160944944,64060.57968696144
7135,"      Cochem-Zell, Landkreis",2030,61897.189498151856,58576.935495872975,64807.424594373966
7135,"      Cochem-Zell, Landkreis",2031,61946.51007982919,57799.60540942185,65580.87276285033
7135,"      Cochem-Zell, Landkreis",2032,61995.96578638783,56992.74223145856,66480.78962409189
7135,"      Cochem-Zell, Landkreis",2033,62045.28636806516,56031.92767730885,67453.04825037468
7135,"      Cochem-Zell, Landkreis",2034,62094.60694974249,55131.55934526426,68419.55253499838
7135,"      Cochem-Zell, Landkreis",2035,62143.92753141982,54259.09697128083,69502.87160635329
7135,"      Cochem-Zell, Landkreis",2036,62193.38323797846,53016.20208940075,70578.84053444905
7135,"      Cochem-Zell, Landkreis",2037,62242.70381965578,52123.55684766118,71573.92333400052
7135,"      Cochem-Zell, Landkreis",2038,62292.02440133312,51012.578579805,72736.33198547215
7135,"      Cochem-Zell, Landkreis",2039,62341.34498301045,49954.64202148231,74096.18939248058
7135,"      Cochem-Zell, Landkreis",2040,62390.80068956909,48884.30431456639,75663.16479677527
7137,"      Mayen-Koblenz, Landkreis",2025,217897.66658347685,217733.87615732683,218073.0272591333
7137,"      Mayen-Koblenz, Landkreis",2026,218487.3082638056,217985.98713159675,218981.29270419184
7137,"      Mayen-Koblenz, Landkreis",2027,219076.9499441344,218117.17632957373,220040.86832877816
7137,"      Mayen-Koblenz, Landkreis",2028,219668.20708112165,218154.47636994012,221108.38185399727
7137,"      Mayen-Koblenz, Landkreis",2029,220257.8487614504,218149.8378401553,222324.9048843477
7137,"      Mayen-Koblenz, Landkreis",2030,220847.4904417792,217970.2194423996,223641.40676031768
7137,"      Mayen-Koblenz, Landkreis",2031,221437.1321221079,217721.51774369387,224951.58872123685
7137,"      Mayen-Koblenz, Landkreis",2032,222028.3892590951,217501.8599940233,226367.72979860523
7137,"      Mayen-Koblenz, Landkreis",2033,222618.03093942392,217206.4010071192,227779.6298145397
7137,"      Mayen-Koblenz, Landkreis",2034,223207.67261975267,216908.1861035,229205.3586437728
7137,"      Mayen-Koblenz, Landkreis",2035,223797.31430008143,216610.69364775927,230860.48194003085
7137,"      Mayen-Koblenz, Landkreis",2036,224388.57143706863,216228.86489780425,232472.7728963297
7137,"      Mayen-Koblenz, Landkreis",2037,224978.21311739745,215732.09584219995,234182.8153236349
7137,"      Mayen-Koblenz, Landkreis",2038,225567.85479772612,215091.1375879398,235921.5476442201
7137,"      Mayen-Koblenz, Landkreis",2039,226157.49647805496,214446.1796770352,237925.2067794512
7137,"      Mayen-Koblenz, Landkreis",2040,226748.7536150421,213826.56450483573,239568.95293675625
7138,"      Neuwied, Landkreis",2025,189700.4945928761,188895.3010988146,190558.82919733776
7138,"      Neuwied, Landkreis",2026,190280.52509317533,187741.1057365732,193003.02429747285
7138,"      Neuwied, Landkreis",2027,190860.55559347465,186079.5740209884,195905.76922610664
7138,"      Neuwied, Landkreis",2028,191442.1752184322,184052.0534997345,199436.06447281505
7138,"      Neuwied, Landkreis",2029,192022.20571873145,181622.1630801645,203607.92855945407
7138,"      Neuwied, Landkreis",2030,192602.23621903075,178508.33532965434,207854.17365937744
7138,"      Neuwied, Landkreis",2031,193182.26671933,174915.2219507816,212525.3481816176
7138,"      Neuwied, Landkreis",2032,193763.8863442876,171382.82003668963,217161.66045675377
7138,"      Neuwied, Landkreis",2033,194343.91684458687,168338.75315367794,222493.6707050531
7138,"      Neuwied, Landkreis",2034,194923.9473448861,164467.0799975946,228137.5277474629
7138,"      Neuwied, Landkreis",2035,195503.9778451854,159933.20855443654,234454.82178274728
7138,"      Neuwied, Landkreis",2036,196085.597470143,153283.79112461337,241431.18669208343
7138,"      Neuwied, Landkreis",2037,196665.62797044223,149003.66783464738,249165.6807798205
7138,"      Neuwied, Landkreis",2038,197245.6584707416,143542.58402455237,256515.04082220505
7138,"      Neuwied, Landkreis",2039,197825.6889710408,136766.47544725976,262563.2973322777
7138,"      Neuwied, Landkreis",2040,198407.3085959984,128917.58263175936,268850.5199157567
7140,      Rhein-Hunsrück-Kreis,2025,107250.2519778101,106784.04458908529,107603.42031244292
7140,      Rhein-Hunsrück-Kreis,2026,107736.8415223333,106183.71881112971,108912.91984253484
7140,      Rhein-Hunsrück-Kreis,2027,108223.43106685649,105366.99547004182,110518.87879984644
7140,      Rhein-Hunsrück-Kreis,2028,108711.35373341946,104338.77506481326,112483.4277478898
7140,      Rhein-Hunsrück-Kreis,2029,109197.94327794264,103095.85734864838,114412.6812148262
7140,      Rhein-Hunsrück-Kreis,2030,109684.53282246584,101806.70746676764,116797.73501125794
7140,      Rhein-Hunsrück-Kreis,2031,110171.122366989,100283.48824084908,119605.81675772576
7140,      Rhein-Hunsrück-Kreis,2032,110659.045033552,98585.0320408421,121875.75932661707
7140,      Rhein-Hunsrück-Kreis,2033,111145.63457807516,96772.76687489952,124702.087709574
7140,      Rhein-Hunsrück-Kreis,2034,111632.22412259836,94873.8535164591,127541.65940753788
7140,      Rhein-Hunsrück-Kreis,2035,112118.81366712156,92895.82087226587,130127.3383754968
7140,      Rhein-Hunsrück-Kreis,2036,112606.73633368452,90633.06826271926,132483.0047244988
7140,      Rhein-Hunsrück-Kreis,2037,113093.32587820772,88898.70033467183,135104.5702051859
7140,      Rhein-Hunsrück-Kreis,2038,113579.91542273088,86397.18481355939,138856.2424635782
7140,      Rhein-Hunsrück-Kreis,2039,114066.50496725408,83636.03054027658,141779.67717949813
7140,      Rhein-Hunsrück-Kreis,2040,114554.42763381705,81337.48880606309,144053.6704809054
7141,      Rhein-Lahn-Kreis,2025,125972.07224143684,125476.91889154755,126513.85414171744
7141,      Rhein-Lahn-Kreis,2026,126336.05593323371,124743.259379836,128041.43283515373
7141,      Rhein-Lahn-Kreis,2027,126700.03962503056,123623.18959569916,129978.50881992296
7141,      Rhein-Lahn-Kreis,2028,127065.02053242136,122316.7418097208,132189.37657472794
7141,      Rhein-Lahn-Kreis,2029,127429.00422421824,120797.68510602965,134532.12172621084
7141,      Rhein-Lahn-Kreis,2030,127792.9879160151,119019.80911041755,137104.46255130818
7141,      Rhein-Lahn-Kreis,2031,128156.97160781194,117067.8752623828,139899.83553773334
7141,      Rhein-Lahn-Kreis,2032,128521.95251520276,114991.35542530088,142793.34511011324
7141,      Rhein-Lahn-Kreis,2033,128885.93620699964,112611.50780668996,145891.15501349393
7141,      Rhein-Lahn-Kreis,2034,129249.91989879648,109888.41353543905,149187.7688885973
7141,      Rhein-Lahn-Kreis,2035,129613.90359059333,106996.24303137913,152300.89941892706
7141,      Rhein-Lahn-Kreis,2036,129978.88449798417,103088.44729237408,156355.09878776144
7141,      Rhein-Lahn-Kreis,2037,130342.86818978102,100457.86880303128,159912.1365850988
7141,      Rhein-Lahn-Kreis,2038,130706.85188157784,96959.04799436798,163717.2357154047
7141,      Rhein-Lahn-Kreis,2039,131070.83557337472,93478.66363475526,168103.08524486914
7141,      Rhein-Lahn-Kreis,2040,131435.81648076556,89798.8622987139,172374.54623771817
7143,      Westerwaldkreis,2025,208187.47075921632,207448.9465868695,208783.32927869816
7143,      Westerwaldkreis,2026,208513.9684897237,206101.85245954047,210482.13020436256
7143,      Westerwaldkreis,2027,208840.4662202312,204235.64110951955,212754.10040381164
7143,      Westerwaldkreis,2028,209167.8584650687,201758.73506481733,215764.2814781645
7143,      Westerwaldkreis,2029,209494.35619557617,199518.2520527517,219200.1062866617
7143,      Westerwaldkreis,2030,209820.8539260836,196984.0639013612,222409.1666594988
7143,      Westerwaldkreis,2031,210147.35165659097,193805.1487757477,226444.5807269629
7143,      Westerwaldkreis,2032,210474.74390142856,189943.60025862468,230203.6933324348
7143,      Westerwaldkreis,2033,210801.241631936,185888.18384334323,234726.3421009693
7143,      Westerwaldkreis,2034,211127.73936244336,181815.7161618823,239358.1226134052
7143,      Westerwaldkreis,2035,211454.2370929508,176802.19478785928,244430.15808808972
7143,      Westerwaldkreis,2036,211781.6293377884,171870.1658037181,249175.9456986738
7143,      Westerwaldkreis,2037,212108.12706829573,167217.24559414023,254282.26065854967
7143,      Westerwaldkreis,2038,212434.6247988032,163020.49521848297,260745.8066667645
7143,      Westerwaldkreis,2039,212761.1225293106,158449.36635115187,266872.26331834577
7143,      Westerwaldkreis,2040,213088.5147741482,153206.62950261706,274102.51444001804
7211,"      Trier, kreisfreie Stadt",2025,102928.02005282763,100332.24448312997,105273.41181898188
7211,"      Trier, kreisfreie Stadt",2026,101770.27188765512,99090.91949541772,104274.46779284975
7211,"      Trier, kreisfreie Stadt",2027,100612.52372248255,98083.65108071432,102972.54301181456
7211,"      Trier, kreisfreie Stadt",2028,99451.60364452872,96982.4407066055,101820.37399450564
7211,"      Trier, kreisfreie Stadt",2029,98293.8554793562,95694.16269847791,101009.4992456203
7211,"      Trier, kreisfreie Stadt",2030,97136.10731418364,94488.979997521,99795.74173037204
7211,"      Trier, kreisfreie Stadt",2031,95978.35914901111,93415.43352066478,98570.45828740936
7211,"      Trier, kreisfreie Stadt",2032,94817.43907105728,92293.31320356256,97429.36996219888
7211,"      Trier, kreisfreie Stadt",2033,93659.69090588477,91116.88645101496,96371.30456792082
7211,"      Trier, kreisfreie Stadt",2034,92501.9427407122,89984.33469293009,95006.985962674
7211,"      Trier, kreisfreie Stadt",2035,91344.19457553966,88795.49234766443,93969.50586132344
7211,"      Trier, kreisfreie Stadt",2036,90183.27449758582,87532.45323568492,92967.45761425862
7211,"      Trier, kreisfreie Stadt",2037,89025.52633241328,86467.72667946859,91857.73517605526
7211,"      Trier, kreisfreie Stadt",2038,87867.77816724074,85291.18708647173,90717.309867639
7211,"      Trier, kreisfreie Stadt",2039,86710.03000206822,83907.8798906456,89732.73947718767
7211,"      Trier, kreisfreie Stadt",2040,85549.10992411438,82549.9122128689,88523.2427048291
7231,"      Bernkastel-Wittlich, Landkreis",2025,113159.71589437732,113073.65563896716,113264.94028348946
7231,"      Bernkastel-Wittlich, Landkreis",2026,113104.1261444401,112834.72595035544,113444.78227114526
7231,"      Bernkastel-Wittlich, Landkreis",2027,113048.5363945029,112497.73005151234,113730.64079989064
7231,"      Bernkastel-Wittlich, Landkreis",2028,112992.79434388092,112088.84475118092,114027.531789935
7231,"      Bernkastel-Wittlich, Landkreis",2029,112937.2045939437,111641.38696075827,114361.66789399128
7231,"      Bernkastel-Wittlich, Landkreis",2030,112881.61484400649,111175.75288133448,114721.31432927011
7231,"      Bernkastel-Wittlich, Landkreis",2031,112826.02509406926,110657.93780858576,115175.41229872715
7231,"      Bernkastel-Wittlich, Landkreis",2032,112770.28304344729,110151.65426826684,115727.88075685527
7231,"      Bernkastel-Wittlich, Landkreis",2033,112714.69329351006,109547.52440946428,116351.5411852496
7231,"      Bernkastel-Wittlich, Landkreis",2034,112659.10354357284,108911.34853781032,116815.57700922464
7231,"      Bernkastel-Wittlich, Landkreis",2035,112603.51379363563,108311.91193742873,117394.19375040189
7231,"      Bernkastel-Wittlich, Landkreis",2036,112547.77174301364,107564.58817416398,117958.6504381498
7231,"      Bernkastel-Wittlich, Landkreis",2037,112492.18199307645,106906.95856169036,118599.24688798568
7231,"      Bernkastel-Wittlich, Landkreis",2038,112436.5922431392,106224.35608408778,119270.66570234712
7231,"      Bernkastel-Wittlich, Landkreis",2039,112381.002493202,105558.08932312252,119978.09142506888
7231,"      Bernkastel-Wittlich, Landkreis",2040,112325.26044258,104843.13112207696,120730.10235094011
7232,      Eifelkreis Bitburg-Prüm,2025,99810.87143750324,99406.0880635356,100210.32163189132
7232,      Eifelkreis Bitburg-Prüm,2026,99612.43745003414,99086.29797665088,100113.87198770596
7232,      Eifelkreis Bitburg-Prüm,2027,99414.00346256504,98668.35166741494,100119.99967696764
7232,      Eifelkreis Bitburg-Prüm,2028,99215.02582033577,98152.78479648272,100277.57177474497
7232,      Eifelkreis Bitburg-Prüm,2029,99016.59183286666,97572.79433746565,100463.12289341554
7232,      Eifelkreis Bitburg-Prüm,2030,98818.15784539757,96911.45643308754,100708.02571799408
7232,      Eifelkreis Bitburg-Prüm,2031,98619.72385792846,96199.57825754378,100958.06034957815
7232,      Eifelkreis Bitburg-Prüm,2032,98420.74621569918,95374.0072701484,101275.8060229859
7232,      Eifelkreis Bitburg-Prüm,2033,98222.31222823008,94559.26408216768,101726.58737847662
7232,      Eifelkreis Bitburg-Prüm,2034,98023.87824076098,93708.28210076086,102189.31124232164
7232,      Eifelkreis Bitburg-Prüm,2035,97825.44425329188,92905.80573880354,102702.13295427662
7232,      Eifelkreis Bitburg-Prüm,2036,97626.4666110626,91998.82490995948,102989.83684225664
7232,      Eifelkreis Bitburg-Prüm,2037,97428.0326235935,90973.77055837814,103409.32769304387
7232,      Eifelkreis Bitburg-Prüm,2038,97229.5986361244,90009.22512809861,103833.58057685738
7232,      Eifelkreis Bitburg-Prüm,2039,97031.1646486553,89084.46316190975,104463.351113444
7232,      Eifelkreis Bitburg-Prüm,2040,96832.187006426,88073.27269471508,104979.10227547331
7233,"      Vulkaneifel, Landkreis",2025,59317.73004798085,58979.20448084604,59662.80523267176
7233,"      Vulkaneifel, Landkreis",2026,59266.33302620704,58204.44581374854,60325.34495677001
7233,"      Vulkaneifel, Landkreis",2027,59214.93600443322,57014.41951508475,61160.353571931504
7233,"      Vulkaneifel, Landkreis",2028,59163.39816890113,55628.65037294243,62213.98411188282
7233,"      Vulkaneifel, Landkreis",2029,59112.00114712732,54150.29990374061,63426.86766889823
7233,"      Vulkaneifel, Landkreis",2030,59060.60412535351,52501.754979216326,64739.48824430372
7233,"      Vulkaneifel, Landkreis",2031,59009.2071035797,50757.47048288745,66349.39899911227
7233,"      Vulkaneifel, Landkreis",2032,58957.6692680476,48863.57215953874,68400.48881948157
7233,"      Vulkaneifel, Landkreis",2033,58906.2722462738,46997.22319979352,70285.88881312219
7233,"      Vulkaneifel, Landkreis",2034,58854.87522449998,44845.08469214882,72365.1053472327
7233,"      Vulkaneifel, Landkreis",2035,58803.47820272617,42005.217577781885,74112.74025100494
7233,"      Vulkaneifel, Landkreis",2036,58751.94036719408,39477.28941619526,76368.91547836445
7233,"      Vulkaneifel, Landkreis",2037,58700.54334542026,37348.89999853211,78472.64855124212
7233,"      Vulkaneifel, Landkreis",2038,58649.146323646455,34476.83752745607,80457.22753438336
7233,"      Vulkaneifel, Landkreis",2039,58597.749301872645,31839.827928361927,82369.99120341269
7233,"      Vulkaneifel, Landkreis",2040,58546.21146634055,29334.982789383284,84720.41478743861
7235,"      Trier-Saarburg, Landkreis",2025,148945.0025014388,148191.48233868822,149553.08066153817
7235,"      Trier-Saarburg, Landkreis",2026,148913.3954808626,146544.50891139617,151122.48644259846
7235,"      Trier-Saarburg, Landkreis",2027,148881.78846028642,144548.39831775118,152983.1331634433
7235,"      Trier-Saarburg, Landkreis",2028,148850.09484513328,142246.96502017914,155224.43792297144
7235,"      Trier-Saarburg, Landkreis",2029,148818.4878245571,139360.77861360283,157598.1893297906
7235,"      Trier-Saarburg, Landkreis",2030,148786.8808039809,136118.77014043578,160590.83515970697
7235,"      Trier-Saarburg, Landkreis",2031,148755.27378340473,132568.26469697786,164432.3471668134
7235,"      Trier-Saarburg, Landkreis",2032,148723.5801682516,128484.59895793864,168686.7389199753
7235,"      Trier-Saarburg, Landkreis",2033,148691.9731476754,124579.62422726242,172777.78190811852
7235,"      Trier-Saarburg, Landkreis",2034,148660.3661270992,120797.67032461303,177770.67761097726
7235,"      Trier-Saarburg, Landkreis",2035,148628.75910652304,116532.68258733524,181924.4058704344
7235,"      Trier-Saarburg, Landkreis",2036,148597.06549136993,110960.41242556914,185874.13979467945
7235,"      Trier-Saarburg, Landkreis",2037,148565.4584707937,106246.65710360315,190095.4816967849
7235,"      Trier-Saarburg, Landkreis",2038,148533.8514502175,100994.92134149485,194880.42076505988
7235,"      Trier-Saarburg, Landkreis",2039,148502.24442964132,97119.40852708754,200010.6844978812
7235,"      Trier-Saarburg, Landkreis",2040,148470.55081448823,91313.12472282656,205227.5293521402
7311,"      Frankenthal (Pfalz), kreisfreie Stadt",2025,48216.92302500887,48021.00026255752,48413.44728424563
7311,"      Frankenthal (Pfalz), kreisfreie Stadt",2026,48282.89773214751,47655.24411094174,48935.93300538506
7311,"      Frankenthal (Pfalz), kreisfreie Stadt",2027,48348.87243928614,47083.60335502443,49540.85515518097
7311,"      Frankenthal (Pfalz), kreisfreie Stadt",2028,48415.02789904708,46475.813914596256,50303.57188131411
7311,"      Frankenthal (Pfalz), kreisfreie Stadt",2029,48481.002606185706,45706.43120214787,51219.34692019903
7311,"      Frankenthal (Pfalz), kreisfreie Stadt",2030,48546.977313324336,44678.91779650435,52282.171356164734
7311,"      Frankenthal (Pfalz), kreisfreie Stadt",2031,48612.95202046297,43758.385295120745,53342.70154599764
7311,"      Frankenthal (Pfalz), kreisfreie Stadt",2032,48679.1074802239,42512.402328780125,54597.06741056099
7311,"      Frankenthal (Pfalz), kreisfreie Stadt",2033,48745.08218736254,41417.966087617104,55752.33193099473
7311,"      Frankenthal (Pfalz), kreisfreie Stadt",2034,48811.05689450117,40236.31498077758,57222.283644030766
7311,"      Frankenthal (Pfalz), kreisfreie Stadt",2035,48877.03160163981,38963.48031436333,58420.21881818974
7311,"      Frankenthal (Pfalz), kreisfreie Stadt",2036,48943.187061400735,37744.92422762493,59954.378510159935
7311,"      Frankenthal (Pfalz), kreisfreie Stadt",2037,49009.16176853938,36147.865227669,61693.846391530176
7311,"      Frankenthal (Pfalz), kreisfreie Stadt",2038,49075.13647567801,34406.43484806769,63245.8912664419
7311,"      Frankenthal (Pfalz), kreisfreie Stadt",2039,49141.11118281664,32530.602702463635,64741.309863289694
7311,"      Frankenthal (Pfalz), kreisfreie Stadt",2040,49207.266642577575,31171.043339574408,66784.23947814234
7312,"      Kaiserslautern, kreisfreie Stadt",2025,100558.7818407785,100271.50675619191,100896.57983764385
7312,"      Kaiserslautern, kreisfreie Stadt",2026,100620.90624520447,99608.880395305,101706.3372192855
7312,"      Kaiserslautern, kreisfreie Stadt",2027,100683.03064963044,98608.08022893388,102919.88150559232
7312,"      Kaiserslautern, kreisfreie Stadt",2028,100745.3252579042,97364.60277936442,104391.66423391606
7312,"      Kaiserslautern, kreisfreie Stadt",2029,100807.44966233015,95999.99923873688,105937.92433020652
7312,"      Kaiserslautern, kreisfreie Stadt",2030,100869.57406675616,94257.51672617404,107769.46180531992
7312,"      Kaiserslautern, kreisfreie Stadt",2031,100931.69847118214,92482.95228158476,109735.82142331572
7312,"      Kaiserslautern, kreisfreie Stadt",2032,100993.99307945586,90748.34314812777,111737.79854802867
7312,"      Kaiserslautern, kreisfreie Stadt",2033,101056.11748388184,88695.59567943956,114132.79711085193
7312,"      Kaiserslautern, kreisfreie Stadt",2034,101118.24188830782,86598.31070754961,116250.01687975255
7312,"      Kaiserslautern, kreisfreie Stadt",2035,101180.36629273382,84288.76993378032,118761.77237334148
7312,"      Kaiserslautern, kreisfreie Stadt",2036,101242.66090100752,81261.96158368752,121535.38818377284
7312,"      Kaiserslautern, kreisfreie Stadt",2037,101304.78530543351,78935.61687453724,124381.4611923148
7312,"      Kaiserslautern, kreisfreie Stadt",2038,101366.9097098595,76669.35500259235,127334.28906846968
7312,"      Kaiserslautern, kreisfreie Stadt",2039,101429.03411428547,73708.42032996166,130674.18696214144
7312,"      Kaiserslautern, kreisfreie Stadt",2040,101491.3287225592,70813.11128889963,133310.2497475553
7313,"      Landau in der Pfalz, kreisfreie Stadt",2025,48822.68011872186,48639.80798582513,48994.37618041464
7313,"      Landau in der Pfalz, kreisfreie Stadt",2026,49272.88191116609,48950.33369006045,49583.82721179261
7313,"      Landau in der Pfalz, kreisfreie Stadt",2027,49723.08370361032,49142.42382292801,50310.08564522903
7313,"      Landau in der Pfalz, kreisfreie Stadt",2028,50174.51892562289,49274.30452628742,51075.865807515904
7313,"      Landau in der Pfalz, kreisfreie Stadt",2029,50624.720718067125,49364.5932710088,51971.35702157582
7313,"      Landau in der Pfalz, kreisfreie Stadt",2030,51074.92251051135,49440.487070494295,52814.81484464925
7313,"      Landau in der Pfalz, kreisfreie Stadt",2031,51525.124302955584,49439.79881976449,53772.50482107564
7313,"      Landau in der Pfalz, kreisfreie Stadt",2032,51976.55952496816,49421.5755525112,54731.99288069773
7313,"      Landau in der Pfalz, kreisfreie Stadt",2033,52426.76131741238,49349.828552519706,55688.19673510381
7313,"      Landau in der Pfalz, kreisfreie Stadt",2034,52876.96310985662,49200.019306452166,56722.16031203892
7313,"      Landau in der Pfalz, kreisfreie Stadt",2035,53327.16490230084,49032.20661095161,57795.6406436793
7313,"      Landau in der Pfalz, kreisfreie Stadt",2036,53778.60012431341,48871.83995933688,58810.88354464456
7313,"      Landau in der Pfalz, kreisfreie Stadt",2037,54228.80191675765,48635.45065850247,59943.60266387767
7313,"      Landau in der Pfalz, kreisfreie Stadt",2038,54679.00370920187,48537.96369166816,61150.75413853559
7313,"      Landau in der Pfalz, kreisfreie Stadt",2039,55129.205501646094,48151.36771033856,62360.235136750605
7313,"      Landau in der Pfalz, kreisfreie Stadt",2040,55580.64072365867,47848.34590129297,63479.19884054476
7314,"      Ludwigshafen am Rhein, kreisfreie Stadt",2025,178998.8798473257,178408.3544794334,179543.94965364644
7314,"      Ludwigshafen am Rhein, kreisfreie Stadt",2026,180680.66650623723,178858.77639283283,182528.4324642713
7314,"      Ludwigshafen am Rhein, kreisfreie Stadt",2027,182362.4531651488,178820.29450417188,185909.24854577697
7314,"      Ludwigshafen am Rhein, kreisfreie Stadt",2028,184048.84745874212,178278.47990282413,189757.34586244053
7314,"      Ludwigshafen am Rhein, kreisfreie Stadt",2029,185730.63411765368,177536.1936179589,193670.0191860752
7314,"      Ludwigshafen am Rhein, kreisfreie Stadt",2030,187412.4207765652,176547.56812242765,197660.4732429488
7314,"      Ludwigshafen am Rhein, kreisfreie Stadt",2031,189094.2074354767,175295.3544522062,202573.56270791547
7314,"      Ludwigshafen am Rhein, kreisfreie Stadt",2032,190780.60172907016,173748.1058013603,206929.8084973728
7314,"      Ludwigshafen am Rhein, kreisfreie Stadt",2033,192462.3883879817,171929.72936014994,211491.12565423152
7314,"      Ludwigshafen am Rhein, kreisfreie Stadt",2034,194144.1750468932,169409.43274490445,216656.1241955232
7314,"      Ludwigshafen am Rhein, kreisfreie Stadt",2035,195825.96170580463,166711.84827529776,221702.4527660232
7314,"      Ludwigshafen am Rhein, kreisfreie Stadt",2036,197512.3559993981,163740.6230073919,227472.5551561924
7314,"      Ludwigshafen am Rhein, kreisfreie Stadt",2037,199194.14265830963,161235.23764254025,233748.8183986109
7314,"      Ludwigshafen am Rhein, kreisfreie Stadt",2038,200875.9293172212,157524.53033192718,240559.59023655328
7314,"      Ludwigshafen am Rhein, kreisfreie Stadt",2039,202557.71597613263,154222.9178755181,246612.92225799587
7314,"      Ludwigshafen am Rhein, kreisfreie Stadt",2040,204244.11026972608,150844.11304210033,252165.7215021361
7315,"      Mainz, kreisfreie Stadt",2025,226607.8445893789,225360.0200100691,227909.6299257117
7315,"      Mainz, kreisfreie Stadt",2026,228243.93461326137,224344.5620582603,232436.53891490705
7315,"      Mainz, kreisfreie Stadt",2027,229880.0246371439,222265.9103795284,238183.95687250097
7315,"      Mainz, kreisfreie Stadt",2028,231520.597099448,219541.91226549653,244769.1651016281
7315,"      Mainz, kreisfreie Stadt",2029,233156.68712333048,216538.5321356046,251626.9037243421
7315,"      Mainz, kreisfreie Stadt",2030,234792.777147213,212355.07023388147,259725.90287642536
7315,"      Mainz, kreisfreie Stadt",2031,236428.86717109548,207807.0820693537,267396.1752232344
7315,"      Mainz, kreisfreie Stadt",2032,238069.4396333996,202895.1529078701,276415.4055746799
7315,"      Mainz, kreisfreie Stadt",2033,239705.5296572821,198287.14112448983,285531.622396422
7315,"      Mainz, kreisfreie Stadt",2034,241341.61968116465,192158.21588606024,292506.9315138978
7315,"      Mainz, kreisfreie Stadt",2035,242977.7097050472,186246.3013490048,303713.8691715568
7315,"      Mainz, kreisfreie Stadt",2036,244618.2821673512,179879.72105229832,315851.5091198761
7315,"      Mainz, kreisfreie Stadt",2037,246254.3721912337,172612.17944500252,328253.96607330523
7315,"      Mainz, kreisfreie Stadt",2038,247890.46221511625,166680.0778767758,338925.5243442353
7315,"      Mainz, kreisfreie Stadt",2039,249526.5522389988,159187.9496747941,351738.0898979492
7315,"      Mainz, kreisfreie Stadt",2040,251167.12470130285,152460.353464848,365118.8262244584
7316,"      Neustadt an der Weinstraße, kreisfreie Stadt",2025,52978.31653738997,52743.5719012723,53207.24831980819
7316,"      Neustadt an der Weinstraße, kreisfreie Stadt",2026,53063.50438107718,52302.74904639288,53803.62058656044
7316,"      Neustadt an der Weinstraße, kreisfreie Stadt",2027,53148.6922247644,51656.96754264794,54589.49456616179
7316,"      Neustadt an der Weinstraße, kreisfreie Stadt",2028,53234.113459804175,50942.79666323132,55469.33015744172
7316,"      Neustadt an der Weinstraße, kreisfreie Stadt",2029,53319.30130349139,50110.57290181043,56437.328257035726
7316,"      Neustadt an der Weinstraße, kreisfreie Stadt",2030,53404.4891471786,49179.38812414813,57654.74188874074
7316,"      Neustadt an der Weinstraße, kreisfreie Stadt",2031,53489.67699086582,48240.48727107453,58859.938619121865
7316,"      Neustadt an der Weinstraße, kreisfreie Stadt",2032,53575.0982259056,47236.70354262511,59960.08549280775
7316,"      Neustadt an der Weinstraße, kreisfreie Stadt",2033,53660.2860695928,46037.49071883077,61309.05796580025
7316,"      Neustadt an der Weinstraße, kreisfreie Stadt",2034,53745.47391328002,44838.62986042555,63082.17017083081
7316,"      Neustadt an der Weinstraße, kreisfreie Stadt",2035,53830.66175696723,43443.22461604069,64885.23205255846
7316,"      Neustadt an der Weinstraße, kreisfreie Stadt",2036,53916.08299200702,42068.92722710937,66691.31855738524
7316,"      Neustadt an der Weinstraße, kreisfreie Stadt",2037,54001.27083569423,40562.79760621263,68454.11322438544
7316,"      Neustadt an der Weinstraße, kreisfreie Stadt",2038,54086.458679381445,38996.26539329243,70341.9988727168
7316,"      Neustadt an der Weinstraße, kreisfreie Stadt",2039,54171.64652306866,37489.95608566015,72164.77827847977
7316,"      Neustadt an der Weinstraße, kreisfreie Stadt",2040,54257.06775810844,35942.13877817836,74202.95072196287
7317,"      Pirmasens, kreisfreie Stadt",2025,39989.64646478347,39779.44227573752,40181.33561479369
7317,"      Pirmasens, kreisfreie Stadt",2026,40207.3245237449,39534.948712756544,40873.44454141333
7317,"      Pirmasens, kreisfreie Stadt",2027,40425.00258270632,39160.84817156648,41727.88300301905
7317,"      Pirmasens, kreisfreie Stadt",2028,40643.27701991148,38668.09920566156,42743.79109252316
7317,"      Pirmasens, kreisfreie Stadt",2029,40860.955078872896,37972.03092002319,43769.27934265945
7317,"      Pirmasens, kreisfreie Stadt",2030,41078.63313783432,36932.08134736747,45013.634135800814
7317,"      Pirmasens, kreisfreie Stadt",2031,41296.31119679574,36079.293975810506,46333.20025508138
7317,"      Pirmasens, kreisfreie Stadt",2032,41514.5856340009,35109.33171103315,47736.35300878097
7317,"      Pirmasens, kreisfreie Stadt",2033,41732.263692962326,34107.02674488232,49310.10674386727
7317,"      Pirmasens, kreisfreie Stadt",2034,41949.94175192374,32985.47293822209,50948.7613316949
7317,"      Pirmasens, kreisfreie Stadt",2035,42167.61981088517,31776.12227067172,52636.725381745215
7317,"      Pirmasens, kreisfreie Stadt",2036,42385.89424809033,30676.33912693539,54386.47017108068
7317,"      Pirmasens, kreisfreie Stadt",2037,42603.57230705174,29419.996845415128,56441.60580969628
7317,"      Pirmasens, kreisfreie Stadt",2038,42821.25036601317,28097.92058668756,58671.22473323289
7317,"      Pirmasens, kreisfreie Stadt",2039,43038.92842497459,26613.26615648036,60838.4211656044
7317,"      Pirmasens, kreisfreie Stadt",2040,43257.20286217974,25016.845275146527,62881.11999064427
7318,"      Speyer, kreisfreie Stadt",2025,49442.49340214393,49171.064829254094,49696.13414796316
7318,"      Speyer, kreisfreie Stadt",2026,49275.45890539582,48376.11912226942,50075.94877683144
7318,"      Speyer, kreisfreie Stadt",2027,49108.42440864771,47409.911015129546,50749.858793078594
7318,"      Speyer, kreisfreie Stadt",2028,48940.93228314138,46277.67916244642,51553.14444812487
7318,"      Speyer, kreisfreie Stadt",2029,48773.89778639328,45095.19309137479,52552.43359912866
7318,"      Speyer, kreisfreie Stadt",2030,48606.86328964516,43799.33394630897,53579.1220093849
7318,"      Speyer, kreisfreie Stadt",2031,48439.82879289705,42383.94737774306,54656.778670150365
7318,"      Speyer, kreisfreie Stadt",2032,48272.33666739073,40866.76108279525,55999.4929929998
7318,"      Speyer, kreisfreie Stadt",2033,48105.302170642615,39122.466616760365,57382.27493234593
7318,"      Speyer, kreisfreie Stadt",2034,47938.26767389451,37540.610240526126,58722.25320951783
7318,"      Speyer, kreisfreie Stadt",2035,47771.2331771464,35721.15457673809,60066.48136504126
7318,"      Speyer, kreisfreie Stadt",2036,47603.74105164008,33783.83306605666,61880.44926353244
7318,"      Speyer, kreisfreie Stadt",2037,47436.70655489196,31936.706273762924,63662.09718971735
7318,"      Speyer, kreisfreie Stadt",2038,47269.67205814385,30252.10441478586,65046.31507444244
7318,"      Speyer, kreisfreie Stadt",2039,47102.63756139574,28046.15810808448,67274.4858220224
7318,"      Speyer, kreisfreie Stadt",2040,46935.14543588942,26064.84891454652,69332.33453967897
7319,"      Worms, kreisfreie Stadt",2025,87591.94872432586,87276.33391350291,87906.40993399013
7319,"      Worms, kreisfreie Stadt",2026,88303.97278436372,87360.0562031039,89293.76602952955
7319,"      Worms, kreisfreie Stadt",2027,89015.99684440157,87216.73867867619,90874.02745640949
7319,"      Worms, kreisfreie Stadt",2028,89729.97165528884,86984.6945009911,92648.2894948966
7319,"      Worms, kreisfreie Stadt",2029,90441.99571532667,86539.74516639311,94510.79999668917
7319,"      Worms, kreisfreie Stadt",2030,91154.01977536452,85881.05289813415,96464.45841146004
7319,"      Worms, kreisfreie Stadt",2031,91866.0438354024,85178.03325762879,98667.13971721478
7319,"      Worms, kreisfreie Stadt",2032,92580.01864628968,84583.80377031768,101126.64959605312
7319,"      Worms, kreisfreie Stadt",2033,93292.04270632751,83374.88690893495,103385.07930089303
7319,"      Worms, kreisfreie Stadt",2034,94004.06676636536,82537.37332585656,106159.75070743114
7319,"      Worms, kreisfreie Stadt",2035,94716.09082640323,81031.60845698444,108931.3719471
7319,"      Worms, kreisfreie Stadt",2036,95430.0656372905,79935.78271610402,111368.90508952829
7319,"      Worms, kreisfreie Stadt",2037,96142.08969732837,78620.22572967906,114269.38897042308
7319,"      Worms, kreisfreie Stadt",2038,96854.1137573662,77635.09412951737,117331.9128343454
7319,"      Worms, kreisfreie Stadt",2039,97566.13781740407,76114.43271904477,119971.33180519615
7319,"      Worms, kreisfreie Stadt",2040,98280.11262829136,74444.81472494031,123510.7939402383
7320,"      Zweibrücken, kreisfreie Stadt",2025,33369.669178341464,33129.517146105834,33604.79034442481
7320,"      Zweibrücken, kreisfreie Stadt",2026,33397.01422087855,32657.317322992287,34134.24100120683
7320,"      Zweibrücken, kreisfreie Stadt",2027,33424.35926341562,31888.007874431794,34879.03713352192
7320,"      Zweibrücken, kreisfreie Stadt",2028,33451.779223877464,30903.28300137114,35845.27943576607
7320,"      Zweibrücken, kreisfreie Stadt",2029,33479.12426641455,29759.54771522944,37018.99847530419
7320,"      Zweibrücken, kreisfreie Stadt",2030,33506.46930895162,28594.777425924603,38066.08527916726
7320,"      Zweibrücken, kreisfreie Stadt",2031,33533.814351488705,27235.258843218413,39252.13511260128
7320,"      Zweibrücken, kreisfreie Stadt",2032,33561.234311950546,25756.865384392648,40669.1912742924
7320,"      Zweibrücken, kreisfreie Stadt",2033,33588.57935448762,24283.5144067925,42074.44826115662
7320,"      Zweibrücken, kreisfreie Stadt",2034,33615.924397024704,22606.55543575232,43731.55937161396
7320,"      Zweibrücken, kreisfreie Stadt",2035,33643.26943956179,20698.651298225373,45086.25407191917
7320,"      Zweibrücken, kreisfreie Stadt",2036,33670.68940002362,18954.161297735893,46270.270410058
7320,"      Zweibrücken, kreisfreie Stadt",2037,33698.0344425607,17028.284246791933,48006.45906464543
7320,"      Zweibrücken, kreisfreie Stadt",2038,33725.37948509779,15087.229457272351,49499.7848885784
7320,"      Zweibrücken, kreisfreie Stadt",2039,33752.72452763486,13316.087606623692,51075.88248066967
7320,"      Zweibrücken, kreisfreie Stadt",2040,33780.1444880967,11293.75798114866,52662.95504969553
7331,"      Alzey-Worms, Landkreis",2025,131974.0409546553,131415.9311419078,132629.81490321096
7331,"      Alzey-Worms, Landkreis",2026,132637.93324756052,130782.87161619704,134599.80485960434
7331,"      Alzey-Worms, Landkreis",2027,133301.8255404658,129607.4124069195,137121.9094576989
7331,"      Alzey-Worms, Landkreis",2028,133967.53671636528,128204.59577256684,140048.65523866177
7331,"      Alzey-Worms, Landkreis",2029,134631.42900927053,126797.83577834068,143319.53490159815
7331,"      Alzey-Worms, Landkreis",2030,135295.32130217578,124663.53408139714,146702.43956541724
7331,"      Alzey-Worms, Landkreis",2031,135959.21359508106,122869.8409966648,150200.2981991284
7331,"      Alzey-Worms, Landkreis",2032,136624.92477098055,120546.43193872714,153954.20226955632
7331,"      Alzey-Worms, Landkreis",2033,137288.81706388577,118296.23202255252,158170.3406445689
7331,"      Alzey-Worms, Landkreis",2034,137952.70935679102,115898.25871353869,162488.78378503275
7331,"      Alzey-Worms, Landkreis",2035,138616.6016496963,112744.2585683373,167147.17070906857
7331,"      Alzey-Worms, Landkreis",2036,139282.3128255958,109790.4800478314,171852.78859144496
7331,"      Alzey-Worms, Landkreis",2037,139946.20511850104,107321.38050664189,176582.94618155877
7331,"      Alzey-Worms, Landkreis",2038,140610.09741140628,104317.74816190664,181893.95971176508
7331,"      Alzey-Worms, Landkreis",2039,141273.98970431153,101603.11630858238,186892.07888639352
7331,"      Alzey-Worms, Landkreis",2040,141939.70088021102,97781.03619656552,192332.4815259459
7332,"      Bad Dürkheim, Landkreis",2025,134491.1729082547,134185.70944288245,134772.92022584667
7332,"      Bad Dürkheim, Landkreis",2026,134639.67312862637,133717.6842020835,135508.46044065282
7332,"      Bad Dürkheim, Landkreis",2027,134788.17334899804,133066.16809257746,136373.6992564213
7332,"      Bad Dürkheim, Landkreis",2028,134937.08041928854,132195.0765903381,137356.1173455276
7332,"      Bad Dürkheim, Landkreis",2029,135085.5806396602,131139.83465512347,138595.1657476087
7332,"      Bad Dürkheim, Landkreis",2030,135234.08086003189,130122.45056553584,140085.94314319905
7332,"      Bad Dürkheim, Landkreis",2031,135382.58108040356,128548.78573214488,141337.67155085108
7332,"      Bad Dürkheim, Landkreis",2032,135531.48815069406,127086.83564249738,143055.37556394885
7332,"      Bad Dürkheim, Landkreis",2033,135679.98837106573,125930.78444821258,144739.27954752673
7332,"      Bad Dürkheim, Landkreis",2034,135828.4885914374,124041.2408076854,146384.5130457727
7332,"      Bad Dürkheim, Landkreis",2035,135976.98881180905,122645.55323269391,148173.93715646272
7332,"      Bad Dürkheim, Landkreis",2036,136125.89588209955,120788.4715229701,150434.08260227533
7332,"      Bad Dürkheim, Landkreis",2037,136274.3961024712,119256.94376772516,152770.78967202248
7332,"      Bad Dürkheim, Landkreis",2038,136422.8963228429,116833.12816922566,154959.4648418987
7332,"      Bad Dürkheim, Landkreis",2039,136571.39654321456,115047.15015916926,157148.5202754032
7332,"      Bad Dürkheim, Landkreis",2040,136720.30361350504,113161.71949336464,159645.2425962798
7333,      Donnersbergkreis,2025,74714.3830483611,74507.53667352076,74914.73054313644
7333,      Donnersbergkreis,2026,74677.00341804327,74067.91074780932,75368.70434933288
7333,      Donnersbergkreis,2027,74639.62378772545,73485.40390620579,75959.86886268815
7333,      Donnersbergkreis,2028,74602.14174746153,72810.4417762051,76631.98781688922
7333,      Donnersbergkreis,2029,74564.7621171437,71967.11680267152,77485.72595185363
7333,      Donnersbergkreis,2030,74527.38248682588,71088.20013471684,78517.30412201853
7333,      Donnersbergkreis,2031,74490.00285650804,70093.72298735246,79536.28782191986
7333,      Donnersbergkreis,2032,74452.52081624414,68848.24597261533,80496.62721313762
7333,      Donnersbergkreis,2033,74415.14118592632,67709.13945832606,81539.43075169779
7333,      Donnersbergkreis,2034,74377.76155560848,66396.48837782865,82711.97456972173
7333,      Donnersbergkreis,2035,74340.38192529065,65149.65507816017,83907.16807741321
7333,      Donnersbergkreis,2036,74302.89988502675,63704.40746904006,85481.62905954139
7333,      Donnersbergkreis,2037,74265.52025470891,61997.94804376573,86818.24495302765
7333,      Donnersbergkreis,2038,74228.1406243911,60500.86329680031,88223.31924584611
7333,      Donnersbergkreis,2039,74190.76099407327,59174.46455246662,89482.84890618255
7333,      Donnersbergkreis,2040,74153.27895380936,57524.7337457202,90993.11351319557
7334,"      Germersheim, Landkreis",2025,131845.25928131232,131422.83274322038,132240.7664612848
7334,"      Germersheim, Landkreis",2026,132111.08053473893,130877.99483279268,133352.60051483003
7334,"      Germersheim, Landkreis",2027,132376.9017881655,129854.7513753392,134741.49142176536
7334,"      Germersheim, Landkreis",2028,132643.45131899873,128836.13061307045,136252.2296672726
7334,"      Germersheim, Landkreis",2029,132909.2725724253,127466.02329658934,138015.60088909033
7334,"      Germersheim, Landkreis",2030,133175.09382585192,126070.42094825993,140147.511132075
7334,"      Germersheim, Landkreis",2031,133440.9150792785,124495.00741887432,142316.20687080905
7334,"      Germersheim, Landkreis",2032,133707.4646101117,122946.7099572849,144587.31069527523
7334,"      Germersheim, Landkreis",2033,133973.28586353827,120949.30292506237,146959.13561457876
7334,"      Germersheim, Landkreis",2034,134239.10711696488,118724.93271093744,149466.93206336885
7334,"      Germersheim, Landkreis",2035,134504.92837039146,116590.0060888256,152090.40175774388
7334,"      Germersheim, Landkreis",2036,134771.4779012247,114357.04082362977,154909.8176947254
7334,"      Germersheim, Landkreis",2037,135037.29915465126,111913.69822023074,157276.48393716195
7334,"      Germersheim, Landkreis",2038,135303.12040807787,109571.95191282449,160685.83667188688
7334,"      Germersheim, Landkreis",2039,135568.94166150442,106556.2683172061,163744.567371295
7334,"      Germersheim, Landkreis",2040,135835.49119233765,104413.77582142616,166935.86635073897
7335,"      Kaiserslautern, Landkreis",2025,106649.37994533904,106181.78025175128,107088.17573026674
7335,"      Kaiserslautern, Landkreis",2026,106944.25482150792,105436.63536285351,108408.4058403362
7335,"      Kaiserslautern, Landkreis",2027,107239.1296976768,104152.7616259402,110028.49223947796
7335,"      Kaiserslautern, Landkreis",2028,107534.81245021871,102594.24225089129,111919.86291097876
7335,"      Kaiserslautern, Landkreis",2029,107829.6873263876,101009.3757864753,114408.08061323447
7335,"      Kaiserslautern, Landkreis",2030,108124.56220255644,98956.6673503122,116854.37099095092
7335,"      Kaiserslautern, Landkreis",2031,108419.43707872531,96851.28930707744,119572.4602931886
7335,"      Kaiserslautern, Landkreis",2032,108715.11983126726,94672.31385646356,122811.93223016003
7335,"      Kaiserslautern, Landkreis",2033,109009.99470743613,92585.4770135582,125744.06644046228
7335,"      Kaiserslautern, Landkreis",2034,109304.869583605,90308.9452821427,128921.31852128488
7335,"      Kaiserslautern, Landkreis",2035,109599.74445977386,87854.09247256145,132907.66902226498
7335,"      Kaiserslautern, Landkreis",2036,109895.4272123158,84595.56662788113,136533.72521473473
7335,"      Kaiserslautern, Landkreis",2037,110190.30208848468,82082.67214339798,140334.5797225977
7335,"      Kaiserslautern, Landkreis",2038,110485.17696465354,78557.77070866941,144401.23360271967
7335,"      Kaiserslautern, Landkreis",2039,110780.0518408224,75010.77042145093,149274.85781790983
7335,"      Kaiserslautern, Landkreis",2040,111075.73459336432,70688.87761649925,153800.915848922
7336,"      Kusel, Landkreis",2025,68983.79950444412,68836.99510008625,69110.97626484727
7336,"      Kusel, Landkreis",2026,68592.8479273587,68167.06533950359,69010.8721652511
7336,"      Kusel, Landkreis",2027,68201.89635027328,67367.76567603883,68987.38052290976
7336,"      Kusel, Landkreis",2028,67809.87367297667,66553.37724265485,69065.29865426972
7336,"      Kusel, Landkreis",2029,67418.92209589125,65665.27883254334,69243.23248368535
7336,"      Kusel, Landkreis",2030,67027.97051880583,64625.71265142281,69433.31147813085
7336,"      Kusel, Landkreis",2031,66637.01894172042,63634.76956945736,69623.72360194051
7336,"      Kusel, Landkreis",2032,66244.99626442381,62391.07748573942,69948.73212854774
7336,"      Kusel, Landkreis",2033,65854.04468733839,61205.23801633008,70216.07129415506
7336,"      Kusel, Landkreis",2034,65463.09311025298,59952.39734325143,70554.03241210656
7336,"      Kusel, Landkreis",2035,65072.14153316756,58738.205513718414,70962.84035234286
7336,"      Kusel, Landkreis",2036,64680.11885587095,57646.28272808721,71320.56054557358
7336,"      Kusel, Landkreis",2037,64289.167278785535,56411.14077161899,71890.2313308002
7336,"      Kusel, Landkreis",2038,63898.21570170012,55091.72239860863,72406.79628727764
7336,"      Kusel, Landkreis",2039,63507.264124614696,53754.54604833679,73020.27421324782
7336,"      Kusel, Landkreis",2040,63115.2414473181,52124.998790058205,73919.58203005437
7337,"      Südliche Weinstraße, Landkreis",2025,113161.2908856718,112767.58897799852,113558.62740461492
7337,"      Südliche Weinstraße, Landkreis",2026,113228.3789186763,112023.29454415616,114618.45448479564
7337,"      Südliche Weinstraße, Landkreis",2027,113295.4669516808,110886.23718358672,115896.6016455026
7337,"      Südliche Weinstraße, Landkreis",2028,113362.73878751542,109437.92627942417,117336.4567060028
7337,"      Südliche Weinstraße, Landkreis",2029,113429.82682051991,107662.9444215566,118760.67045431674
7337,"      Südliche Weinstraße, Landkreis",2030,113496.91485352442,105993.98668173335,120502.19747865415
7337,"      Südliche Weinstraße, Landkreis",2031,113564.0028865289,104271.43573312995,122333.67015763128
7337,"      Südliche Weinstraße, Landkreis",2032,113631.27472236357,102139.48511977134,124593.48329957208
7337,"      Südliche Weinstraße, Landkreis",2033,113698.36275536806,100002.83937219271,126774.24663490432
7337,"      Südliche Weinstraße, Landkreis",2034,113765.45078837252,98126.21833827691,129594.90781833183
7337,"      Südliche Weinstraße, Landkreis",2035,113832.53882137702,95493.34040449312,132154.53573357515
7337,"      Südliche Weinstraße, Landkreis",2036,113899.81065721168,92440.87925582031,135787.5052226285
7337,"      Südliche Weinstraße, Landkreis",2037,113966.89869021616,89282.7134554628,138701.29858386362
7337,"      Südliche Weinstraße, Landkreis",2038,114033.98672322066,86527.89755148016,141521.0890137058
7337,"      Südliche Weinstraße, Landkreis",2039,114101.07475622516,83359.26508360663,143842.72692182328
7337,"      Südliche Weinstraße, Landkreis",2040,114168.3465920598,80091.04794770268,147235.42221173548
7338,      Rhein-Pfalz-Kreis,2025,156309.38424799114,156102.87641371225,156502.34090689706
7338,      Rhein-Pfalz-Kreis,2026,156718.9604963775,156066.2767143154,157355.24964944815
7338,      Rhein-Pfalz-Kreis,2027,157128.53674476378,155809.13651463966,158383.62583535849
7338,      Rhein-Pfalz-Kreis,2028,157539.235119858,155540.85082852503,159466.1893290587
7338,      Rhein-Pfalz-Kreis,2029,157948.81136824435,155093.9662827655,160749.32453168355
7338,      Rhein-Pfalz-Kreis,2030,158358.38761663067,154549.83715264098,162060.3877167799
7338,      Rhein-Pfalz-Kreis,2031,158767.96386501697,153895.15353996796,163560.96385631672
7338,      Rhein-Pfalz-Kreis,2032,159178.6622401112,153176.0301722209,165235.1637049204
7338,      Rhein-Pfalz-Kreis,2033,159588.23848849753,152252.05791645095,166964.45838447488
7338,      Rhein-Pfalz-Kreis,2034,159997.81473688385,151517.2062784202,168572.3479272195
7338,      Rhein-Pfalz-Kreis,2035,160407.39098527018,150439.0753711232,170301.45426105618
7338,      Rhein-Pfalz-Kreis,2036,160818.0893603644,149523.3454436701,172286.2573087615
7338,      Rhein-Pfalz-Kreis,2037,161227.66560875069,148618.16685131536,174209.99721291897
7338,      Rhein-Pfalz-Kreis,2038,161637.241857137,147234.94049998533,175868.10155928376
7338,      Rhein-Pfalz-Kreis,2039,162046.81810552333,145978.36613070994,178012.2104425376
7338,      Rhein-Pfalz-Kreis,2040,162457.51648061757,145112.97723880783,179947.64010308785
7339,"      Mainz-Bingen, Landkreis",2025,206795.41841680088,205315.5990860696,208409.57836359827
7339,"      Mainz-Bingen, Landkreis",2026,207109.8802952805,202166.9384261759,212206.2653695159
7339,"      Mainz-Bingen, Landkreis",2027,207424.3421737601,197735.9066272172,217811.67304010785
7339,"      Mainz-Bingen, Landkreis",2028,207739.6655916329,192730.997737614,223897.76812186564
7339,"      Mainz-Bingen, Landkreis",2029,208054.1274701125,186285.1550233068,231396.1281366775
7339,"      Mainz-Bingen, Landkreis",2030,208368.58934859216,180366.8880708757,239914.9479062778
7339,"      Mainz-Bingen, Landkreis",2031,208683.0512270718,172553.304551014,248761.00862613897
7339,"      Mainz-Bingen, Landkreis",2032,208998.37464494453,164424.20300897438,257400.78606781573
7339,"      Mainz-Bingen, Landkreis",2033,209312.83652342416,156221.77127747567,267216.40511942044
7339,"      Mainz-Bingen, Landkreis",2034,209627.2984019038,145136.80699149036,276375.1761434117
7339,"      Mainz-Bingen, Landkreis",2035,209941.76028038343,136774.7594489502,286225.3137606733
7339,"      Mainz-Bingen, Landkreis",2036,210257.0836982561,126411.70135335378,297078.5354567668
7339,"      Mainz-Bingen, Landkreis",2037,210571.5455767358,116423.1159043182,308166.13473118405
7339,"      Mainz-Bingen, Landkreis",2038,210886.00745521544,104985.84004749166,320981.1406206026
7339,"      Mainz-Bingen, Landkreis",2039,211200.46933369507,92462.35557036474,334965.0721762424
7339,"      Mainz-Bingen, Landkreis",2040,211515.7927515678,79017.01095912883,350631.64284429845
7340,"      Südwestpfalz, Landkreis",2025,88187.5033202308,87131.83744918629,89172.39703723934
7340,"      Südwestpfalz, Landkreis",2026,86943.54666179325,85791.40588632291,88001.78030379732
7340,"      Südwestpfalz, Landkreis",2027,85699.59000335573,84543.52246042529,86893.57843899733
7340,"      Südwestpfalz, Landkreis",2028,84452.22524448411,83152.08087534604,85820.90393362562
7340,"      Südwestpfalz, Landkreis",2029,83208.26858604657,81573.14638892487,84738.28367311393
7340,"      Südwestpfalz, Landkreis",2030,81964.31192760904,80155.9664483113,83846.88317034712
7340,"      Südwestpfalz, Landkreis",2031,80720.35526917152,78540.04073626731,83100.90364064816
7340,"      Südwestpfalz, Landkreis",2032,79472.9905102999,76801.33346088247,81979.30710822162
7340,"      Südwestpfalz, Landkreis",2033,78229.03385186236,75304.5160938281,81120.59113073412
7340,"      Südwestpfalz, Landkreis",2034,76985.07719342483,73576.84892560919,80523.68211181801
7340,"      Südwestpfalz, Landkreis",2035,75741.1205349873,71739.64927697374,79686.91343409961
7340,"      Südwestpfalz, Landkreis",2036,74493.7557761157,70122.93940029139,79036.14485753821
7340,"      Südwestpfalz, Landkreis",2037,73249.79911767817,68366.86381553538,78057.5552240008
7340,"      Südwestpfalz, Landkreis",2038,72005.84245924062,66316.10817540855,77426.29662031325
7340,"      Südwestpfalz, Landkreis",2039,70761.8858008031,64503.35892236587,76542.40179997328
7340,"      Südwestpfalz, Landkreis",2040,69514.52104193148,62624.73919946067,75911.85446097612
8111,"      Stuttgart, Stadtkreis",2025,613200.189028334,609702.2537022029,616761.9786724442
8111,"      Stuttgart, Stadtkreis",2026,613493.8197674241,602284.7589014106,624825.987617279
8111,"      Stuttgart, Stadtkreis",2027,613787.4505065142,591482.6376959261,636228.7458335926
8111,"      Stuttgart, Stadtkreis",2028,614081.8857133826,578837.8817343867,648615.4745797846
8111,"      Stuttgart, Stadtkreis",2029,614375.5164524727,564288.2002532436,662885.3168774445
8111,"      Stuttgart, Stadtkreis",2030,614669.1471915627,547807.6557727527,679205.0366878218
8111,"      Stuttgart, Stadtkreis",2031,614962.7779306528,531743.9080541914,698285.4588914807
8111,"      Stuttgart, Stadtkreis",2032,615257.2131375212,510198.1350621043,719226.3876771705
8111,"      Stuttgart, Stadtkreis",2033,615550.8438766113,492025.6646384533,741651.1247378255
8111,"      Stuttgart, Stadtkreis",2034,615844.4746157014,470504.7095190148,764231.209749559
8111,"      Stuttgart, Stadtkreis",2035,616138.1053547914,451190.7782844593,788553.6669321648
8111,"      Stuttgart, Stadtkreis",2036,616432.54056166,432759.9152272159,817727.8862818517
8111,"      Stuttgart, Stadtkreis",2037,616726.17130075,409533.2711738106,841973.6506329784
8111,"      Stuttgart, Stadtkreis",2038,617019.80203984,386373.4128554913,869971.8709674559
8111,"      Stuttgart, Stadtkreis",2039,617313.4327789301,372796.26253386895,898630.3434786793
8111,"      Stuttgart, Stadtkreis",2040,617607.8679857985,348216.1009836939,923209.8718177396
8115,"      Böblingen, Landkreis",2025,397324.19427851785,396439.6766852962,398226.7899212957
8115,"      Böblingen, Landkreis",2026,399175.1329660155,396318.205090106,401882.06672217953
8115,"      Böblingen, Landkreis",2027,401026.0716535132,395399.9158721657,406288.6041489638
8115,"      Böblingen, Landkreis",2028,402882.081405908,393718.46530829073,411419.1148124238
8115,"      Böblingen, Landkreis",2029,404733.0200934056,391835.9102937689,416770.1930265413
8115,"      Böblingen, Landkreis",2030,406583.9587809033,389050.6578986,423226.5057217876
8115,"      Böblingen, Landkreis",2031,408434.89746840094,386527.63874864,429344.5062914147
8115,"      Böblingen, Landkreis",2032,410290.9072207959,384063.8256731591,435768.6794982074
8115,"      Böblingen, Landkreis",2033,412141.8459082935,380816.6271133001,442472.5195675862
8115,"      Böblingen, Landkreis",2034,413992.7845957911,376476.5067150332,450302.5358309801
8115,"      Böblingen, Landkreis",2035,415843.7232832888,371682.2342371667,457295.8502212807
8115,"      Böblingen, Landkreis",2036,417699.7330356836,367836.6931976207,465051.197857088
8115,"      Böblingen, Landkreis",2037,419550.67172318127,363169.4274619,472542.863242037
8115,"      Böblingen, Landkreis",2038,421401.61041067896,358267.89127690246,480902.67585903296
8115,"      Böblingen, Landkreis",2039,423252.5490981765,353263.3066178875,489870.2401087015
8115,"      Böblingen, Landkreis",2040,425108.5588505715,349772.52898905415,497624.2310314166
8116,"      Esslingen, Landkreis",2025,538495.5567855496,537644.0302395778,539466.1795527285
8116,"      Esslingen, Landkreis",2026,540064.9034888594,537367.668974269,542912.225816001
8116,"      Esslingen, Landkreis",2027,541634.2501921692,536373.0702304251,547240.4685451186
8116,"      Esslingen, Landkreis",2028,543207.8964754881,534889.675137512,551861.3651095274
8116,"      Esslingen, Landkreis",2029,544777.2431787979,532564.4068136873,556758.991416291
8116,"      Esslingen, Landkreis",2030,546346.5898821076,529386.5924731153,561628.4933487226
8116,"      Esslingen, Landkreis",2031,547915.9365854174,526666.9576197298,567032.3165581673
8116,"      Esslingen, Landkreis",2032,549489.5828687362,523657.1228395653,573101.9383170807
8116,"      Esslingen, Landkreis",2033,551058.9295720459,520341.1003254461,579651.4691911844
8116,"      Esslingen, Landkreis",2034,552628.2762753558,516167.9399412717,587791.1170850631
8116,"      Esslingen, Landkreis",2035,554197.6229786656,512458.893241381,595460.8571831813
8116,"      Esslingen, Landkreis",2036,555771.2692619844,508238.6142791263,603270.2932922842
8116,"      Esslingen, Landkreis",2037,557340.6159652942,503210.0866737447,610439.0789307691
8116,"      Esslingen, Landkreis",2038,558909.962668604,499986.63560184673,618723.1432413739
8116,"      Esslingen, Landkreis",2039,560479.3093719137,495280.3596324052,626798.1010081955
8116,"      Esslingen, Landkreis",2040,562052.9556552325,490850.6889588526,636072.1595157939
8117,"      Göppingen, Landkreis",2025,259812.88994381425,259219.2896586673,260442.2915215104
8117,"      Göppingen, Landkreis",2026,260477.2461223601,258969.80261320027,261984.12206698052
8117,"      Göppingen, Landkreis",2027,261141.602300906,258144.4272275828,264142.97575728584
8117,"      Göppingen, Landkreis",2028,261807.77863336573,257204.61554823187,266576.9227651959
8117,"      Göppingen, Landkreis",2029,262472.1348119116,255975.9418538317,269126.2258018298
8117,"      Göppingen, Landkreis",2030,263136.4909904575,254678.77613206784,272307.30712271977
8117,"      Göppingen, Landkreis",2031,263800.84716900333,252822.6306040142,274747.1763126593
8117,"      Göppingen, Landkreis",2032,264467.02350146306,250700.7613975189,277786.68825686
8117,"      Göppingen, Landkreis",2033,265131.379680009,249013.9848025776,281134.8458854457
8117,"      Göppingen, Landkreis",2034,265795.73585855484,246639.44746315075,284328.9689431721
8117,"      Göppingen, Landkreis",2035,266460.0920371007,244260.8841736531,287711.02637701755
8117,"      Göppingen, Landkreis",2036,267126.2683695604,241838.9364990272,291410.97620497266
8117,"      Göppingen, Landkreis",2037,267790.6245481063,238412.2201058198,295588.512900465
8117,"      Göppingen, Landkreis",2038,268454.9807266522,235601.9059581801,299282.7906382277
8117,"      Göppingen, Landkreis",2039,269119.33690519806,232474.83239703227,303461.0611649838
8117,"      Göppingen, Landkreis",2040,269785.5132376578,229347.82744903772,308008.1808642314
8118,"      Ludwigsburg, Landkreis",2025,537299.3693201435,534484.8794474843,540479.7988651783
8118,"      Ludwigsburg, Landkreis",2026,538890.4939170231,529445.6041578844,549057.4875085053
8118,"      Ludwigsburg, Landkreis",2027,540481.6185139028,521613.003084869,559093.9300328348
8118,"      Ludwigsburg, Landkreis",2028,542077.1023562533,512573.79475918337,572212.2973798128
8118,"      Ludwigsburg, Landkreis",2029,543668.2269531329,502781.081626442,588342.095766289
8118,"      Ludwigsburg, Landkreis",2030,545259.3515500126,492383.0740138479,601630.0518904203
8118,"      Ludwigsburg, Landkreis",2031,546850.4761468922,478742.63453576935,617565.1545981577
8118,"      Ludwigsburg, Landkreis",2032,548445.9599892427,464084.2362971197,634237.2397970636
8118,"      Ludwigsburg, Landkreis",2033,550037.0845861223,449184.8188373945,650390.290145706
8118,"      Ludwigsburg, Landkreis",2034,551628.209183002,434868.2506716474,671349.724341981
8118,"      Ludwigsburg, Landkreis",2035,553219.3337798817,419052.35348854633,691371.2638624263
8118,"      Ludwigsburg, Landkreis",2036,554814.8176222321,400941.08159216045,713379.9513584339
8118,"      Ludwigsburg, Landkreis",2037,556405.9422191118,382219.9535387549,740295.0113905502
8118,"      Ludwigsburg, Landkreis",2038,557997.0668159915,362695.937581133,767198.2116677157
8118,"      Ludwigsburg, Landkreis",2039,559588.1914128711,342174.76664648595,787362.0018000244
8118,"      Ludwigsburg, Landkreis",2040,561183.6752552218,320257.3921974326,812044.6525225142
8119,"      Rems-Murr-Kreis, Landkreis",2025,442274.1148032005,439966.2636608746,444641.9801323979
8119,"      Rems-Murr-Kreis, Landkreis",2026,443601.6769062987,435595.12374045217,451129.0929490008
8119,"      Rems-Murr-Kreis, Landkreis",2027,444929.2390093968,430149.0932220009,458921.86683720624
8119,"      Rems-Murr-Kreis, Landkreis",2028,446260.43826894165,423591.40958004846,468005.6309455851
8119,"      Rems-Murr-Kreis, Landkreis",2029,447588.0003720398,414966.02090142114,479321.3263685345
8119,"      Rems-Murr-Kreis, Landkreis",2030,448915.56247513776,407892.9739109276,491078.8383664558
8119,"      Rems-Murr-Kreis, Landkreis",2031,450243.1245782359,400592.46081774245,502754.1912871684
8119,"      Rems-Murr-Kreis, Landkreis",2032,451574.32383778086,390634.9304097844,514865.8496690178
8119,"      Rems-Murr-Kreis, Landkreis",2033,452901.8859408789,379745.6731034678,530348.0872754948
8119,"      Rems-Murr-Kreis, Landkreis",2034,454229.44804397697,368589.9779134765,547113.3937924833
8119,"      Rems-Murr-Kreis, Landkreis",2035,455557.0101470751,354936.4889988866,563016.4132748559
8119,"      Rems-Murr-Kreis, Landkreis",2036,456888.20940662,340263.3298118204,580820.8409887409
8119,"      Rems-Murr-Kreis, Landkreis",2037,458215.7715097181,325606.3087069048,597193.6384424267
8119,"      Rems-Murr-Kreis, Landkreis",2038,459543.3336128162,311159.4622881621,614202.4136614812
8119,"      Rems-Murr-Kreis, Landkreis",2039,460870.8957159143,291166.96538869524,630474.8842058819
8119,"      Rems-Murr-Kreis, Landkreis",2040,462202.0949754592,277246.5606479675,652926.6451026514
8121,"      Heilbronn, Stadtkreis",2025,134438.3256522284,133517.5852054706,135454.20641616246
8121,"      Heilbronn, Stadtkreis",2026,136249.90601127097,135179.56907110356,137340.20097576588
8121,"      Heilbronn, Stadtkreis",2027,138061.48637031353,136621.1649825973,139582.9356074414
8121,"      Heilbronn, Stadtkreis",2028,139878.02996321648,137957.1451606803,141871.20781647685
8121,"      Heilbronn, Stadtkreis",2029,141689.61032225908,139189.1396117286,144351.99543654182
8121,"      Heilbronn, Stadtkreis",2030,143501.1906813016,140346.21577904891,147051.78805212842
8121,"      Heilbronn, Stadtkreis",2031,145312.77104034417,141256.28016341585,149484.5023070195
8121,"      Heilbronn, Stadtkreis",2032,147129.31463324715,142302.5913046988,152200.69521973105
8121,"      Heilbronn, Stadtkreis",2033,148940.8949922897,143158.32702843184,154779.03457095582
8121,"      Heilbronn, Stadtkreis",2034,150752.47535133225,143742.47125728786,157995.23148104115
8121,"      Heilbronn, Stadtkreis",2035,152564.05571037484,144743.7924973513,160790.7463655509
8121,"      Heilbronn, Stadtkreis",2036,154380.59930327776,145385.8658743358,163692.34465926126
8121,"      Heilbronn, Stadtkreis",2037,156192.17966232033,145820.48713799528,166702.04783430716
8121,"      Heilbronn, Stadtkreis",2038,158003.76002136292,146519.92752105306,169583.67411999422
8121,"      Heilbronn, Stadtkreis",2039,159815.34038040545,147403.54896798494,172869.50974380662
8121,"      Heilbronn, Stadtkreis",2040,161631.88397330843,147562.45320095972,175669.76104399044
8125,"      Heilbronn, Landkreis",2025,355517.19669179927,354826.4664845223,356217.1290275403
8125,"      Heilbronn, Landkreis",2026,356804.9278479479,354869.42759201786,358744.99002351234
8125,"      Heilbronn, Landkreis",2027,358092.65900409664,354305.76606702985,361980.3767413448
8125,"      Heilbronn, Landkreis",2028,359383.9181908102,353409.96196560905,365545.8908452668
8125,"      Heilbronn, Landkreis",2029,360671.6493469589,352083.87041709875,369377.1375039826
8125,"      Heilbronn, Landkreis",2030,361959.3805031076,350616.22691579943,373321.2421188224
8125,"      Heilbronn, Landkreis",2031,363247.11165925633,348594.0219892011,377545.2995556766
8125,"      Heilbronn, Landkreis",2032,364538.3708459698,346470.3246268945,382063.4258411794
8125,"      Heilbronn, Landkreis",2033,365826.10200211854,343735.1159582147,386432.0860568197
8125,"      Heilbronn, Landkreis",2034,367113.83315826725,341100.98070361774,391007.9624327418
8125,"      Heilbronn, Landkreis",2035,368401.564314416,338319.8205062398,395652.9344621312
8125,"      Heilbronn, Landkreis",2036,369692.8235011295,335940.64005971415,400816.8108289815
8125,"      Heilbronn, Landkreis",2037,370980.55465727823,333414.9637010764,406855.6468538555
8125,"      Heilbronn, Landkreis",2038,372268.2858134269,329873.7123190824,412815.5934555076
8125,"      Heilbronn, Landkreis",2039,373556.01696957566,326974.4308104676,417174.8546592906
8125,"      Heilbronn, Landkreis",2040,374847.2761562892,323945.6143324072,423618.5941287725
8126,"      Hohenlohekreis, Landkreis",2025,116281.83753172646,116019.41403835616,116551.78392095571
8126,"      Hohenlohekreis, Landkreis",2026,116835.58980080172,116019.4644321912,117677.95031861354
8126,"      Hohenlohekreis, Landkreis",2027,117389.34206987692,115766.3185294704,119108.21338208212
8126,"      Hohenlohekreis, Landkreis",2028,117944.6114684565,115337.88323255585,120674.51945138132
8126,"      Hohenlohekreis, Landkreis",2029,118498.36373753176,114819.70204911432,122217.8334138871
8126,"      Hohenlohekreis, Landkreis",2030,119052.116006607,114140.83617844788,123922.93506156805
8126,"      Hohenlohekreis, Landkreis",2031,119605.86827568222,113362.79879278132,125899.53569796678
8126,"      Hohenlohekreis, Landkreis",2032,120161.13767426176,112571.6985246485,127726.75900570065
8126,"      Hohenlohekreis, Landkreis",2033,120714.88994333702,111654.44878329472,129599.13929640116
8126,"      Hohenlohekreis, Landkreis",2034,121268.64221241228,110543.5167662454,131896.82204956518
8126,"      Hohenlohekreis, Landkreis",2035,121822.39448148751,109900.03536906782,134130.57188734348
8126,"      Hohenlohekreis, Landkreis",2036,122377.66388006706,108347.54369063865,136295.4549574134
8126,"      Hohenlohekreis, Landkreis",2037,122931.41614914231,106678.7262583891,138466.78197722574
8126,"      Hohenlohekreis, Landkreis",2038,123485.16841821757,105303.21217570978,140675.54175443924
8126,"      Hohenlohekreis, Landkreis",2039,124038.9206872928,103959.51498340056,143810.71409125417
8126,"      Hohenlohekreis, Landkreis",2040,124594.19008587235,102939.23620721589,146487.15893983413
8127,"      Schwäbisch Hall, Landkreis",2025,202180.7857930762,201755.89469415456,202575.5836374616
8127,"      Schwäbisch Hall, Landkreis",2026,203228.3472014168,202332.2598264649,204153.58604075212
8127,"      Schwäbisch Hall, Landkreis",2027,204275.90860975723,202601.18590451765,206015.9886613305
8127,"      Schwäbisch Hall, Landkreis",2028,205326.34004935352,202656.5362447967,208128.8151470692
8127,"      Schwäbisch Hall, Landkreis",2029,206373.901457694,202375.445527688,210172.0793821349
8127,"      Schwäbisch Hall, Landkreis",2030,207421.46286603453,201843.58211193248,212440.132411174
8127,"      Schwäbisch Hall, Landkreis",2031,208469.02427437503,201466.62574105148,214625.9120619812
8127,"      Schwäbisch Hall, Landkreis",2032,209519.4557139713,200915.99132941052,217025.4707412384
8127,"      Schwäbisch Hall, Landkreis",2033,210567.0171223118,200213.5212157789,219772.9683992857
8127,"      Schwäbisch Hall, Landkreis",2034,211614.5785306524,199866.0403737337,222425.2806049453
8127,"      Schwäbisch Hall, Landkreis",2035,212662.13993899288,198851.23591744172,225233.94003272723
8127,"      Schwäbisch Hall, Landkreis",2036,213712.5713785891,198249.27404680435,227917.7596643653
8127,"      Schwäbisch Hall, Landkreis",2037,214760.13278692967,197540.2591271697,230663.9780299368
8127,"      Schwäbisch Hall, Landkreis",2038,215807.69419527016,196301.3708837116,233741.13687097293
8127,"      Schwäbisch Hall, Landkreis",2039,216855.25560361068,195436.7907934764,237348.7524481679
8127,"      Schwäbisch Hall, Landkreis",2040,217905.6870432069,193908.4103019311,240275.0785321836
8128,"      Main-Tauber-Kreis, Landkreis",2025,133465.18305713337,133286.8010119235,133640.89947252182
8128,"      Main-Tauber-Kreis, Landkreis",2026,133620.17540388272,133390.60736892087,133829.07859492674
8128,"      Main-Tauber-Kreis, Landkreis",2027,133775.16775063204,133463.50454873798,134065.45063288152
8128,"      Main-Tauber-Kreis, Landkreis",2028,133930.5847339478,133501.80160802073,134372.12698939926
8128,"      Main-Tauber-Kreis, Landkreis",2029,134085.5770806971,133491.57247441314,134686.03772877256
8128,"      Main-Tauber-Kreis, Landkreis",2030,134240.56942744643,133435.0511235779,135008.64980495317
8128,"      Main-Tauber-Kreis, Landkreis",2031,134395.56177419575,133389.53491783826,135407.96627445926
8128,"      Main-Tauber-Kreis, Landkreis",2032,134550.97875751153,133283.47807477717,135769.77147315553
8128,"      Main-Tauber-Kreis, Landkreis",2033,134705.97110426085,133198.71724436656,136134.21310499808
8128,"      Main-Tauber-Kreis, Landkreis",2034,134860.96345101015,133170.4072220339,136591.88774611204
8128,"      Main-Tauber-Kreis, Landkreis",2035,135015.95579775947,133023.31868055707,137033.8283743055
8128,"      Main-Tauber-Kreis, Landkreis",2036,135171.37278107525,132895.8431852027,137529.70564041354
8128,"      Main-Tauber-Kreis, Landkreis",2037,135326.36512782457,132706.86923798718,138003.81496882535
8128,"      Main-Tauber-Kreis, Landkreis",2038,135481.35747457386,132627.93118551065,138464.81510434594
8128,"      Main-Tauber-Kreis, Landkreis",2039,135636.3498213232,132411.07849465508,138959.43967133024
8128,"      Main-Tauber-Kreis, Landkreis",2040,135791.76680463896,132259.24727057744,139380.09057951946
8135,"      Heidenheim, Landkreis",2025,135561.40511096152,135125.65492170135,136022.18679781942
8135,"      Heidenheim, Landkreis",2026,135803.29479417045,134464.9527320464,137137.25283244057
8135,"      Heidenheim, Landkreis",2027,136045.18447737943,133286.55820195115,138725.58450852544
8135,"      Heidenheim, Landkreis",2028,136287.7368720492,131910.7091295828,140439.9367675242
8135,"      Heidenheim, Landkreis",2029,136529.62655525815,130325.55967060382,142398.75968181962
8135,"      Heidenheim, Landkreis",2030,136771.51623846707,128574.7611552778,144656.84809016978
8135,"      Heidenheim, Landkreis",2031,137013.40592167602,126851.12099008192,147283.83057328165
8135,"      Heidenheim, Landkreis",2032,137255.95831634582,124995.98876341166,150074.51412977822
8135,"      Heidenheim, Landkreis",2033,137497.84799955474,122976.32803018775,152659.7911009732
8135,"      Heidenheim, Landkreis",2034,137739.7376827637,120707.64170571922,155701.83505623453
8135,"      Heidenheim, Landkreis",2035,137981.6273659726,118050.80706252716,159021.63021875883
8135,"      Heidenheim, Landkreis",2036,138224.1797606424,114989.76283160332,162270.25239842848
8135,"      Heidenheim, Landkreis",2037,138466.06944385136,112231.99613892556,165341.30188142625
8135,"      Heidenheim, Landkreis",2038,138707.95912706028,109574.512923589,168937.61336828896
8135,"      Heidenheim, Landkreis",2039,138949.8488102692,106437.64064581734,172789.43186403645
8135,"      Heidenheim, Landkreis",2040,139192.40120493903,103561.24976412753,177701.54610043892
8136,"      Ostalbkreis, Landkreis",2025,318106.94787496125,317448.23252115224,318703.4717961161
8136,"      Ostalbkreis, Landkreis",2026,318656.24824787467,316766.8176564292,320575.966582915
8136,"      Ostalbkreis, Landkreis",2027,319205.54862078803,315420.0445786928,323152.20567117137
8136,"      Ostalbkreis, Landkreis",2028,319756.35392623005,313843.3038084078,326168.24151232204
8136,"      Ostalbkreis, Landkreis",2029,320305.6542991434,311664.22982532415,329235.89575192606
8136,"      Ostalbkreis, Landkreis",2030,320854.95467205683,309101.12307965354,332933.00354300905
8136,"      Ostalbkreis, Landkreis",2031,321404.25504497025,306159.8928278164,336038.1541078146
8136,"      Ostalbkreis, Landkreis",2032,321955.0603504122,303159.31202853343,339551.0403909077
8136,"      Ostalbkreis, Landkreis",2033,322504.36072332563,299568.2406859111,343172.0757808278
8136,"      Ostalbkreis, Landkreis",2034,323053.66109623906,296447.8452032549,346940.25930953847
8136,"      Ostalbkreis, Landkreis",2035,323602.9614691525,292839.3774001166,351840.7581083348
8136,"      Ostalbkreis, Landkreis",2036,324153.76677459443,289274.74571786966,356321.1266795957
8136,"      Ostalbkreis, Landkreis",2037,324703.06714750786,286479.9645731962,360842.0130968522
8136,"      Ostalbkreis, Landkreis",2038,325252.3675204213,281770.80865599774,365217.6487646333
8136,"      Ostalbkreis, Landkreis",2039,325801.6678933348,278563.0378975618,369867.54240200407
8136,"      Ostalbkreis, Landkreis",2040,326352.47319877666,274465.6382755406,374938.6542072354
8211,"      Baden-Baden, Stadtkreis",2025,57287.69418974084,57118.16749984803,57449.972946922986
8211,"      Baden-Baden, Stadtkreis",2026,57681.12326758623,57124.72053749936,58206.20775814284
8211,"      Baden-Baden, Stadtkreis",2027,58074.552345431606,57022.68381456869,59100.55876670766
8211,"      Baden-Baden, Stadtkreis",2028,58469.05931116149,56832.63706902846,60102.84262433339
8211,"      Baden-Baden, Stadtkreis",2029,58862.48838900688,56567.60602572754,61232.35637271832
8211,"      Baden-Baden, Stadtkreis",2030,59255.91746685227,56145.73246752628,62348.30860732973
8211,"      Baden-Baden, Stadtkreis",2031,59649.34654469764,55689.02342125125,63531.14878856045
8211,"      Baden-Baden, Stadtkreis",2032,60043.85351042754,55227.96434931041,64883.38300072677
8211,"      Baden-Baden, Stadtkreis",2033,60437.28258827293,54644.90218001717,66069.7564417423
8211,"      Baden-Baden, Stadtkreis",2034,60830.7116661183,54178.105276804185,67366.97814841043
8211,"      Baden-Baden, Stadtkreis",2035,61224.14074396369,53488.16859367819,68774.15218569906
8211,"      Baden-Baden, Stadtkreis",2036,61618.64770969359,52787.18737936308,70290.16642683432
8211,"      Baden-Baden, Stadtkreis",2037,62012.07678753897,52187.02622979886,71769.41550368062
8211,"      Baden-Baden, Stadtkreis",2038,62405.50586538435,51399.83460535051,73307.15628274849
8211,"      Baden-Baden, Stadtkreis",2039,62798.93494322973,50642.914777053535,74631.35987588715
8211,"      Baden-Baden, Stadtkreis",2040,63193.441908959634,49733.12239436927,76196.43838915511
8212,"      Karlsruhe, Stadtkreis",2025,310372.6218137193,309280.7202575949,311345.0576921874
8212,"      Karlsruhe, Stadtkreis",2026,311578.32989340613,308031.0092110792,314886.8664941599
8212,"      Karlsruhe, Stadtkreis",2027,312784.037973093,306070.40470208914,319171.93025401153
8212,"      Karlsruhe, Stadtkreis",2028,313993.0493625873,303785.5894139896,324030.08858171507
8212,"      Karlsruhe, Stadtkreis",2029,315198.75744227413,300532.75201887614,330143.4449653803
8212,"      Karlsruhe, Stadtkreis",2030,316404.46552196104,297171.6222071733,336040.029566858
8212,"      Karlsruhe, Stadtkreis",2031,317610.1736016479,293187.0426232174,343171.0141277214
8212,"      Karlsruhe, Stadtkreis",2032,318819.18499114213,288786.78412634967,350512.0173457012
8212,"      Karlsruhe, Stadtkreis",2033,320024.89307082904,284518.42355695344,357799.15028963616
8212,"      Karlsruhe, Stadtkreis",2034,321230.6011505159,279793.56836791144,365932.6906032792
8212,"      Karlsruhe, Stadtkreis",2035,322436.30923020275,272795.6490541251,373549.94956028427
8212,"      Karlsruhe, Stadtkreis",2036,323645.320619697,267173.4924785425,381076.7278288598
8212,"      Karlsruhe, Stadtkreis",2037,324851.0286993839,262067.845091945,390236.210387044
8212,"      Karlsruhe, Stadtkreis",2038,326056.73677907075,257497.41772189803,399035.44838209
8212,"      Karlsruhe, Stadtkreis",2039,327262.44485875766,250277.6119587333,408728.4302953869
8212,"      Karlsruhe, Stadtkreis",2040,328471.45624825195,244333.3530395796,418369.8965727756
8215,"      Karlsruhe, Landkreis",2025,457899.0953548328,456774.5861313928,459005.4621982048
8215,"      Karlsruhe, Landkreis",2026,459351.1635532836,455687.2637633917,462591.8644372346
8215,"      Karlsruhe, Landkreis",2027,460803.23175173433,454126.039092636,467150.12451839226
8215,"      Karlsruhe, Landkreis",2028,462259.278219222,451600.87658858846,472144.9074548253
8215,"      Karlsruhe, Landkreis",2029,463711.3464176728,449043.3101080593,478099.8732561284
8215,"      Karlsruhe, Landkreis",2030,465163.4146161236,446008.63541291386,484470.15565736697
8215,"      Karlsruhe, Landkreis",2031,466615.4828145744,441917.01742462977,491276.8061207839
8215,"      Karlsruhe, Landkreis",2032,468071.529282062,438059.3689372714,498625.1247946088
8215,"      Karlsruhe, Landkreis",2033,469523.59748051286,433648.43802583177,506055.6664731829
8215,"      Karlsruhe, Landkreis",2034,470975.6656789636,428267.5914613052,513800.74385086994
8215,"      Karlsruhe, Landkreis",2035,472427.7338774144,422206.6266750497,523958.7756584425
8215,"      Karlsruhe, Landkreis",2036,473883.780344902,415272.1538503915,534352.5269140736
8215,"      Karlsruhe, Landkreis",2037,475335.84854335285,408730.3863953411,543702.0741972304
8215,"      Karlsruhe, Landkreis",2038,476787.9167418037,401865.2648046039,553451.2878707381
8215,"      Karlsruhe, Landkreis",2039,478239.9849402544,393751.517426871,562910.308380146
8215,"      Karlsruhe, Landkreis",2040,479696.031407742,386321.6025831586,574417.476900379
8216,"      Rastatt, Landkreis",2025,230916.3795903913,230458.3471402587,231363.2828721164
8216,"      Rastatt, Landkreis",2026,230901.9254265541,229620.1509708833,232029.41654077923
8216,"      Rastatt, Landkreis",2027,230887.47126271692,228433.311689704,233166.49016221668
8216,"      Rastatt, Landkreis",2028,230872.97749843096,227067.65312157432,234504.24914558223
8216,"      Rastatt, Landkreis",2029,230858.5233345938,225426.00408015732,235910.0651797696
8216,"      Rastatt, Landkreis",2030,230844.06917075667,223652.756183402,237560.3069335732
8216,"      Rastatt, Landkreis",2031,230829.6150069195,221943.3129416964,239116.9308650793
8216,"      Rastatt, Landkreis",2032,230815.1212426335,219491.44373267377,241371.9753961888
8216,"      Rastatt, Landkreis",2033,230800.6670787964,217301.06590767505,243337.7847480084
8216,"      Rastatt, Landkreis",2034,230786.2129149592,214706.11474729667,246097.36076205972
8216,"      Rastatt, Landkreis",2035,230771.75875112205,212689.1251136039,248879.1303391182
8216,"      Rastatt, Landkreis",2036,230757.26498683603,209514.8912885759,251299.73123016232
8216,"      Rastatt, Landkreis",2037,230742.81082299887,206819.1961817524,253975.7864735972
8216,"      Rastatt, Landkreis",2038,230728.3566591617,203859.5093907088,257241.11216115823
8216,"      Rastatt, Landkreis",2039,230713.90249532447,201108.1909725096,259433.9738093009
8216,"      Rastatt, Landkreis",2040,230699.4087310385,197296.09008217088,262214.4013058404
8221,"      Heidelberg, Stadtkreis",2025,154433.2422177157,153192.65897325234,155629.855516831
8221,"      Heidelberg, Stadtkreis",2026,153826.04564820867,152086.7100709833,155556.25323403382
8221,"      Heidelberg, Stadtkreis",2027,153218.84907870163,150408.3314558897,156164.10183220668
8221,"      Heidelberg, Stadtkreis",2028,152609.98895694935,148416.38005362308,156953.15684428668
8221,"      Heidelberg, Stadtkreis",2029,152002.7923874423,146320.99699481548,157740.49406626195
8221,"      Heidelberg, Stadtkreis",2030,151395.59581793527,144124.1186214654,159372.7813595568
8221,"      Heidelberg, Stadtkreis",2031,150788.39924842824,141417.4993764768,160760.10094685442
8221,"      Heidelberg, Stadtkreis",2032,150179.53912667595,138683.60409557854,162819.34732622842
8221,"      Heidelberg, Stadtkreis",2033,149572.34255716891,136031.97620627357,164730.32545296493
8221,"      Heidelberg, Stadtkreis",2034,148965.14598766185,133036.57563598923,166816.2598703715
8221,"      Heidelberg, Stadtkreis",2035,148357.9494181548,130585.3631947822,168394.3835049258
8221,"      Heidelberg, Stadtkreis",2036,147749.08929640256,127245.06193437189,170025.34439668924
8221,"      Heidelberg, Stadtkreis",2037,147141.8927268955,122835.14135624816,172042.94635773447
8221,"      Heidelberg, Stadtkreis",2038,146534.69615738845,119513.1141330835,174820.2883780394
8221,"      Heidelberg, Stadtkreis",2039,145927.4995878814,116321.41047065496,177270.6163400464
8221,"      Heidelberg, Stadtkreis",2040,145318.63946612913,112500.22003337136,179934.14688212154
8222,"      Mannheim, Stadtkreis",2025,319495.2377479124,318168.93290860864,320806.0864362604
8222,"      Mannheim, Stadtkreis",2026,321033.5121854449,316668.16020221787,325356.6618501359
8222,"      Mannheim, Stadtkreis",2027,322571.7866229774,314210.1908266148,331146.6499676962
8222,"      Mannheim, Stadtkreis",2028,324114.2755110237,310489.6649226564,338353.68347892124
8222,"      Mannheim, Stadtkreis",2029,325652.54994855623,306639.6317941794,345150.05468466587
8222,"      Mannheim, Stadtkreis",2030,327190.8243860888,302543.9941450964,353615.4509544023
8222,"      Mannheim, Stadtkreis",2031,328729.0988236212,296988.27490648173,362383.8929540931
8222,"      Mannheim, Stadtkreis",2032,330271.5877116676,291078.0390255617,372042.6799565443
8222,"      Mannheim, Stadtkreis",2033,331809.8621492001,284887.0302071538,381344.9467176352
8222,"      Mannheim, Stadtkreis",2034,333348.13658673264,278898.03838867944,390242.5134703338
8222,"      Mannheim, Stadtkreis",2035,334886.41102426505,272316.81618588674,399517.7276818535
8222,"      Mannheim, Stadtkreis",2036,336428.8999123114,264706.7200048993,410742.42396305
8222,"      Mannheim, Stadtkreis",2037,337967.17434984393,255538.31330403508,421709.8111848327
8222,"      Mannheim, Stadtkreis",2038,339505.44878737646,247267.4422465404,432470.1320111017
8222,"      Mannheim, Stadtkreis",2039,341043.7232249089,239535.80484555,443203.74301573134
8222,"      Mannheim, Stadtkreis",2040,342586.2121129552,230688.31850668805,454621.8511207223
8225,"      Neckar-Odenwald-Kreis, Landkreis",2025,145607.26191798234,145310.3695095774,145892.7197360143
8225,"      Neckar-Odenwald-Kreis, Landkreis",2026,145754.96458705887,145047.6377530436,146455.1464640867
8225,"      Neckar-Odenwald-Kreis, Landkreis",2027,145902.6672561354,144555.66264514657,147295.0228616667
8225,"      Neckar-Odenwald-Kreis, Landkreis",2028,146050.77459005875,144005.2465085657,148292.68751631933
8225,"      Neckar-Odenwald-Kreis, Landkreis",2029,146198.47725913528,143417.15515123692,149119.27622102632
8225,"      Neckar-Odenwald-Kreis, Landkreis",2030,146346.17992821182,142677.15570049014,150195.91198112624
8225,"      Neckar-Odenwald-Kreis, Landkreis",2031,146493.88259728835,141913.89551214298,151492.4026994113
8225,"      Neckar-Odenwald-Kreis, Landkreis",2032,146641.9899312117,140988.06146771435,153104.24491771465
8225,"      Neckar-Odenwald-Kreis, Landkreis",2033,146789.69260028822,140272.1346149017,154532.117952035
8225,"      Neckar-Odenwald-Kreis, Landkreis",2034,146937.39526936473,139184.2488063886,155892.3414895514
8225,"      Neckar-Odenwald-Kreis, Landkreis",2035,147085.09793844126,137946.52220539807,157525.50149064726
8225,"      Neckar-Odenwald-Kreis, Landkreis",2036,147233.2052723646,136563.6482668274,159410.98338168993
8225,"      Neckar-Odenwald-Kreis, Landkreis",2037,147380.90794144114,135082.18704751282,161251.27113878194
8225,"      Neckar-Odenwald-Kreis, Landkreis",2038,147528.61061051767,133729.16949587117,162999.145458644
8225,"      Neckar-Odenwald-Kreis, Landkreis",2039,147676.3132795942,132468.21297577728,164991.95085191535
8225,"      Neckar-Odenwald-Kreis, Landkreis",2040,147824.42061351755,130960.0599936084,166976.7436238609
8226,"      Rhein-Neckar-Kreis, Landkreis",2025,559816.2867779752,558118.7835855089,561346.8495821006
8226,"      Rhein-Neckar-Kreis, Landkreis",2026,560941.7836621323,555442.6586341629,565844.1934719475
8226,"      Rhein-Neckar-Kreis, Landkreis",2027,562067.2805462895,552225.6404023434,571968.9479291174
8226,"      Rhein-Neckar-Kreis, Landkreis",2028,563195.860983554,547307.2801785452,579074.6454121312
8226,"      Rhein-Neckar-Kreis, Landkreis",2029,564321.3578677113,542785.7354774938,586365.226599494
8226,"      Rhein-Neckar-Kreis, Landkreis",2030,565446.8547518684,537078.9130048973,594140.8643449085
8226,"      Rhein-Neckar-Kreis, Landkreis",2031,566572.3516360257,529785.7748076344,602832.4701563367
8226,"      Rhein-Neckar-Kreis, Landkreis",2032,567700.9320732901,522462.7862561741,612883.0459025586
8226,"      Rhein-Neckar-Kreis, Landkreis",2033,568826.4289574474,514048.8407294974,622480.3884454116
8226,"      Rhein-Neckar-Kreis, Landkreis",2034,569951.9258416046,504804.0646249372,634392.5458971483
8226,"      Rhein-Neckar-Kreis, Landkreis",2035,571077.4227257618,495414.3594683952,647017.2425681226
8226,"      Rhein-Neckar-Kreis, Landkreis",2036,572206.0031630262,485402.2103609956,659821.3722181696
8226,"      Rhein-Neckar-Kreis, Landkreis",2037,573331.5000471835,476474.9116627523,673133.0101490084
8226,"      Rhein-Neckar-Kreis, Landkreis",2038,574456.9969313407,466594.18517752335,686279.7951413146
8226,"      Rhein-Neckar-Kreis, Landkreis",2039,575582.4938154978,455645.1451270157,694699.8741571411
8226,"      Rhein-Neckar-Kreis, Landkreis",2040,576711.0742527624,443062.49658884906,707859.4967224451
8231,"      Pforzheim, Stadtkreis",2025,137934.4317828343,136031.67733456567,139924.92578610452
8231,"      Pforzheim, Stadtkreis",2026,140144.15749448907,138138.50673617324,142100.6882330013
8231,"      Pforzheim, Stadtkreis",2027,142353.88320614386,140321.2759232015,144520.25718744672
8231,"      Pforzheim, Stadtkreis",2028,144569.6629608443,142360.11139534507,146928.1950394496
8231,"      Pforzheim, Stadtkreis",2029,146779.38867249907,144187.49056085962,149347.688686124
8231,"      Pforzheim, Stadtkreis",2030,148989.11438415386,145959.6579931784,152230.8743528978
8231,"      Pforzheim, Stadtkreis",2031,151198.84009580867,147493.41656248536,154634.17760747176
8231,"      Pforzheim, Stadtkreis",2032,153414.61985050907,149206.5193301877,157145.004000695
8231,"      Pforzheim, Stadtkreis",2033,155624.34556216386,151058.44901182837,160089.3927244149
8231,"      Pforzheim, Stadtkreis",2034,157834.07127381864,152588.8283376779,163232.6070789242
8231,"      Pforzheim, Stadtkreis",2035,160043.79698547343,153753.4958062716,165777.73987315028
8231,"      Pforzheim, Stadtkreis",2036,162259.57674017386,155276.26556772567,169321.62234184658
8231,"      Pforzheim, Stadtkreis",2037,164469.30245182864,156668.2468367308,171615.26705134133
8231,"      Pforzheim, Stadtkreis",2038,166679.02816348345,158405.14630801487,175109.92629925112
8231,"      Pforzheim, Stadtkreis",2039,168888.7538751382,159049.41808649205,178002.19419582814
8231,"      Pforzheim, Stadtkreis",2040,171104.5336298386,160808.21445495033,181409.28546432423
8235,"      Calw, Landkreis",2025,161923.8291811809,161614.94687455645,162264.89585997723
8235,"      Calw, Landkreis",2026,162450.43910427167,161552.06439825534,163438.9338683837
8235,"      Calw, Landkreis",2027,162977.04902736243,161311.55383576464,165034.4405166366
8235,"      Calw, Landkreis",2028,163505.1017173658,161022.64925496944,166763.77245154334
8235,"      Calw, Landkreis",2029,164031.71164045655,160209.2892598578,168550.04691528925
8235,"      Calw, Landkreis",2030,164558.32156354736,159203.5517751627,170523.52566706287
8235,"      Calw, Landkreis",2031,165084.93148663812,158331.86917230394,172817.85643067912
8235,"      Calw, Landkreis",2032,165612.98417664148,157281.86535540113,175352.10910909896
8235,"      Calw, Landkreis",2033,166139.59409973226,156173.95811855278,178030.82617157965
8235,"      Calw, Landkreis",2034,166666.20402282302,154911.6734681823,180668.6998769609
8235,"      Calw, Landkreis",2035,167192.8139459138,153279.28394797942,183342.18067275675
8235,"      Calw, Landkreis",2036,167720.86663591716,151893.0620535058,186086.32123203584
8235,"      Calw, Landkreis",2037,168247.47655900792,150639.48592826596,188890.2167701172
8235,"      Calw, Landkreis",2038,168774.0864820987,148839.85227684517,191538.29138472112
8235,"      Calw, Landkreis",2039,169300.69640518952,146625.91187860165,194368.99902241715
8235,"      Calw, Landkreis",2040,169828.74909519285,144759.0001672902,196860.2896310257
8236,"      Enzkreis, Landkreis",2025,200275.77139058383,199879.9401970556,200669.5439883148
8236,"      Enzkreis, Landkreis",2026,200645.03888043045,199548.3446722997,201784.7665355128
8236,"      Enzkreis, Landkreis",2027,201014.30637027705,198914.5173023349,203255.60547045828
8236,"      Enzkreis, Landkreis",2028,201384.58555187663,198240.2779806032,204781.2045516905
8236,"      Enzkreis, Landkreis",2029,201753.8530417232,197256.0497537191,206370.511606701
8236,"      Enzkreis, Landkreis",2030,202123.12053156976,196028.75495788496,208108.7702811184
8236,"      Enzkreis, Landkreis",2031,202492.38802141635,194427.52082821395,210065.47253163907
8236,"      Enzkreis, Landkreis",2032,202862.667203016,192685.61719489,212684.758640428
8236,"      Enzkreis, Landkreis",2033,203231.93469286256,191466.67627388908,214735.9921543403
8236,"      Enzkreis, Landkreis",2034,203601.20218270912,189859.81163457688,217205.17215393827
8236,"      Enzkreis, Landkreis",2035,203970.4696725557,188321.56977230264,219933.9093242696
8236,"      Enzkreis, Landkreis",2036,204340.74885415527,186799.12002503048,222736.9145972247
8236,"      Enzkreis, Landkreis",2037,204710.01634400187,184657.47974958303,225473.64744898205
8236,"      Enzkreis, Landkreis",2038,205079.28383384843,182302.42962613585,228295.93651042847
8236,"      Enzkreis, Landkreis",2039,205448.55132369505,179903.25381222178,231037.6571030996
8236,"      Enzkreis, Landkreis",2040,205818.83050529464,177650.30204023866,233372.5127009153
8237,"      Freudenstadt, Landkreis",2025,122286.35869616971,121781.44623977823,122867.2248428694
8237,"      Freudenstadt, Landkreis",2026,122545.77018298984,120951.43172998156,124225.01808896752
8237,"      Freudenstadt, Landkreis",2027,122805.18166981,119512.31237755952,125761.6392323689
8237,"      Freudenstadt, Landkreis",2028,123065.3038730324,117846.16317910758,127856.24114449271
8237,"      Freudenstadt, Landkreis",2029,123324.71535985252,116188.36282518184,129997.04931988726
8237,"      Freudenstadt, Landkreis",2030,123584.12684667266,113907.33733533556,132752.92114362883
8237,"      Freudenstadt, Landkreis",2031,123843.5383334928,111637.58837476,135253.0580135828
8237,"      Freudenstadt, Landkreis",2032,124103.66053671518,109496.44918129196,138383.2531889118
8237,"      Freudenstadt, Landkreis",2033,124363.07202353532,106468.3240198512,141659.09630047184
8237,"      Freudenstadt, Landkreis",2034,124622.48351035548,103556.69428576095,144163.50715251596
8237,"      Freudenstadt, Landkreis",2035,124881.89499717562,100645.52369290106,147206.285670195
8237,"      Freudenstadt, Landkreis",2036,125142.01720039798,97658.1743441763,151521.88918756414
8237,"      Freudenstadt, Landkreis",2037,125401.42868721814,94517.31031302131,155054.30617074185
8237,"      Freudenstadt, Landkreis",2038,125660.84017403828,91977.03586314774,158133.7578944977
8237,"      Freudenstadt, Landkreis",2039,125920.2516608584,88079.945228237,161678.8321691269
8237,"      Freudenstadt, Landkreis",2040,126180.3738640808,84247.14459206868,165269.62414717014
8311,"      Freiburg im Breisgau, Stadtkreis",2025,238688.87910098187,237703.42237649127,239645.71835394972
8311,"      Freiburg im Breisgau, Stadtkreis",2026,239915.6986248639,236756.20700059965,243104.8755470897
8311,"      Freiburg im Breisgau, Stadtkreis",2027,241142.518148746,235332.60907874588,246829.35210803623
8311,"      Freiburg im Breisgau, Stadtkreis",2028,242372.69882200853,233382.8031388317,251498.66535563697
8311,"      Freiburg im Breisgau, Stadtkreis",2029,243599.51834589057,230991.1452238588,256753.66156040656
8311,"      Freiburg im Breisgau, Stadtkreis",2030,244826.3378697726,227483.95324737125,262511.8890898246
8311,"      Freiburg im Breisgau, Stadtkreis",2031,246053.1573936547,222581.4656890825,268617.94604795246
8311,"      Freiburg im Breisgau, Stadtkreis",2032,247283.3380669172,217798.186410326,274480.91911791125
8311,"      Freiburg im Breisgau, Stadtkreis",2033,248510.15759079927,213303.5162421449,280620.6902533553
8311,"      Freiburg im Breisgau, Stadtkreis",2034,249736.97711468136,207348.04147167533,287707.8422065226
8311,"      Freiburg im Breisgau, Stadtkreis",2035,250963.7966385634,203912.9222667764,294708.9199390673
8311,"      Freiburg im Breisgau, Stadtkreis",2036,252193.977311826,198335.33778190403,302209.4291692715
8311,"      Freiburg im Breisgau, Stadtkreis",2037,253420.796835708,193301.18366632165,310436.2436161288
8311,"      Freiburg im Breisgau, Stadtkreis",2038,254647.6163595901,186584.4529759249,318325.48647841404
8311,"      Freiburg im Breisgau, Stadtkreis",2039,255874.4358834721,180857.28867981565,324714.6408399482
8311,"      Freiburg im Breisgau, Stadtkreis",2040,257104.61655673463,173653.52578692045,333447.2696689579
8315,"      Breisgau-Hochschwarzwald, Landkreis",2025,274400.91373798845,273570.8667183516,275286.16125489847
8315,"      Breisgau-Hochschwarzwald, Landkreis",2026,275918.1548746114,273503.2564571252,278684.9977410506
8315,"      Breisgau-Hochschwarzwald, Landkreis",2027,277435.3960112343,272662.1634382668,282387.51602174254
8315,"      Breisgau-Hochschwarzwald, Landkreis",2028,278956.7939728891,271479.55511566566,286845.2391997007
8315,"      Breisgau-Hochschwarzwald, Landkreis",2029,280474.035109512,269681.3496802354,291824.54307522
8315,"      Breisgau-Hochschwarzwald, Landkreis",2030,281991.2762461349,267597.1291436923,297327.4358650648
8315,"      Breisgau-Hochschwarzwald, Landkreis",2031,283508.5173827578,265555.22775340255,302873.20803238684
8315,"      Breisgau-Hochschwarzwald, Landkreis",2032,285029.9153444125,263082.7810812301,308055.67920079216
8315,"      Breisgau-Hochschwarzwald, Landkreis",2033,286547.1564810355,260729.26184360948,314886.7377140089
8315,"      Breisgau-Hochschwarzwald, Landkreis",2034,288064.3976176584,256735.9360918072,321193.7005132528
8315,"      Breisgau-Hochschwarzwald, Landkreis",2035,289581.6387542813,252457.444192428,328039.2555090169
8315,"      Breisgau-Hochschwarzwald, Landkreis",2036,291103.03671593603,248318.23524023176,334504.01371391164
8315,"      Breisgau-Hochschwarzwald, Landkreis",2037,292620.277852559,244273.59804650088,341395.149927174
8315,"      Breisgau-Hochschwarzwald, Landkreis",2038,294137.5189891819,239814.1978791789,347391.9462799882
8315,"      Breisgau-Hochschwarzwald, Landkreis",2039,295654.76012580487,234112.6122736668,356006.0102636676
8315,"      Breisgau-Hochschwarzwald, Landkreis",2040,297176.1580874596,230180.30024835607,363954.74244182353
8316,"      Emmendingen, Landkreis",2025,170797.30861018167,170531.33708012867,171086.4371481857
8316,"      Emmendingen, Landkreis",2026,171641.4668399424,171101.49325377695,172186.3968462986
8316,"      Emmendingen, Landkreis",2027,172485.6250697031,171493.98143117016,173512.0420857353
8316,"      Emmendingen, Landkreis",2028,173332.09606173716,171721.63361325883,174926.1136403453
8316,"      Emmendingen, Landkreis",2029,174176.25429149784,171991.06246849056,176466.26649223547
8316,"      Emmendingen, Landkreis",2030,175020.41252125858,172249.2466150734,178167.04364360846
8316,"      Emmendingen, Landkreis",2031,175864.5707510193,172314.34265646146,179834.43645121867
8316,"      Emmendingen, Landkreis",2032,176711.04174305333,172437.05678656977,181492.648663243
8316,"      Emmendingen, Landkreis",2033,177555.19997281404,172515.07550892653,183323.66120601213
8316,"      Emmendingen, Landkreis",2034,178399.35820257475,172403.18737758775,185052.2360656656
8316,"      Emmendingen, Landkreis",2035,179243.51643233548,172211.9257090196,186883.7777861052
8316,"      Emmendingen, Landkreis",2036,180089.98742436952,172217.71035514682,188698.18370986343
8316,"      Emmendingen, Landkreis",2037,180934.14565413023,172007.97648721238,190704.7644972812
8316,"      Emmendingen, Landkreis",2038,181778.30388389097,171782.61303113232,192572.9013879756
8316,"      Emmendingen, Landkreis",2039,182622.46211365165,171591.9914590411,194661.8831625759
8316,"      Emmendingen, Landkreis",2040,183468.9331056857,171223.37879050407,196489.15007804648
8317,"      Ortenaukreis, Landkreis",2025,447152.73510356585,445793.0233953988,448413.1101172839
8317,"      Ortenaukreis, Landkreis",2026,449213.4001529501,444713.9884860083,452930.5728233069
8317,"      Ortenaukreis, Landkreis",2027,451274.0652023344,442913.03234896366,458718.3243328969
8317,"      Ortenaukreis, Landkreis",2028,453340.3759093882,440502.44138109375,465280.669271771
8317,"      Ortenaukreis, Landkreis",2029,455401.0409587724,438011.7417709448,472903.28174613736
8317,"      Ortenaukreis, Landkreis",2030,457461.7060081565,434302.0730896516,480515.7780845465
8317,"      Ortenaukreis, Landkreis",2031,459522.3710575408,430118.7463342541,488348.1381275059
8317,"      Ortenaukreis, Landkreis",2032,461588.68176459457,425798.0476453021,497103.4641533532
8317,"      Ortenaukreis, Landkreis",2033,463649.3468139788,419455.23474772926,506012.48314862704
8317,"      Ortenaukreis, Landkreis",2034,465710.011863363,412953.0416501773,515395.21222974965
8317,"      Ortenaukreis, Landkreis",2035,467770.6769127472,405381.3244446724,525658.5381483387
8317,"      Ortenaukreis, Landkreis",2036,469836.987619801,399832.8093047035,535259.0894293935
8317,"      Ortenaukreis, Landkreis",2037,471897.6526691853,392162.12901198457,544438.2220165078
8317,"      Ortenaukreis, Landkreis",2038,473958.3177185695,383879.5119285156,554521.5040780193
8317,"      Ortenaukreis, Landkreis",2039,476018.98276795365,375814.3584805248,565181.6476611545
8317,"      Ortenaukreis, Landkreis",2040,478085.29347500746,369767.7588601509,574998.0524014726
8325,"      Rottweil, Landkreis",2025,140439.71174385975,140261.5813893116,140616.7125047082
8325,"      Rottweil, Landkreis",2026,140566.24226810108,140076.09211703148,141092.26870884438
8325,"      Rottweil, Landkreis",2027,140692.7727923424,139745.47739386666,141720.71477612443
8325,"      Rottweil, Landkreis",2028,140819.64997555426,139240.26928467708,142441.01104586938
8325,"      Rottweil, Landkreis",2029,140946.18049979556,138692.52481757713,143226.293945201
8325,"      Rottweil, Landkreis",2030,141072.7110240369,138140.0163214794,144140.02788584356
8325,"      Rottweil, Landkreis",2031,141199.2415482782,137448.05603889687,144899.74699222547
8325,"      Rottweil, Landkreis",2032,141326.11873149005,136644.15891257036,146038.34087112467
8325,"      Rottweil, Landkreis",2033,141452.64925573135,135872.11630527992,147263.80780309805
8325,"      Rottweil, Landkreis",2034,141579.17977997265,135058.67046692176,148578.06341661006
8325,"      Rottweil, Landkreis",2035,141705.71030421398,134065.38587512163,149694.17332174443
8325,"      Rottweil, Landkreis",2036,141832.58748742583,133008.0372593598,150926.05352850058
8325,"      Rottweil, Landkreis",2037,141959.11801166713,131758.9869407809,152197.40755809553
8325,"      Rottweil, Landkreis",2038,142085.64853590846,130700.05497215647,153482.58474029403
8325,"      Rottweil, Landkreis",2039,142212.1790601498,129524.37399775494,154967.7995937058
8325,"      Rottweil, Landkreis",2040,142339.0562433616,128504.2127027212,156340.23835082218
8326,"      Schwarzwald-Baar-Kreis, Landkreis",2025,215114.57991411656,214662.14955948247,215555.9313084685
8326,"      Schwarzwald-Baar-Kreis, Landkreis",2026,215945.9588565785,214861.51703711352,217107.66423183167
8326,"      Schwarzwald-Baar-Kreis, Landkreis",2027,216777.3377990405,214609.9877216248,218882.71737072256
8326,"      Schwarzwald-Baar-Kreis, Landkreis",2028,217610.99449202983,214119.38954294665,220720.8811247556
8326,"      Schwarzwald-Baar-Kreis, Landkreis",2029,218442.37343449183,213442.3089841885,222832.96770171155
8326,"      Schwarzwald-Baar-Kreis, Landkreis",2030,219273.7523769538,212798.7995595397,225118.3806547917
8326,"      Schwarzwald-Baar-Kreis, Landkreis",2031,220105.1313194158,211756.62254833503,227877.99912472547
8326,"      Schwarzwald-Baar-Kreis, Landkreis",2032,220938.7880124051,210598.5745910964,230282.2946836974
8326,"      Schwarzwald-Baar-Kreis, Landkreis",2033,221770.1669548671,209485.7968155756,232902.45776828795
8326,"      Schwarzwald-Baar-Kreis, Landkreis",2034,222601.54589732908,208110.1283553777,236041.1615488671
8326,"      Schwarzwald-Baar-Kreis, Landkreis",2035,223432.92483979109,206416.86944268973,238786.3906615609
8326,"      Schwarzwald-Baar-Kreis, Landkreis",2036,224266.5815327804,205024.7507465645,242585.3138288214
8326,"      Schwarzwald-Baar-Kreis, Landkreis",2037,225097.9604752424,202772.00425059383,246499.9008318814
8326,"      Schwarzwald-Baar-Kreis, Landkreis",2038,225929.33941770435,201465.65307742404,249951.39881809897
8326,"      Schwarzwald-Baar-Kreis, Landkreis",2039,226760.7183601664,199382.52163168823,253715.8125090108
8326,"      Schwarzwald-Baar-Kreis, Landkreis",2040,227594.37505315564,197712.1436055522,257301.2996208716
8327,"      Tuttlingen, Landkreis",2025,146198.04342015908,145942.5125350596,146426.24872223704
8327,"      Tuttlingen, Landkreis",2026,146997.52008017234,146378.2233313009,147584.3054209644
8327,"      Tuttlingen, Landkreis",2027,147796.99674018554,146597.37017905602,148900.55220859652
8327,"      Tuttlingen, Landkreis",2028,148598.66374721253,146736.5561970776,150359.62514819554
8327,"      Tuttlingen, Landkreis",2029,149398.14040722576,146769.750363428,151899.1108908839
8327,"      Tuttlingen, Landkreis",2030,150197.617067239,146846.94910325203,153430.75574817994
8327,"      Tuttlingen, Landkreis",2031,150997.09372725224,146750.99004364936,155167.16144764697
8327,"      Tuttlingen, Landkreis",2032,151798.7607342792,146718.8095799239,156934.82807811137
8327,"      Tuttlingen, Landkreis",2033,152598.23739429243,146376.15201501688,158785.15440286783
8327,"      Tuttlingen, Landkreis",2034,153397.71405430566,145944.22587598002,160868.45442801146
8327,"      Tuttlingen, Landkreis",2035,154197.1907143189,145506.5717024975,162937.19501140446
8327,"      Tuttlingen, Landkreis",2036,154998.85772134585,144716.14706844938,164798.13636662147
8327,"      Tuttlingen, Landkreis",2037,155798.3343813591,144249.0607110617,166779.96213502195
8327,"      Tuttlingen, Landkreis",2038,156597.8110413723,143616.467455911,169203.3929449561
8327,"      Tuttlingen, Landkreis",2039,157397.28770138556,142847.49213216064,171549.30855362376
8327,"      Tuttlingen, Landkreis",2040,158198.95470841252,142458.96087442376,173911.53530387624
8335,"      Konstanz, Landkreis",2025,293220.9751912088,292855.6470218929,293595.9517324258
8335,"      Konstanz, Landkreis",2026,294361.5882231521,293453.39453028084,295334.6563489358
8335,"      Konstanz, Landkreis",2027,295502.20125509554,293824.34841047344,297349.9479232403
8335,"      Konstanz, Landkreis",2028,296645.9392542497,293876.33533717366,299462.6824092921
8335,"      Konstanz, Landkreis",2029,297786.55228619307,293996.88821195473,301941.8406161363
8335,"      Konstanz, Landkreis",2030,298927.16531813645,293988.95297930465,304296.38003299205
8335,"      Konstanz, Landkreis",2031,300067.7783500798,293622.4348221995,306737.12299687444
8335,"      Konstanz, Landkreis",2032,301211.51634923404,293266.2104970447,309310.44966733846
8335,"      Konstanz, Landkreis",2033,302352.12938117736,292875.1144976237,312173.04047547095
8335,"      Konstanz, Landkreis",2034,303492.74241312075,292241.9783112456,315083.44324447075
8335,"      Konstanz, Landkreis",2035,304633.35544506414,291480.8888973729,317737.3182307614
8335,"      Konstanz, Landkreis",2036,305777.0934442183,290378.9739519276,321188.48663159675
8335,"      Konstanz, Landkreis",2037,306917.70647616166,289309.3149931428,324657.7587583406
8335,"      Konstanz, Landkreis",2038,308058.319508105,288116.3903325198,328126.206966456
8335,"      Konstanz, Landkreis",2039,309198.9325400484,287457.4902153047,331769.6383569282
8335,"      Konstanz, Landkreis",2040,310342.6705392026,285921.1359662778,335118.58120956866
8336,"      Lörrach, Landkreis",2025,239942.953559124,238899.85696508185,241027.4441402864
8336,"      Lörrach, Landkreis",2026,241462.08258793096,238141.12614950832,244949.04614235327
8336,"      Lörrach, Landkreis",2027,242981.211616738,236376.6091929011,249755.2460146483
8336,"      Lörrach, Landkreis",2028,244504.5026428841,234369.952257718,255281.46878619827
8336,"      Lörrach, Landkreis",2029,246023.6316716911,231422.24640694572,261373.8779380988
8336,"      Lörrach, Landkreis",2030,247542.76070049813,228146.6423268957,267656.66631365946
8336,"      Lörrach, Landkreis",2031,249061.88972930505,224475.65008038943,273828.85216429416
8336,"      Lörrach, Landkreis",2032,250585.18075545123,219649.82954108683,281180.9567942012
8336,"      Lörrach, Landkreis",2033,252104.30978425825,214973.09160432668,288944.1128126893
8336,"      Lörrach, Landkreis",2034,253623.4388130652,210145.3133213466,296426.9139112596
8336,"      Lörrach, Landkreis",2035,255142.5678418722,204739.6971275641,304811.4180348772
8336,"      Lörrach, Landkreis",2036,256665.85886801835,198098.2479049881,314267.4563437277
8336,"      Lörrach, Landkreis",2037,258184.98789682536,191725.07086396465,323997.7941844699
8336,"      Lörrach, Landkreis",2038,259704.1169256323,186814.07642097905,334210.0316236427
8336,"      Lörrach, Landkreis",2039,261223.2459544393,180106.56285479412,344618.9953936053
8336,"      Lörrach, Landkreis",2040,262746.5369805855,171206.0929578649,355815.6431996029
8337,"      Waldshut, Landkreis",2025,172122.6014859312,171810.91905936433,172427.33669187216
8337,"      Waldshut, Landkreis",2026,172487.55785580745,171759.76620774524,173206.84379799286
8337,"      Waldshut, Landkreis",2027,172852.51422568376,171548.76356169247,174233.15387234566
8337,"      Waldshut, Landkreis",2028,173218.47047602545,171147.6724453285,175397.5673891481
8337,"      Waldshut, Landkreis",2029,173583.42684590176,170736.51041119444,176642.4754905782
8337,"      Waldshut, Landkreis",2030,173948.38321577804,170185.0999458727,177981.04648340255
8337,"      Waldshut, Landkreis",2031,174313.33958565435,169631.884807878,179219.68790691363
8337,"      Waldshut, Landkreis",2032,174679.29583599608,169015.6175300624,180682.81774477492
8337,"      Waldshut, Landkreis",2033,175044.25220587236,168182.44369087662,182502.52014330812
8337,"      Waldshut, Landkreis",2034,175409.20857574866,167453.34221352346,184129.4911254656
8337,"      Waldshut, Landkreis",2035,175774.16494562494,166393.22843391227,185584.44659856145
8337,"      Waldshut, Landkreis",2036,176140.12119596667,165462.10092845545,187555.68543782856
8337,"      Waldshut, Landkreis",2037,176505.07756584295,164378.71111125773,189517.3412093853
8337,"      Waldshut, Landkreis",2038,176870.03393571926,163185.64294844272,191395.9595777759
8337,"      Waldshut, Landkreis",2039,177234.99030559557,162183.83756323633,193393.26550682905
8337,"      Waldshut, Landkreis",2040,177600.94655593726,161448.67395505848,195348.78801324609
8415,"      Reutlingen, Landkreis",2025,294975.6017096499,294197.1785837034,295659.79462622595
8415,"      Reutlingen, Landkreis",2026,296108.8136823742,293955.4593923879,298219.7369275785
8415,"      Reutlingen, Landkreis",2027,297242.0256550985,292835.3737438583,301325.07660592115
8415,"      Reutlingen, Landkreis",2028,298378.34231815895,291634.19176273403,304871.0274137982
8415,"      Reutlingen, Landkreis",2029,299511.55429088324,290020.19250002253,308740.70477108145
8415,"      Reutlingen, Landkreis",2030,300644.7662636075,288163.55510793626,312969.06318858074
8415,"      Reutlingen, Landkreis",2031,301777.9782363318,285647.8946653948,317044.5358534368
8415,"      Reutlingen, Landkreis",2032,302914.29489939235,282854.7201404462,321959.6394090409
8415,"      Reutlingen, Landkreis",2033,304047.50687211665,280599.6201238265,326700.93652148393
8415,"      Reutlingen, Landkreis",2034,305180.7188448409,277208.452521668,331654.5287792296
8415,"      Reutlingen, Landkreis",2035,306313.9308175652,274123.3315804487,337129.46900217136
8415,"      Reutlingen, Landkreis",2036,307450.24748062564,271101.1859676797,342935.6591141715
8415,"      Reutlingen, Landkreis",2037,308583.45945334993,267764.6029494196,349949.8233529828
8415,"      Reutlingen, Landkreis",2038,309716.67142607423,263259.414115927,355059.71909242275
8415,"      Reutlingen, Landkreis",2039,310849.8833987985,260590.6779239342,360442.6978625237
8415,"      Reutlingen, Landkreis",2040,311986.20006185904,256219.5733172971,366296.377948464
8416,"      Tübingen, Landkreis",2025,235082.2783130001,234643.8448688427,235553.5505894002
8416,"      Tübingen, Landkreis",2026,236390.3256533809,235172.0566711776,237762.7529360471
8416,"      Tübingen, Landkreis",2027,237698.37299376185,235157.7522950155,240516.81496317536
8416,"      Tübingen, Landkreis",2028,239010.00402548612,234912.90062705023,243308.3251612198
8416,"      Tübingen, Landkreis",2029,240318.05136586705,234374.1991575654,246134.8999788578
8416,"      Tübingen, Landkreis",2030,241626.09870624795,233586.4535905312,249026.07316695063
8416,"      Tübingen, Landkreis",2031,242934.1460466288,232837.24416189664,252230.3905460218
8416,"      Tübingen, Landkreis",2032,244245.7770783532,231356.8282632416,255881.71588305468
8416,"      Tübingen, Landkreis",2033,245553.8244187341,230096.914430433,260014.883716016
8416,"      Tübingen, Landkreis",2034,246861.87175911493,228910.3506504577,264044.0191480565
8416,"      Tübingen, Landkreis",2035,248169.91909949572,228042.05200492195,268148.18376774015
8416,"      Tübingen, Landkreis",2036,249481.5501312201,225461.08118244185,272193.3923094706
8416,"      Tübingen, Landkreis",2037,250789.597471601,224500.44848334035,276594.715500371
8416,"      Tübingen, Landkreis",2038,252097.64481198188,222565.284377123,280846.2002584617
8416,"      Tübingen, Landkreis",2039,253405.69215236275,220319.16101297247,286233.1350710977
8416,"      Tübingen, Landkreis",2040,254717.3231840871,218450.56914853904,291060.3514293517
8417,"      Zollernalbkreis, Landkreis",2025,193744.21750442852,193207.68177895944,194313.22694496132
8417,"      Zollernalbkreis, Landkreis",2026,194052.9441185417,192203.8836288741,195895.72001344943
8417,"      Zollernalbkreis, Landkreis",2027,194361.67073265483,190832.7506263515,197849.7059003738
8417,"      Zollernalbkreis, Landkreis",2028,194671.24317310803,189078.7406708116,200068.6851698176
8417,"      Zollernalbkreis, Landkreis",2029,194979.9697872212,187058.1525306795,202541.16147806428
8417,"      Zollernalbkreis, Landkreis",2030,195288.6964013344,184856.8559494548,205682.9922302156
8417,"      Zollernalbkreis, Landkreis",2031,195597.42301544748,181786.77184865344,208757.65996212425
8417,"      Zollernalbkreis, Landkreis",2032,195906.99545590064,178961.88625384576,211778.2158136052
8417,"      Zollernalbkreis, Landkreis",2033,196215.7220700138,176000.24541502073,215626.64785568288
8417,"      Zollernalbkreis, Landkreis",2034,196524.44868412692,172848.22679961397,219982.0135400577
8417,"      Zollernalbkreis, Landkreis",2035,196833.1752982401,169764.92336993842,223908.36178311857
8417,"      Zollernalbkreis, Landkreis",2036,197142.7477386933,165613.18705733074,227860.19926209064
8417,"      Zollernalbkreis, Landkreis",2037,197451.47435280643,161329.9848015279,232159.5599203692
8417,"      Zollernalbkreis, Landkreis",2038,197760.2009669196,157225.23085871778,237429.5651643604
8417,"      Zollernalbkreis, Landkreis",2039,198068.9275810327,152023.66307191597,241811.02607284303
8417,"      Zollernalbkreis, Landkreis",2040,198378.5000214859,148027.03466949568,246989.1419005517
8421,"      Ulm, Stadtkreis",2025,130888.20313915564,130496.72176154274,131273.34434990754
8421,"      Ulm, Stadtkreis",2026,131863.01182544752,130581.03539827316,133058.106696496
8421,"      Ulm, Stadtkreis",2027,132837.8205117394,130424.56674564152,135093.70343958217
8421,"      Ulm, Stadtkreis",2028,133815.29990676086,129962.44683880315,137169.5554779127
8421,"      Ulm, Stadtkreis",2029,134790.10859305272,129418.59243169436,139629.18845013942
8421,"      Ulm, Stadtkreis",2030,135764.9172793446,128731.58650509675,142061.27045796774
8421,"      Ulm, Stadtkreis",2031,136739.72596563646,128112.42890454104,144783.3527485491
8421,"      Ulm, Stadtkreis",2032,137717.2053606579,127062.68592362024,147517.18281742113
8421,"      Ulm, Stadtkreis",2033,138692.0140469498,125777.60251322384,150162.95625608094
8421,"      Ulm, Stadtkreis",2034,139666.82273324166,124637.43627170546,152923.7699129382
8421,"      Ulm, Stadtkreis",2035,140641.63141953357,123270.52704863746,155834.25321946523
8421,"      Ulm, Stadtkreis",2036,141619.110814555,121755.37808643696,159674.53963086798
8421,"      Ulm, Stadtkreis",2037,142593.91950084688,119804.26555310845,163337.6512433485
8421,"      Ulm, Stadtkreis",2038,143568.72818713877,117355.37848809492,166704.26210043096
8421,"      Ulm, Stadtkreis",2039,144543.53687343062,114734.45319613852,170372.49702309573
8421,"      Ulm, Stadtkreis",2040,145521.01626845208,112663.70156914524,174268.41795781357
8425,"      Alb-Donau-Kreis, Landkreis",2025,203501.7242554376,203295.7208990172,203707.48848518304
8425,"      Alb-Donau-Kreis, Landkreis",2026,204511.3109088924,204026.25551201653,205031.9819886697
8425,"      Alb-Donau-Kreis, Landkreis",2027,205520.89756234724,204631.3951783577,206483.5177201322
8425,"      Alb-Donau-Kreis, Landkreis",2028,206533.25020663344,205079.01463888097,208011.40773349124
8425,"      Alb-Donau-Kreis, Landkreis",2029,207542.8368600883,205494.9169164373,209585.75567902892
8425,"      Alb-Donau-Kreis, Landkreis",2030,208552.42351354312,205701.86997000905,211255.65446921848
8425,"      Alb-Donau-Kreis, Landkreis",2031,209562.010166998,205912.17101385977,213044.66209484663
8425,"      Alb-Donau-Kreis, Landkreis",2032,210574.3628112842,206100.78950127147,214979.1051693641
8425,"      Alb-Donau-Kreis, Landkreis",2033,211583.94946473907,206081.91178542748,216969.018166818
8425,"      Alb-Donau-Kreis, Landkreis",2034,212593.536118194,206262.1804878496,218975.6158580093
8425,"      Alb-Donau-Kreis, Landkreis",2035,213603.12277164875,206122.7162317105,220774.18685729927
8425,"      Alb-Donau-Kreis, Landkreis",2036,214615.475415935,205892.00011760692,222702.66562283933
8425,"      Alb-Donau-Kreis, Landkreis",2037,215625.06206938985,205797.6813979444,224829.78524763908
8425,"      Alb-Donau-Kreis, Landkreis",2038,216634.6487228447,205594.6443259253,227112.02361144128
8425,"      Alb-Donau-Kreis, Landkreis",2039,217644.2353762996,205493.71448537472,229341.864258654
8425,"      Alb-Donau-Kreis, Landkreis",2040,218656.58802058577,205213.0574633584,231642.86838670555
8426,"      Biberach, Landkreis",2025,208804.58087663024,208500.9136610314,209119.26958406303
8426,"      Biberach, Landkreis",2026,209999.73701407068,209171.11733907604,210905.0303016
8426,"      Biberach, Landkreis",2027,211194.89315151103,209473.22580745028,212941.70674156936
8426,"      Biberach, Landkreis",2028,212393.32368932807,209707.0314406227,215147.293632064
8426,"      Biberach, Landkreis",2029,213588.47982676848,209725.4196830557,217473.3942129794
8426,"      Biberach, Landkreis",2030,214783.6359642089,209750.88537642505,219916.5753322513
8426,"      Biberach, Landkreis",2031,215978.7921016493,209711.6470807275,222514.21921131303
8426,"      Biberach, Landkreis",2032,217177.22263946632,209494.8055169848,225212.8659206204
8426,"      Biberach, Landkreis",2033,218372.3787769068,208746.2007628223,228083.9293847144
8426,"      Biberach, Landkreis",2034,219567.5349143472,208595.67813872764,230788.22156024288
8426,"      Biberach, Landkreis",2035,220762.69105178755,208100.36472495372,233830.8572664485
8426,"      Biberach, Landkreis",2036,221961.12158960456,207378.11077219987,237228.6988038324
8426,"      Biberach, Landkreis",2037,223156.2777270449,205970.293430868,240731.3392669312
8426,"      Biberach, Landkreis",2038,224351.43386448536,204948.75061866804,244047.4285387246
8426,"      Biberach, Landkreis",2039,225546.59000192583,203992.73363550223,247797.7073250708
8426,"      Biberach, Landkreis",2040,226745.0205397428,202764.4394252334,251289.2294139328
8435,"      Bodenseekreis, Landkreis",2025,221832.9935286931,221437.37064833345,222225.0164966688
8435,"      Bodenseekreis, Landkreis",2026,222488.8556646349,221866.66479685184,223101.1532609852
8435,"      Bodenseekreis, Landkreis",2027,223144.71780057668,222120.0132164328,224291.00988564047
8435,"      Bodenseekreis, Landkreis",2028,223802.3768190827,222199.28194254256,225497.5783527789
8435,"      Bodenseekreis, Landkreis",2029,224458.23895502448,222223.60874403943,226877.3942950297
8435,"      Bodenseekreis, Landkreis",2030,225114.1010909663,222229.66991169288,228426.8135348006
8435,"      Bodenseekreis, Landkreis",2031,225769.9632269081,222103.2442460849,229860.01319926936
8435,"      Bodenseekreis, Landkreis",2032,226427.62224541407,221906.2508218915,231511.1877987628
8435,"      Bodenseekreis, Landkreis",2033,227083.48438135587,221493.5129542653,233165.50201964687
8435,"      Bodenseekreis, Landkreis",2034,227739.3465172977,221214.2615313576,235132.5799220205
8435,"      Bodenseekreis, Landkreis",2035,228395.2086532395,220801.16257627297,236773.66807305647
8435,"      Bodenseekreis, Landkreis",2036,229052.8676717455,220376.9446360027,238665.37780237288
8435,"      Bodenseekreis, Landkreis",2037,229708.72980768725,219780.07872815657,240452.4174620724
8435,"      Bodenseekreis, Landkreis",2038,230364.5919436291,219192.2840283496,242382.6456020992
8435,"      Bodenseekreis, Landkreis",2039,231020.4540795709,218564.886002116,244419.22676729903
8435,"      Bodenseekreis, Landkreis",2040,231678.1130980769,217421.82859846964,246193.1931730912
8436,"      Ravensburg, Landkreis",2025,293090.4457777946,292709.9649565981,293496.70577624725
8436,"      Ravensburg, Landkreis",2026,294927.35290648026,293756.91495935706,296096.9570330344
8436,"      Ravensburg, Landkreis",2027,296764.2600351659,294529.2112227224,299169.3392716675
8436,"      Ravensburg, Landkreis",2028,298606.1997861219,295025.5983804667,302514.7251043721
8436,"      Ravensburg, Landkreis",2029,300443.1069148075,295131.7370769657,305939.6983078811
8436,"      Ravensburg, Landkreis",2030,302280.0140434932,295307.38424902165,309599.20141437254
8436,"      Ravensburg, Landkreis",2031,304116.9211721789,295480.5281651581,313461.8706373504
8436,"      Ravensburg, Landkreis",2032,305958.8609231349,294983.53617122973,317185.4496335704
8436,"      Ravensburg, Landkreis",2033,307795.7680518206,294301.26047022047,321028.2425729618
8436,"      Ravensburg, Landkreis",2034,309632.6751805062,294166.0843700824,324995.663319625
8436,"      Ravensburg, Landkreis",2035,311469.5823091919,293994.4959037701,329378.1345671177
8436,"      Ravensburg, Landkreis",2036,313311.52206014784,292922.5903515207,333235.1986482593
8436,"      Ravensburg, Landkreis",2037,315148.4291888335,291500.9889527831,337367.8505062074
8436,"      Ravensburg, Landkreis",2038,316985.33631751913,290248.2890450329,341810.19320751587
8436,"      Ravensburg, Landkreis",2039,318822.2434462048,289872.3362507255,346775.8395742812
8436,"      Ravensburg, Landkreis",2040,320664.1831971608,288749.49173084274,352084.64378831175
8437,"      Sigmaringen, Landkreis",2025,132177.59713482845,131821.07087405832,132504.76206923852
8437,"      Sigmaringen, Landkreis",2026,132033.6506955793,130923.72016108043,133050.3764605595
8437,"      Sigmaringen, Landkreis",2027,131889.70425633012,129755.5191079575,133844.5516317827
8437,"      Sigmaringen, Landkreis",2028,131745.36344327478,128445.44074244672,134974.57727648216
8437,"      Sigmaringen, Landkreis",2029,131601.41700402563,126900.93395572888,136344.83090136104
8437,"      Sigmaringen, Landkreis",2030,131457.47056477645,125010.64023653798,137652.16130353723
8437,"      Sigmaringen, Landkreis",2031,131313.5241255273,123142.57978363338,138981.3891352955
8437,"      Sigmaringen, Landkreis",2032,131169.18331247196,121042.53903417336,140667.1401025502
8437,"      Sigmaringen, Landkreis",2033,131025.2368732228,119222.67193206468,142339.3774112262
8437,"      Sigmaringen, Landkreis",2034,130881.29043397364,116645.7099584326,144040.6215329743
8437,"      Sigmaringen, Landkreis",2035,130737.34399472446,114750.83621357352,145916.4615203553
8437,"      Sigmaringen, Landkreis",2036,130593.00318166912,112203.33768683246,148292.04638475814
8437,"      Sigmaringen, Landkreis",2037,130449.05674241995,109750.16536117194,150273.68215657424
8437,"      Sigmaringen, Landkreis",2038,130305.1103031708,108030.6648443473,152409.7431603876
8437,"      Sigmaringen, Landkreis",2039,130161.16386392164,105806.85869919644,154693.97712154503
8437,"      Sigmaringen, Landkreis",2040,130016.82305086633,103621.39184079033,156796.37593729133
9161,"      Ingolstadt, kreisfreie Stadt",2025,142575.17477220864,141998.64814444276,143282.48275206258
9161,"      Ingolstadt, kreisfreie Stadt",2026,144029.7658659844,142184.99327442163,146305.66861208176
9161,"      Ingolstadt, kreisfreie Stadt",2027,145484.3569597602,142102.25095990772,149820.47086496532
9161,"      Ingolstadt, kreisfreie Stadt",2028,146942.9332346148,141224.75060091284,153613.7797375748
9161,"      Ingolstadt, kreisfreie Stadt",2029,148397.52432839057,140081.02521646064,157647.61605522258
9161,"      Ingolstadt, kreisfreie Stadt",2030,149852.11542216636,138564.4903309176,162051.41806139826
9161,"      Ingolstadt, kreisfreie Stadt",2031,151306.70651594215,137209.51195356503,166796.775646957
9161,"      Ingolstadt, kreisfreie Stadt",2032,152765.28279079674,135261.93665128335,171511.7040780842
9161,"      Ingolstadt, kreisfreie Stadt",2033,154219.87388457253,133513.5499316519,175968.22317782138
9161,"      Ingolstadt, kreisfreie Stadt",2034,155674.46497834832,131032.59937612397,181472.5447810517
9161,"      Ingolstadt, kreisfreie Stadt",2035,157129.05607212408,128504.85176115466,186330.6985741409
9161,"      Ingolstadt, kreisfreie Stadt",2036,158587.6323469787,125649.13239780128,192097.7808417631
9161,"      Ingolstadt, kreisfreie Stadt",2037,160042.22344075446,123629.13678066384,197728.36851662069
9161,"      Ingolstadt, kreisfreie Stadt",2038,161496.81453453025,121309.9866052895,203274.2111499814
9161,"      Ingolstadt, kreisfreie Stadt",2039,162951.405628306,119395.66904383482,209808.7540881328
9161,"      Ingolstadt, kreisfreie Stadt",2040,164409.98190316063,116927.09648911424,215317.1388293354
9162,"      München, kreisfreie Stadt",2025,1507851.935778821,1502137.3715122049,1513473.5040473694
9162,"      München, kreisfreie Stadt",2026,1514269.8363400784,1500511.3683516695,1529072.8355796132
9162,"      München, kreisfreie Stadt",2027,1520687.7369013354,1494697.429706558,1546628.8547167007
9162,"      München, kreisfreie Stadt",2028,1527123.2207518015,1482850.4598384632,1568140.1765374276
9162,"      München, kreisfreie Stadt",2029,1533541.1213130588,1471588.4721837267,1594645.233186136
9162,"      München, kreisfreie Stadt",2030,1539959.021874316,1457042.920283772,1625069.334053884
9162,"      München, kreisfreie Stadt",2031,1546376.9224355735,1442110.356369434,1655345.3290364698
9162,"      München, kreisfreie Stadt",2032,1552812.4062860396,1426445.6390380524,1685254.614997293
9162,"      München, kreisfreie Stadt",2033,1559230.306847297,1406576.563201486,1717336.138392724
9162,"      München, kreisfreie Stadt",2034,1565648.207408554,1381447.6118485597,1752335.063293941
9162,"      München, kreisfreie Stadt",2035,1572066.1079698112,1360636.8736185154,1792626.5812734268
9162,"      München, kreisfreie Stadt",2036,1578501.5918202773,1338190.3610758209,1839779.1728167904
9162,"      München, kreisfreie Stadt",2037,1584919.4923815348,1313545.0448727922,1876175.407434871
9162,"      München, kreisfreie Stadt",2038,1591337.392942792,1287055.4685526032,1922664.096105608
9162,"      München, kreisfreie Stadt",2039,1597755.2935040493,1260484.562531864,1967795.6880587395
9162,"      München, kreisfreie Stadt",2040,1604190.7773545154,1223907.870851806,2010811.6238239813
9163,"      Rosenheim, kreisfreie Stadt",2025,66088.25659005443,65920.14759856027,66266.33932803893
9163,"      Rosenheim, kreisfreie Stadt",2026,66903.64014477545,66385.79016159578,67483.52255240016
9163,"      Rosenheim, kreisfreie Stadt",2027,67719.02369949644,66711.50732666372,68804.3665178178
9163,"      Rosenheim, kreisfreie Stadt",2028,68536.64118176464,66992.46825358349,70318.62979226654
9163,"      Rosenheim, kreisfreie Stadt",2029,69352.02473648563,67057.96359751432,71824.06757269287
9163,"      Rosenheim, kreisfreie Stadt",2030,70167.40829120665,67099.61429782024,73245.49680179542
9163,"      Rosenheim, kreisfreie Stadt",2031,70982.79184592766,67060.08112857591,74988.1414041025
9163,"      Rosenheim, kreisfreie Stadt",2032,71800.40932819583,67138.06614414154,76749.78663927624
9163,"      Rosenheim, kreisfreie Stadt",2033,72615.79288291684,66830.79245678741,78647.4827868197
9163,"      Rosenheim, kreisfreie Stadt",2034,73431.17643763786,66672.75853460049,80619.6198077215
9163,"      Rosenheim, kreisfreie Stadt",2035,74246.55999235886,66471.39018845746,82585.09538617227
9163,"      Rosenheim, kreisfreie Stadt",2036,75064.17747462704,66146.15412338111,84612.91257530056
9163,"      Rosenheim, kreisfreie Stadt",2037,75879.56102934806,65646.7939448697,86775.52842856447
9163,"      Rosenheim, kreisfreie Stadt",2038,76694.94458406906,65352.494065605366,88792.36445007342
9163,"      Rosenheim, kreisfreie Stadt",2039,77510.32813879006,65185.69881546001,90713.83036490048
9163,"      Rosenheim, kreisfreie Stadt",2040,78327.94562105824,64657.06885952014,93185.7413179862
9171,"      Altötting, Landkreis",2025,114722.97084721593,114516.50187358457,114912.9575694514
9171,"      Altötting, Landkreis",2026,115541.369977652,114891.96982079532,116181.65801762568
9171,"      Altötting, Landkreis",2027,116359.76910808808,115102.7918778782,117649.47975475097
9171,"      Altötting, Landkreis",2028,117180.41042792264,115279.51685085788,119185.81947744066
9171,"      Altötting, Landkreis",2029,117998.80955835871,115094.21375965404,120930.44818555356
9171,"      Altötting, Landkreis",2030,118817.20868879482,114815.10133081333,122750.1127533614
9171,"      Altötting, Landkreis",2031,119635.6078192309,114567.44564623816,124629.52530235532
9171,"      Altötting, Landkreis",2032,120456.24913906548,114244.64851692268,126672.26431824426
9171,"      Altötting, Landkreis",2033,121274.64826950154,113941.0880449468,128631.74366674451
9171,"      Altötting, Landkreis",2034,122093.04739993764,113534.09861040353,130685.22929096447
9171,"      Altötting, Landkreis",2035,122911.44653037374,112878.04161338037,132752.80629013106
9171,"      Altötting, Landkreis",2036,123732.08785020828,112250.78583970816,135076.54906673188
9171,"      Altötting, Landkreis",2037,124550.4869806444,111567.63934340836,137112.6864563542
9171,"      Altötting, Landkreis",2038,125368.88611108049,110738.11036936016,139763.9654342198
9171,"      Altötting, Landkreis",2039,126187.28524151655,109739.61243925394,142187.4232880856
9171,"      Altötting, Landkreis",2040,127007.92656135112,108676.19858606633,145061.53156002474
9172,"      Berchtesgadener Land, Landkreis",2025,105821.53285118136,105359.1075273754,106318.0535868513
9172,"      Berchtesgadener Land, Landkreis",2026,106266.7745376837,104668.1066015707,107786.92127324396
9172,"      Berchtesgadener Land, Landkreis",2027,106712.016224186,103566.48151231196,109594.09275076169
9172,"      Berchtesgadener Land, Landkreis",2028,107158.47775092532,102457.61026158376,111908.5070333712
9172,"      Berchtesgadener Land, Landkreis",2029,107603.71943742766,101227.86169788228,114354.5991958389
9172,"      Berchtesgadener Land, Landkreis",2030,108048.96112392998,99456.01351810303,117195.81737402375
9172,"      Berchtesgadener Land, Landkreis",2031,108494.20281043233,97764.01445951176,120347.0330752441
9172,"      Berchtesgadener Land, Landkreis",2032,108940.66433717162,95900.7802300339,123784.04300730696
9172,"      Berchtesgadener Land, Landkreis",2033,109385.90602367396,94150.15573287068,127008.07381722685
9172,"      Berchtesgadener Land, Landkreis",2034,109831.14771017629,91678.54904053191,130316.68451218594
9172,"      Berchtesgadener Land, Landkreis",2035,110276.3893966786,88451.88045906454,133564.20593388923
9172,"      Berchtesgadener Land, Landkreis",2036,110722.8509234179,85501.6916416196,137451.3674250483
9172,"      Berchtesgadener Land, Landkreis",2037,111168.09260992022,82044.2069382721,140705.88766898745
9172,"      Berchtesgadener Land, Landkreis",2038,111613.33429642256,78719.54563036269,144318.51564780326
9172,"      Berchtesgadener Land, Landkreis",2039,112058.57598292489,74831.68616887582,148801.15412316658
9172,"      Berchtesgadener Land, Landkreis",2040,112505.0375096642,71694.99314816635,153825.36555319987
9173,"      Bad Tölz-Wolfratshausen, Landkreis",2025,130888.191846329,130603.17049279624,131272.25635255684
9173,"      Bad Tölz-Wolfratshausen, Landkreis",2026,131482.7960259986,130447.53927664584,132740.52128237273
9173,"      Bad Tölz-Wolfratshausen, Landkreis",2027,132077.40020566824,130253.42644215912,134437.9482627361
9173,"      Bad Tölz-Wolfratshausen, Landkreis",2028,132673.63343788486,129590.13935959282,136388.3337816812
9173,"      Bad Tölz-Wolfratshausen, Landkreis",2029,133268.23761755443,129010.15083048682,138437.057351819
9173,"      Bad Tölz-Wolfratshausen, Landkreis",2030,133862.84179722407,128199.15982513488,140517.8039399758
9173,"      Bad Tölz-Wolfratshausen, Landkreis",2031,134457.44597689365,127036.27732331774,142617.97745793214
9173,"      Bad Tölz-Wolfratshausen, Landkreis",2032,135053.6792091103,125956.47801786216,145063.6545821312
9173,"      Bad Tölz-Wolfratshausen, Landkreis",2033,135648.2833887799,124327.73226770003,147678.60982916062
9173,"      Bad Tölz-Wolfratshausen, Landkreis",2034,136242.8875684495,123474.70915588098,150309.52316542447
9173,"      Bad Tölz-Wolfratshausen, Landkreis",2035,136837.4917481191,121209.66382677291,153077.29629818315
9173,"      Bad Tölz-Wolfratshausen, Landkreis",2036,137433.72498033574,119639.87935777474,156276.31716806433
9173,"      Bad Tölz-Wolfratshausen, Landkreis",2037,138028.32916000535,117453.83070238604,159306.62714712412
9173,"      Bad Tölz-Wolfratshausen, Landkreis",2038,138622.93333967493,115971.01605995143,161949.13633827932
9173,"      Bad Tölz-Wolfratshausen, Landkreis",2039,139217.53751934454,114777.46767036628,165362.3991477295
9173,"      Bad Tölz-Wolfratshausen, Landkreis",2040,139813.77075156118,113228.77421080656,168482.27702413243
9174,"      Dachau, Landkreis",2025,153037.5294286546,151906.75156276033,154121.72530362013
9174,"      Dachau, Landkreis",2026,153212.83824355487,151420.20862023026,154886.41214100583
9174,"      Dachau, Landkreis",2027,153388.14705845513,150404.98456304386,155976.79108099468
9174,"      Dachau, Landkreis",2028,153563.9361714784,148943.62333737363,157379.46138201523
9174,"      Dachau, Landkreis",2029,153739.24498637862,147437.6186936304,159309.95972106088
9174,"      Dachau, Landkreis",2030,153914.55380127887,145615.6842027185,161520.50144314978
9174,"      Dachau, Landkreis",2031,154089.86261617913,143146.7754927958,163597.88190287663
9174,"      Dachau, Landkreis",2032,154265.6517292024,140877.62313358422,166047.4497092841
9174,"      Dachau, Landkreis",2033,154440.96054410262,138508.7096347781,168642.4032136171
9174,"      Dachau, Landkreis",2034,154616.26935900288,136182.95638051594,170981.74627067524
9174,"      Dachau, Landkreis",2035,154791.57817390314,133123.87658752137,173820.3808193012
9174,"      Dachau, Landkreis",2036,154967.3672869264,129817.84846024807,177572.5808728943
9174,"      Dachau, Landkreis",2037,155142.67610182663,126556.77963129904,180934.7010191877
9174,"      Dachau, Landkreis",2038,155317.98491672688,123457.871177471,184620.3180236244
9174,"      Dachau, Landkreis",2039,155493.2937316271,120104.39483868863,188249.6009610071
9174,"      Dachau, Landkreis",2040,155669.0828446504,116340.07638845156,191776.1626575637
9175,"      Ebersberg, Landkreis",2025,145158.1332192465,144374.04412619842,145913.39674006894
9175,"      Ebersberg, Landkreis",2026,146161.62020555002,143723.41907780812,148656.7312445921
9175,"      Ebersberg, Landkreis",2027,147165.1071918535,142560.88957894925,151986.80750763026
9175,"      Ebersberg, Landkreis",2028,148171.34345757155,140863.38515285318,155936.74651409147
9175,"      Ebersberg, Landkreis",2029,149174.83044387505,138611.89667216703,160025.6801082542
9175,"      Ebersberg, Landkreis",2030,150178.31743017858,135628.2676374753,164707.70017293564
9175,"      Ebersberg, Landkreis",2031,151181.80441648207,132624.02970872453,169439.1668652761
9175,"      Ebersberg, Landkreis",2032,152188.04068220014,129188.81519000036,174566.1751576741
9175,"      Ebersberg, Landkreis",2033,153191.5276685036,125017.71762418131,180539.93725898696
9175,"      Ebersberg, Landkreis",2034,154195.01465480714,121213.43555429416,186959.69500767585
9175,"      Ebersberg, Landkreis",2035,155198.50164111063,116851.33275259446,193122.4063874573
9175,"      Ebersberg, Landkreis",2036,156204.7379068287,112595.49429322052,199889.6378484936
9175,"      Ebersberg, Landkreis",2037,157208.2248931322,107213.25332775476,207653.5745921421
9175,"      Ebersberg, Landkreis",2038,158211.71187943572,102641.94344747748,214120.5147999584
9175,"      Ebersberg, Landkreis",2039,159215.19886573922,97357.35244597169,221956.46338677287
9175,"      Ebersberg, Landkreis",2040,160221.43513145729,93163.48065110749,229410.20459117577
9176,"      Eichstätt, Landkreis",2025,136488.40305444313,136261.30131813034,136706.24637951556
9176,"      Eichstätt, Landkreis",2026,137217.10544756608,136602.68864621455,137847.28626901435
9176,"      Eichstätt, Landkreis",2027,137945.807840689,136718.04694499576,139167.05141393986
9176,"      Eichstätt, Landkreis",2028,138676.5066787246,136849.6413133928,140559.1100285307
9176,"      Eichstätt, Landkreis",2029,139405.20907184755,136917.7009503906,142136.7534636741
9176,"      Eichstätt, Landkreis",2030,140133.91146497047,136844.4763844164,143796.6685045192
9176,"      Eichstätt, Landkreis",2031,140862.61385809342,136666.08620888414,145513.1440890119
9176,"      Eichstätt, Landkreis",2032,141593.31269612905,136296.79779060546,147424.9914768352
9176,"      Eichstätt, Landkreis",2033,142322.01508925197,135756.63357064637,149194.79803207278
9176,"      Eichstätt, Landkreis",2034,143050.7174823749,135407.05580903456,150835.81751979483
9176,"      Eichstätt, Landkreis",2035,143779.4198754978,134807.83667257294,152549.22795747058
9176,"      Eichstätt, Landkreis",2036,144510.1187135334,133940.66634015768,154715.43317587985
9176,"      Eichstätt, Landkreis",2037,145238.82110665634,133435.6364334213,157012.76356555
9176,"      Eichstätt, Landkreis",2038,145967.52349977926,132771.79571978375,159009.67513824007
9176,"      Eichstätt, Landkreis",2039,146696.22589290224,131943.03682875924,161381.84845080622
9176,"      Eichstätt, Landkreis",2040,147426.9247309378,130933.07223980472,163745.8921511566
9177,"      Erding, Landkreis",2025,140914.2809264135,140497.36722934424,141303.7978311234
9177,"      Erding, Landkreis",2026,141649.8339973406,140241.87362219903,142898.97415384804
9177,"      Erding, Landkreis",2027,142385.38706826774,139578.07973503915,144927.81263980604
9177,"      Erding, Landkreis",2028,143122.9553530878,138726.88824169675,147110.55324882866
9177,"      Erding, Landkreis",2029,143858.50842401493,137356.50688981335,149635.2007877141
9177,"      Erding, Landkreis",2030,144594.06149494203,136315.64968296117,152542.6101754862
9177,"      Erding, Landkreis",2031,145329.61456586918,134799.9902355939,155473.75988950938
9177,"      Erding, Landkreis",2032,146067.18285068922,132867.14096254806,158454.82351758514
9177,"      Erding, Landkreis",2033,146802.73592161635,130763.00068803782,161332.85872893737
9177,"      Erding, Landkreis",2034,147538.28899254347,128422.6262463533,164558.0397736379
9177,"      Erding, Landkreis",2035,148273.8420634706,125894.69207889776,168110.75570627436
9177,"      Erding, Landkreis",2036,149011.41034829066,124016.24985321276,171858.93231068997
9177,"      Erding, Landkreis",2037,149746.96341921776,121355.63305586416,175933.29645658773
9177,"      Erding, Landkreis",2038,150482.5164901449,117910.94534203218,179713.19919035773
9177,"      Erding, Landkreis",2039,151218.06956107198,115820.24648673796,184267.4168336564
9177,"      Erding, Landkreis",2040,151955.63784589208,112811.3247330824,188448.7586122981
9178,"      Freising, Landkreis",2025,186180.51683841995,185812.5408895341,186532.70866423304
9178,"      Freising, Landkreis",2026,187653.1098454,186544.255328384,188629.0325888438
9178,"      Freising, Landkreis",2027,189125.70285238005,187011.06277308808,191166.5672941868
9178,"      Freising, Landkreis",2028,190602.33036074904,187204.7462522282,193774.95285994268
9178,"      Freising, Landkreis",2029,192074.92336772903,187286.36239457168,196432.55548909432
9178,"      Freising, Landkreis",2030,193547.51637470903,187391.2389346479,199291.7828597233
9178,"      Freising, Landkreis",2031,195020.1093816891,186986.34859717367,202595.9109361961
9178,"      Freising, Landkreis",2032,196496.7368900581,186816.7359544728,205662.8790425709
9178,"      Freising, Landkreis",2033,197969.3298970381,186212.4620524556,208982.4471241449
9178,"      Freising, Landkreis",2034,199441.92290401817,185888.56950035665,212533.41597973427
9178,"      Freising, Landkreis",2035,200914.5159109982,185200.02980299428,215959.442686926
9178,"      Freising, Landkreis",2036,202391.1434193672,184421.56658264223,219715.17390607065
9178,"      Freising, Landkreis",2037,203863.73642634728,183767.279031416,223743.46958812315
9178,"      Freising, Landkreis",2038,205336.32943332725,182105.08490719125,227916.33306139585
9178,"      Freising, Landkreis",2039,206808.9224403073,181582.1254802335,231727.8427931027
9178,"      Freising, Landkreis",2040,208285.54994867631,180732.82416965632,235525.7969684444
9179,"      Fürstenfeldbruck, Landkreis",2025,219597.79424686744,218387.87760753272,220922.6369510257
9179,"      Fürstenfeldbruck, Landkreis",2026,220953.7498838617,216946.5362966508,225090.36365495867
9179,"      Fürstenfeldbruck, Landkreis",2027,222309.70552085587,214797.92779728217,229967.758596744
9179,"      Fürstenfeldbruck, Landkreis",2028,223669.3761048008,211583.53294251187,236207.9677118369
9179,"      Fürstenfeldbruck, Landkreis",2029,225025.331741795,207849.90919043933,242399.3697518589
9179,"      Fürstenfeldbruck, Landkreis",2030,226381.2873787892,203357.0012994466,249878.7139868107
9179,"      Fürstenfeldbruck, Landkreis",2031,227737.24301578343,198431.3281454806,257603.7272388716
9179,"      Fürstenfeldbruck, Landkreis",2032,229096.91359972832,193418.14573943496,265984.2415660941
9179,"      Fürstenfeldbruck, Landkreis",2033,230452.86923672253,189120.4437748092,274668.6159411755
9179,"      Fürstenfeldbruck, Landkreis",2034,231808.8248737168,182448.861638576,282989.2959438192
9179,"      Fürstenfeldbruck, Landkreis",2035,233164.780510711,175524.7260963975,292557.5073466561
9179,"      Fürstenfeldbruck, Landkreis",2036,234524.45109465587,169926.61001079966,303550.8848004394
9179,"      Fürstenfeldbruck, Landkreis",2037,235880.4067316501,162202.95518960262,313993.401579551
9179,"      Fürstenfeldbruck, Landkreis",2038,237236.3623686443,155397.3343550195,325387.6737904866
9179,"      Fürstenfeldbruck, Landkreis",2039,238592.3180056385,147648.5324907159,337426.88361682085
9179,"      Fürstenfeldbruck, Landkreis",2040,239951.98858958343,138627.43460463823,346802.52816231985
9180,"      Garmisch-Partenkirchen, Landkreis",2025,89353.7892457139,89079.66012397986,89626.27256648964
9180,"      Garmisch-Partenkirchen, Landkreis",2026,89390.49057213149,88560.21931795013,90234.37082207932
9180,"      Garmisch-Partenkirchen, Landkreis",2027,89427.19189854908,87831.60090913212,91089.04604368696
9180,"      Garmisch-Partenkirchen, Landkreis",2028,89463.9937765459,86991.46369891615,92148.86060378476
9180,"      Garmisch-Partenkirchen, Landkreis",2029,89500.6951029635,86077.23654589817,93515.16024997654
9180,"      Garmisch-Partenkirchen, Landkreis",2030,89537.39642938109,84928.9222483261,95082.41877636852
9180,"      Garmisch-Partenkirchen, Landkreis",2031,89574.09775579868,83637.88283287399,96395.84556070316
9180,"      Garmisch-Partenkirchen, Landkreis",2032,89610.8996337955,82260.59644537287,97921.89921239778
9180,"      Garmisch-Partenkirchen, Landkreis",2033,89647.60096021308,80739.32903558118,99926.91913295598
9180,"      Garmisch-Partenkirchen, Landkreis",2034,89684.30228663067,79271.02315873539,101696.25259815656
9180,"      Garmisch-Partenkirchen, Landkreis",2035,89721.00361304826,77658.17595791792,103541.2649075848
9180,"      Garmisch-Partenkirchen, Landkreis",2036,89757.80549104507,75679.88580376572,105365.54634115205
9180,"      Garmisch-Partenkirchen, Landkreis",2037,89794.50681746268,74034.71591483157,107519.76906905082
9180,"      Garmisch-Partenkirchen, Landkreis",2038,89831.20814388027,72251.28865737507,109873.48381022214
9180,"      Garmisch-Partenkirchen, Landkreis",2039,89867.90947029786,69783.43966479275,112148.18711631613
9180,"      Garmisch-Partenkirchen, Landkreis",2040,89904.71134829467,67559.10808808172,113713.37920608404
9181,"      Landsberg am Lech, Landkreis",2025,123359.0447287936,122656.29403544498,124099.57201254442
9181,"      Landsberg am Lech, Landkreis",2026,124582.69848988856,122231.87851932945,126997.17857770062
9181,"      Landsberg am Lech, Landkreis",2027,125806.3522509835,121251.301872326,130482.34141485546
9181,"      Landsberg am Lech, Landkreis",2028,127033.35848813623,119789.6272099296,134368.87657623726
9181,"      Landsberg am Lech, Landkreis",2029,128257.01224923122,118270.5321558783,138555.7082367041
9181,"      Landsberg am Lech, Landkreis",2030,129480.66601032615,115674.71000094192,143698.50632283938
9181,"      Landsberg am Lech, Landkreis",2031,130704.31977142111,113405.90558316036,148699.33164234264
9181,"      Landsberg am Lech, Landkreis",2032,131931.3260085739,111322.87641371464,154013.93659400908
9181,"      Landsberg am Lech, Landkreis",2033,133154.97976966883,108245.12809365628,159493.39043662255
9181,"      Landsberg am Lech, Landkreis",2034,134378.6335307638,106161.00709586556,165466.35257885794
9181,"      Landsberg am Lech, Landkreis",2035,135602.28729185875,103130.84425846233,171861.05180301215
9181,"      Landsberg am Lech, Landkreis",2036,136829.2935290115,100428.86662060254,178523.50457499104
9181,"      Landsberg am Lech, Landkreis",2037,138052.94729010647,96086.56173577016,183775.80300117104
9181,"      Landsberg am Lech, Landkreis",2038,139276.6010512014,91704.60472941757,190806.5625881097
9181,"      Landsberg am Lech, Landkreis",2039,140500.25481229636,88622.82709652072,198305.9413280728
9181,"      Landsberg am Lech, Landkreis",2040,141727.26104944912,83611.75018305384,206652.7103216297
9182,"      Miesbach, Landkreis",2025,95580.04446203203,94739.0179075545,96468.62732477
9182,"      Miesbach, Landkreis",2026,94734.95452920088,93830.24755082373,95635.95281964572
9182,"      Miesbach, Landkreis",2027,93889.86459636972,92781.58256862457,95042.12328648852
9182,"      Miesbach, Landkreis",2028,93042.4593486541,91578.274128942,94398.75495021134
9182,"      Miesbach, Landkreis",2029,92197.36941582292,90356.03562005125,94042.6247768909
9182,"      Miesbach, Landkreis",2030,91352.27948299178,89062.02912643069,93485.66062002192
9182,"      Miesbach, Landkreis",2031,90507.18955016062,87574.2584184499,93095.01247556004
9182,"      Miesbach, Landkreis",2032,89659.784302445,86148.97445071975,92831.1546337565
9182,"      Miesbach, Landkreis",2033,88814.69436961383,84454.3643309168,92690.78061052332
9182,"      Miesbach, Landkreis",2034,87969.60443678267,83143.27634526754,92432.84174902811
9182,"      Miesbach, Landkreis",2035,87124.5145039515,81400.79973450628,92023.14965369784
9182,"      Miesbach, Landkreis",2036,86277.10925623588,80005.30183709976,92181.25583800388
9182,"      Miesbach, Landkreis",2037,85432.0193234047,78169.04335160757,92248.14020836628
9182,"      Miesbach, Landkreis",2038,84586.92939057355,76631.32619164429,91814.3158855248
9182,"      Miesbach, Landkreis",2039,83741.8394577424,75156.72385709832,92002.72470875026
9182,"      Miesbach, Landkreis",2040,82894.43421002677,73092.98597928048,91812.31014970664
9183,"      Mühldorf a.Inn, Landkreis",2025,122926.55183932174,122484.5596617009,123381.8185226284
9183,"      Mühldorf a.Inn, Landkreis",2026,123786.45937481994,122382.66536494004,125248.84706282984
9183,"      Mühldorf a.Inn, Landkreis",2027,124646.36691031816,122029.33309917148,127594.91101175232
9183,"      Mühldorf a.Inn, Landkreis",2028,125508.63035687256,121449.3577440414,130251.63957625696
9183,"      Mühldorf a.Inn, Landkreis",2029,126368.53789237076,120485.98943561336,132919.95071967048
9183,"      Mühldorf a.Inn, Landkreis",2030,127228.445427869,119207.8290035248,136003.9247942265
9183,"      Mühldorf a.Inn, Landkreis",2031,128088.3529633672,117909.61050923356,139676.77627413266
9183,"      Mühldorf a.Inn, Landkreis",2032,128950.61640992158,116532.5165591329,142950.45969220085
9183,"      Mühldorf a.Inn, Landkreis",2033,129810.52394541982,114559.38011311156,146211.23915535986
9183,"      Mühldorf a.Inn, Landkreis",2034,130670.43148091802,112633.69059908688,149391.8660666188
9183,"      Mühldorf a.Inn, Landkreis",2035,131530.33901641626,110353.16655732614,153149.0943627283
9183,"      Mühldorf a.Inn, Landkreis",2036,132392.60246297065,107750.1810385277,157028.0856833423
9183,"      Mühldorf a.Inn, Landkreis",2037,133252.50999846886,104727.25652552245,160881.41424472202
9183,"      Mühldorf a.Inn, Landkreis",2038,134112.4175339671,102038.39424200892,164733.71904042675
9183,"      Mühldorf a.Inn, Landkreis",2039,134972.32506946527,99242.01329561244,168831.1693453212
9183,"      Mühldorf a.Inn, Landkreis",2040,135834.58851601966,96191.82868115576,173419.53086038813
9184,"      München, Landkreis",2025,356740.7936312195,356072.7571518839,357389.70158220205
9184,"      München, Landkreis",2026,358906.87948162976,356916.70754201105,361147.6293226042
9184,"      München, Landkreis",2027,361072.96533204,357240.272483858,365507.8069838233
9184,"      München, Landkreis",2028,363244.9856642323,356970.1268554002,370121.8130873864
9184,"      München, Landkreis",2029,365411.0715146426,356496.9608886821,375614.9921535901
9184,"      München, Landkreis",2030,367577.1573650528,355750.08042669133,381005.0633796026
9184,"      München, Landkreis",2031,369743.2432154631,353906.06536369567,386106.2181765232
9184,"      München, Landkreis",2032,371915.26354765537,353254.2743789071,391794.3312418799
9184,"      München, Landkreis",2033,374081.3493980657,351514.5512438208,398295.0315666885
9184,"      München, Landkreis",2034,376247.435248476,349970.4604839428,405015.0225462792
9184,"      München, Landkreis",2035,378413.5210988862,347555.7521365439,411232.402067973
9184,"      München, Landkreis",2036,380585.54143107845,344646.0386454771,417377.6377238327
9184,"      München, Landkreis",2037,382751.62728148873,342493.91243366577,424374.0340471495
9184,"      München, Landkreis",2038,384917.713131899,340106.4975836219,431598.0815739946
9184,"      München, Landkreis",2039,387083.7989823093,336852.77567034296,439665.5972403869
9184,"      München, Landkreis",2040,389255.8193145015,333002.8136834839,447821.8543533466
9185,"      Neuburg-Schrobenhausen, Landkreis",2025,100224.88116334792,99931.13060298446,100550.82467961364
9185,"      Neuburg-Schrobenhausen, Landkreis",2026,100975.1177746333,100078.38337180157,101854.50173386122
9185,"      Neuburg-Schrobenhausen, Landkreis",2027,101725.35438591866,100025.27123754202,103436.61901341622
9185,"      Neuburg-Schrobenhausen, Landkreis",2028,102477.64643997468,99704.28290061653,105210.32758856643
9185,"      Neuburg-Schrobenhausen, Landkreis",2029,103227.88305126008,99332.54951256514,107091.443199591
9185,"      Neuburg-Schrobenhausen, Landkreis",2030,103978.11966254542,98791.87097253025,108847.30075120932
9185,"      Neuburg-Schrobenhausen, Landkreis",2031,104728.35627383082,98276.59940252273,110975.54254834131
9185,"      Neuburg-Schrobenhausen, Landkreis",2032,105480.64832788684,97463.41930073564,113165.4250075972
9185,"      Neuburg-Schrobenhausen, Landkreis",2033,106230.8849391722,96377.65837510786,115314.5715239955
9185,"      Neuburg-Schrobenhausen, Landkreis",2034,106981.12155045758,95266.34135527034,117485.02790513076
9185,"      Neuburg-Schrobenhausen, Landkreis",2035,107731.35816174294,93933.420028988,119968.0042922406
9185,"      Neuburg-Schrobenhausen, Landkreis",2036,108483.65021579896,92639.85546075994,122380.13251175907
9185,"      Neuburg-Schrobenhausen, Landkreis",2037,109233.88682708434,90962.63930775666,124926.84977421656
9185,"      Neuburg-Schrobenhausen, Landkreis",2038,109984.1234383697,89761.08294902463,127745.5685549835
9185,"      Neuburg-Schrobenhausen, Landkreis",2039,110734.36004965508,88538.90325130959,130927.75294414486
9185,"      Neuburg-Schrobenhausen, Landkreis",2040,111486.6521037111,87072.68749150683,133839.69562821457
9186,"      Pfaffenhofen a.d.Ilm, Landkreis",2025,131842.51632463196,131312.35949155517,132323.79255908326
9186,"      Pfaffenhofen a.d.Ilm, Landkreis",2026,132959.4509602086,131349.91237934667,134573.83753958682
9186,"      Pfaffenhofen a.d.Ilm, Landkreis",2027,134076.38559578525,130835.33049124696,137272.0751652178
9186,"      Pfaffenhofen a.d.Ilm, Landkreis",2028,135196.38032625391,130093.74782872498,140303.00719104966
9186,"      Pfaffenhofen a.d.Ilm, Landkreis",2029,136313.31496183056,128966.51486732803,143769.97633248862
9186,"      Pfaffenhofen a.d.Ilm, Landkreis",2030,137430.2495974072,127530.74136883924,147225.54729818628
9186,"      Pfaffenhofen a.d.Ilm, Landkreis",2031,138547.18423298383,126056.9743095254,150872.7871872946
9186,"      Pfaffenhofen a.d.Ilm, Landkreis",2032,139667.17896345246,124101.55328861596,155149.65475553696
9186,"      Pfaffenhofen a.d.Ilm, Landkreis",2033,140784.1135990291,122140.84521222026,159270.62260813394
9186,"      Pfaffenhofen a.d.Ilm, Landkreis",2034,141901.04823460575,120186.03989941004,164344.5826141334
9186,"      Pfaffenhofen a.d.Ilm, Landkreis",2035,143017.98287018243,117828.90633398893,168527.89169463248
9186,"      Pfaffenhofen a.d.Ilm, Landkreis",2036,144137.97760065107,115517.54505640783,173045.05942602747
9186,"      Pfaffenhofen a.d.Ilm, Landkreis",2037,145254.9122362277,112468.4430352191,177419.31573684711
9186,"      Pfaffenhofen a.d.Ilm, Landkreis",2038,146371.84687180436,109277.43142554029,182900.62558098772
9186,"      Pfaffenhofen a.d.Ilm, Landkreis",2039,147488.781507381,106796.09992411669,187885.298953574
9186,"      Pfaffenhofen a.d.Ilm, Landkreis",2040,148608.77623784964,104218.9612769751,193959.900146149
9187,"      Rosenheim, Landkreis",2025,260246.418776109,258059.813842338,262398.4031669024
9187,"      Rosenheim, Landkreis",2026,261908.08120779367,254653.6503501342,268731.4373485972
9187,"      Rosenheim, Landkreis",2027,263569.74363947834,248593.75602481168,276577.5761804737
9187,"      Rosenheim, Landkreis",2028,265235.9585709759,242149.0935544789,285407.4210002892
9187,"      Rosenheim, Landkreis",2029,266897.62100266054,234539.4645367564,295819.0283589075
9187,"      Rosenheim, Landkreis",2030,268559.2834343452,226184.6986652745,306652.49667776894
9187,"      Rosenheim, Landkreis",2031,270220.94586602994,216411.99454016867,317439.4322847639
9187,"      Rosenheim, Landkreis",2032,271887.16079752747,206158.88738456825,329158.2167520695
9187,"      Rosenheim, Landkreis",2033,273548.82322921214,193949.1929216058,344053.0443956569
9187,"      Rosenheim, Landkreis",2034,275210.4856608968,182346.94709176783,358555.3039454902
9187,"      Rosenheim, Landkreis",2035,276872.14809258154,169022.09978634212,373102.8957165688
9187,"      Rosenheim, Landkreis",2036,278538.363024079,159685.8192458543,389921.9622294757
9187,"      Rosenheim, Landkreis",2037,280200.02545576374,146941.56766348804,405833.9210948432
9187,"      Rosenheim, Landkreis",2038,281861.6878874484,131207.14175321528,425584.6927406778
9187,"      Rosenheim, Landkreis",2039,283523.35031913314,114854.16064717146,445164.5318162717
9187,"      Rosenheim, Landkreis",2040,285189.5652506306,96247.25815646356,465458.9227308143
9188,"      Starnberg, Landkreis",2025,139754.9994065876,139306.09958783703,140153.70736529512
9188,"      Starnberg, Landkreis",2026,140174.95819133715,138779.5028255779,141426.37524435404
9188,"      Starnberg, Landkreis",2027,140594.91697608674,137712.7870139568,142963.54234826672
9188,"      Starnberg, Landkreis",2028,141016.0263328493,136618.7764935059,144570.16873684764
9188,"      Starnberg, Landkreis",2029,141435.98511759887,135140.01462836043,146723.88631411234
9188,"      Starnberg, Landkreis",2030,141855.94390234843,133595.06316224943,149319.5769581772
9188,"      Starnberg, Landkreis",2031,142275.90268709796,132182.91125562508,151588.6435781249
9188,"      Starnberg, Landkreis",2032,142697.01204386057,130264.66199459674,154535.52471693308
9188,"      Starnberg, Landkreis",2033,143116.9708286101,128169.13535381126,157241.15270565206
9188,"      Starnberg, Landkreis",2034,143536.92961335965,125708.3824210118,160101.2510086898
9188,"      Starnberg, Landkreis",2035,143956.88839810924,123177.49335344358,163206.19120382602
9188,"      Starnberg, Landkreis",2036,144377.99775487182,121021.09019856594,166313.9398126499
9188,"      Starnberg, Landkreis",2037,144797.95653962137,118163.68798728097,169765.74499685757
9188,"      Starnberg, Landkreis",2038,145217.91532437093,115685.80389461476,173350.8619934948
9188,"      Starnberg, Landkreis",2039,145637.8741091205,111869.6364508576,177344.64691805953
9188,"      Starnberg, Landkreis",2040,146058.98346588307,108462.07597313952,181005.65818350305
9189,"      Traunstein, Landkreis",2025,172495.64784545312,170108.8609245784,174673.66999655706
9189,"      Traunstein, Landkreis",2026,171721.6276573136,169407.75056724477,174232.87684018767
9189,"      Traunstein, Landkreis",2027,170947.6074691741,168539.9730358561,173374.7014112969
9189,"      Traunstein, Landkreis",2028,170171.4666777794,167451.90132924286,173084.27849807902
9189,"      Traunstein, Landkreis",2029,169397.44648963987,166319.68364503206,172206.1774308456
9189,"      Traunstein, Landkreis",2030,168623.42630150035,165468.59092622326,171978.17055516096
9189,"      Traunstein, Landkreis",2031,167849.40611336086,164448.4591878137,171727.15068001676
9189,"      Traunstein, Landkreis",2032,167073.26532196614,163070.5382345503,171423.89394029416
9189,"      Traunstein, Landkreis",2033,166299.24513382663,161812.9806640715,171261.4228835337
9189,"      Traunstein, Landkreis",2034,165525.22494568714,160435.99965314276,170988.30677428524
9189,"      Traunstein, Landkreis",2035,164751.2047575476,158984.73456753208,170879.37367566934
9189,"      Traunstein, Landkreis",2036,163975.0639661529,157417.73444349004,170799.8556514442
9189,"      Traunstein, Landkreis",2037,163201.04377801338,155862.95766821684,170654.7609522105
9189,"      Traunstein, Landkreis",2038,162427.02358987386,153989.30324885048,171211.848355227
9189,"      Traunstein, Landkreis",2039,161653.00340173434,152494.34856507104,171653.73462593116
9189,"      Traunstein, Landkreis",2040,160876.86261033965,151020.75168551554,171921.3031225103
9190,"      Weilheim-Schongau, Landkreis",2025,140078.94494149013,139711.2547242956,140448.21202647063
9190,"      Weilheim-Schongau, Landkreis",2026,141146.5953974064,139971.59759730636,142412.0070164748
9190,"      Weilheim-Schongau, Landkreis",2027,142214.24585332262,139880.8074520188,144680.03592328646
9190,"      Weilheim-Schongau, Landkreis",2028,143284.8213789811,139661.97467880094,147317.3661745721
9190,"      Weilheim-Schongau, Landkreis",2029,144352.47183489738,139200.38793421397,149999.08037286968
9190,"      Weilheim-Schongau, Landkreis",2030,145420.12229081363,138858.51672865934,152851.62156407756
9190,"      Weilheim-Schongau, Landkreis",2031,146487.7727467299,138432.73060197695,156108.02818982184
9190,"      Weilheim-Schongau, Landkreis",2032,147558.3482723884,137456.14847900425,159292.7889003653
9190,"      Weilheim-Schongau, Landkreis",2033,148625.99872830464,136405.45470843845,162711.65887577867
9190,"      Weilheim-Schongau, Landkreis",2034,149693.64918422088,135104.58149190422,166229.80628299265
9190,"      Weilheim-Schongau, Landkreis",2035,150761.29964013715,133361.0141324722,170450.12512397396
9190,"      Weilheim-Schongau, Landkreis",2036,151831.87516579565,132461.8045982922,174081.4348213943
9190,"      Weilheim-Schongau, Landkreis",2037,152899.5256217119,130287.91685624614,177752.33074871707
9190,"      Weilheim-Schongau, Landkreis",2038,153967.17607762816,128286.90653022472,181479.3884986904
9190,"      Weilheim-Schongau, Landkreis",2039,155034.82653354437,125798.88697646154,185153.90344627737
9190,"      Weilheim-Schongau, Landkreis",2040,156105.4020592029,123191.48454562384,188699.9957936866
9261,"      Landshut, kreisfreie Stadt",2025,70222.41866338474,68503.81163413828,72098.13994134225
9261,"      Landshut, kreisfreie Stadt",2026,69897.5906762459,68003.78364112182,71789.57175677945
9261,"      Landshut, kreisfreie Stadt",2027,69572.76268910708,67637.44651988003,71383.3165552382
9261,"      Landshut, kreisfreie Stadt",2028,69247.04476227745,67324.21604511545,71211.59177888276
9261,"      Landshut, kreisfreie Stadt",2029,68922.21677513862,66789.05540559565,71083.39283812161
9261,"      Landshut, kreisfreie Stadt",2030,68597.38878799978,66340.09096290918,71039.33472104138
9261,"      Landshut, kreisfreie Stadt",2031,68272.56080086096,65585.60281325139,70951.17965928347
9261,"      Landshut, kreisfreie Stadt",2032,67946.84287403132,64941.30115989636,70993.17229410213
9261,"      Landshut, kreisfreie Stadt",2033,67622.01488689249,64208.47394654908,71249.92238200933
9261,"      Landshut, kreisfreie Stadt",2034,67297.18689975365,63350.33508963161,71367.71177057165
9261,"      Landshut, kreisfreie Stadt",2035,66972.35891261483,62975.99018148572,71507.04719522422
9261,"      Landshut, kreisfreie Stadt",2036,66646.6409857852,61958.23547740009,71450.05449859616
9261,"      Landshut, kreisfreie Stadt",2037,66321.81299864636,61104.60181601616,71820.02070012063
9261,"      Landshut, kreisfreie Stadt",2038,65996.98501150752,60237.18406011771,72000.64328911506
9261,"      Landshut, kreisfreie Stadt",2039,65672.1570243687,59240.7469923558,72171.96342757568
9261,"      Landshut, kreisfreie Stadt",2040,65346.43909753907,58455.23842779267,72460.8177167454
9262,"      Passau, kreisfreie Stadt",2025,53140.52600220069,52879.6428897591,53396.354152193504
9262,"      Passau, kreisfreie Stadt",2026,53285.179062745374,52946.70505828977,53632.2686708946
9262,"      Passau, kreisfreie Stadt",2027,53429.83212329006,52912.13235227999,53980.76688154246
9262,"      Passau, kreisfreie Stadt",2028,53574.88149358967,52788.15522101206,54327.50600661907
9262,"      Passau, kreisfreie Stadt",2029,53719.53455413436,52603.03973388716,54729.00539119766
9262,"      Passau, kreisfreie Stadt",2030,53864.18761467903,52379.691025499225,55304.07971504926
9262,"      Passau, kreisfreie Stadt",2031,54008.84067522371,52213.49938805099,55728.8703520194
9262,"      Passau, kreisfreie Stadt",2032,54153.89004552332,51828.90958358026,56259.28994087898
9262,"      Passau, kreisfreie Stadt",2033,54298.543106068006,51501.924606764245,56829.20748632806
9262,"      Passau, kreisfreie Stadt",2034,54443.196166612695,51194.97914813539,57467.27779100255
9262,"      Passau, kreisfreie Stadt",2035,54587.84922715737,50999.57927828549,58164.74377406428
9262,"      Passau, kreisfreie Stadt",2036,54732.89859745697,50561.33812336656,58748.55512860365
9262,"      Passau, kreisfreie Stadt",2037,54877.55165800166,50303.1119521057,59435.60743716052
9262,"      Passau, kreisfreie Stadt",2038,55022.204718546345,49871.14676532456,60190.185556379176
9262,"      Passau, kreisfreie Stadt",2039,55166.85777909104,49450.52024080302,60926.06908239648
9262,"      Passau, kreisfreie Stadt",2040,55311.90714939063,48944.80270991349,61630.05511806458
9263,"      Straubing, kreisfreie Stadt",2025,49376.235170325934,49037.75194321736,49718.5243943824
9263,"      Straubing, kreisfreie Stadt",2026,50080.0685236403,49548.80568921091,50617.7576381649
9263,"      Straubing, kreisfreie Stadt",2027,50783.90187695466,49800.049932829046,51704.38201579578
9263,"      Straubing, kreisfreie Stadt",2028,51489.66354082604,50046.44941018254,52821.26835794805
9263,"      Straubing, kreisfreie Stadt",2029,52193.49689414041,50205.81856416821,53989.068019077946
9263,"      Straubing, kreisfreie Stadt",2030,52897.33024745477,50237.22554913356,55426.29593145066
9263,"      Straubing, kreisfreie Stadt",2031,53601.163600769134,50289.9936147734,56722.09097821544
9263,"      Straubing, kreisfreie Stadt",2032,54306.92526464051,50350.652168681074,58320.349987441
9263,"      Straubing, kreisfreie Stadt",2033,55010.75861795488,50450.83966539078,59804.7245260392
9263,"      Straubing, kreisfreie Stadt",2034,55714.59197126924,50316.84607091667,61257.80512042253
9263,"      Straubing, kreisfreie Stadt",2035,56418.42532458359,50071.11513105486,62699.153507829
9263,"      Straubing, kreisfreie Stadt",2036,57124.18698845498,49844.624128935946,64336.95549627486
9263,"      Straubing, kreisfreie Stadt",2037,57828.02034176935,49646.4906556725,65895.63149473612
9263,"      Straubing, kreisfreie Stadt",2038,58531.85369508371,49302.55537489089,67836.50341260691
9263,"      Straubing, kreisfreie Stadt",2039,59235.68704839807,48962.534373726296,69985.72365711747
9263,"      Straubing, kreisfreie Stadt",2040,59941.448712269455,48313.95574939839,71622.83318916275
9271,"      Deggendorf, Landkreis",2025,122769.18647759076,122283.47758268975,123255.9988669805
9271,"      Deggendorf, Landkreis",2026,123640.00292068267,122083.51281583033,125135.0082419857
9271,"      Deggendorf, Landkreis",2027,124510.81936377454,121667.69766619464,127422.61318919114
9271,"      Deggendorf, Landkreis",2028,125384.02160534066,120848.69945535684,129749.94991431704
9271,"      Deggendorf, Landkreis",2029,126254.83804843252,119988.2234363893,132708.70061075484
9271,"      Deggendorf, Landkreis",2030,127125.6544915244,118855.62613900122,135782.87409807555
9271,"      Deggendorf, Landkreis",2031,127996.4709346163,117872.03900586168,139346.5176182072
9271,"      Deggendorf, Landkreis",2032,128869.6731761824,116173.24929129038,142959.23236101685
9271,"      Deggendorf, Landkreis",2033,129740.48961927427,114282.2129564561,146170.7745628515
9271,"      Deggendorf, Landkreis",2034,130611.30606236616,112612.0983358872,150002.86752356144
9271,"      Deggendorf, Landkreis",2035,131482.12250545804,110379.49350892332,153480.82487491783
9271,"      Deggendorf, Landkreis",2036,132355.32474702416,108034.39908716356,158352.69120152073
9271,"      Deggendorf, Landkreis",2037,133226.14119011603,105571.2968108877,162580.65670872605
9271,"      Deggendorf, Landkreis",2038,134096.9576332079,103016.89648668127,168410.34786982165
9271,"      Deggendorf, Landkreis",2039,134967.7740762998,99675.91697357876,172590.23598769156
9271,"      Deggendorf, Landkreis",2040,135840.9763178659,96904.7199413067,176748.85999745026
9272,"      Freyung-Grafenau, Landkreis",2025,79011.3772457167,78821.84091959884,79202.70857726345
9272,"      Freyung-Grafenau, Landkreis",2026,79286.98574809232,78644.17553737853,79871.45276814612
9272,"      Freyung-Grafenau, Landkreis",2027,79562.59425046793,78292.7716040747,80718.41533092092
9272,"      Freyung-Grafenau, Landkreis",2028,79838.95784463087,77869.61646802108,81656.8104985785
9272,"      Freyung-Grafenau, Landkreis",2029,80114.56634700649,77393.05149073072,82688.49167440372
9272,"      Freyung-Grafenau, Landkreis",2030,80390.1748493821,76893.87559564915,83735.27386215745
9272,"      Freyung-Grafenau, Landkreis",2031,80665.78335175771,76117.4551732037,84942.01659758583
9272,"      Freyung-Grafenau, Landkreis",2032,80942.14694592064,75560.35385119884,86266.21946182374
9272,"      Freyung-Grafenau, Landkreis",2033,81217.75544829626,74748.81680157756,87439.99388218188
9272,"      Freyung-Grafenau, Landkreis",2034,81493.36395067189,73814.36873285094,88996.60359407178
9272,"      Freyung-Grafenau, Landkreis",2035,81768.97245304748,72816.28676863729,90455.13359638207
9272,"      Freyung-Grafenau, Landkreis",2036,82045.33604721043,71576.7979991661,91897.96879320598
9272,"      Freyung-Grafenau, Landkreis",2037,82320.94454958604,70328.41984577016,93397.74307282564
9272,"      Freyung-Grafenau, Landkreis",2038,82596.55305196166,69141.23572612196,94773.49348034806
9272,"      Freyung-Grafenau, Landkreis",2039,82872.16155433726,67605.0813819303,96203.22726820508
9272,"      Freyung-Grafenau, Landkreis",2040,83148.52514850021,66153.58695490667,98167.17200691727
9273,"      Kelheim, Landkreis",2025,126812.05658505988,126649.96868057852,126979.272472271
9273,"      Kelheim, Landkreis",2026,127501.51871682212,127068.8695272321,127969.21873615522
9273,"      Kelheim, Landkreis",2027,128190.98084858438,127353.56190831124,129059.10483677596
9273,"      Kelheim, Landkreis",2028,128882.33191769394,127546.58653329274,130227.91594686538
9273,"      Kelheim, Landkreis",2029,129571.7940494562,127624.02536865018,131513.4884517858
9273,"      Kelheim, Landkreis",2030,130261.25618121844,127615.1504794058,132815.04948195274
9273,"      Kelheim, Landkreis",2031,130950.7183129807,127582.21832535324,134181.52337737527
9273,"      Kelheim, Landkreis",2032,131642.06938209024,127359.51882949764,135606.5830045871
9273,"      Kelheim, Landkreis",2033,132331.5315138525,127117.44606588312,137195.44187155546
9273,"      Kelheim, Landkreis",2034,133020.99364561474,126784.50230884938,138946.25466102557
9273,"      Kelheim, Landkreis",2035,133710.455777377,126226.92313896892,140468.90698202068
9273,"      Kelheim, Landkreis",2036,134401.80684648655,125976.74365159504,142014.27054299184
9273,"      Kelheim, Landkreis",2037,135091.26897824882,125511.48518878016,143583.33532364306
9273,"      Kelheim, Landkreis",2038,135780.73111001105,125038.59105800152,145386.83952548032
9273,"      Kelheim, Landkreis",2039,136470.19324177332,124583.9690877446,147150.65500776086
9273,"      Kelheim, Landkreis",2040,137161.54431088286,124188.63480915652,149066.51165009858
9274,"      Landshut, Landkreis",2025,163114.9827297658,162263.83247576814,163809.28718894027
9274,"      Landshut, Landkreis",2026,164070.57671151948,161293.68322860243,166186.42754849847
9274,"      Landshut, Landkreis",2027,165026.17069327316,159607.3817462307,169244.33537475494
9274,"      Landshut, Landkreis",2028,165984.38274073027,157488.01715896267,172693.24039002167
9274,"      Landshut, Landkreis",2029,166939.976722484,155296.31592139087,176381.7825887572
9274,"      Landshut, Landkreis",2030,167895.57070423765,152801.0140226145,180897.94800412472
9274,"      Landshut, Landkreis",2031,168851.16468599136,149666.05401606113,185309.47709216512
9274,"      Landshut, Landkreis",2032,169809.37673344847,146352.14683188673,191200.8869133239
9274,"      Landshut, Landkreis",2033,170764.9707152022,142867.19270528317,196489.5594049997
9274,"      Landshut, Landkreis",2034,171720.56469695584,138041.0711185657,202397.96217002743
9274,"      Landshut, Landkreis",2035,172676.15867870956,133569.72053233677,208585.09737088112
9274,"      Landshut, Landkreis",2036,173634.37072616667,129031.20843189053,214753.718238517
9274,"      Landshut, Landkreis",2037,174589.96470792036,124028.42950057716,220203.1221006673
9274,"      Landshut, Landkreis",2038,175545.55868967404,118875.61323826984,227297.3702659449
9274,"      Landshut, Landkreis",2039,176501.15267142773,114104.47929313975,235424.930101832
9274,"      Landshut, Landkreis",2040,177459.36471888484,107432.57478648685,241954.25294677448
9275,"      Passau, Landkreis",2025,195562.4211714339,195021.3016308003,196085.23562057532
9275,"      Passau, Landkreis",2026,196367.72665380692,194606.19851516452,198053.9806560746
9275,"      Passau, Landkreis",2027,197173.0321361801,193653.4705110984,200427.4687955895
9275,"      Passau, Landkreis",2028,197980.5439349433,192548.5166204669,203239.5790500765
9275,"      Passau, Landkreis",2029,198785.84941731635,191504.9588359825,206524.0491443096
9275,"      Passau, Landkreis",2030,199591.15489968949,189987.18082684383,209943.2160919552
9275,"      Passau, Landkreis",2031,200396.4603820626,188557.18514408416,213335.36821808407
9275,"      Passau, Landkreis",2032,201203.9721808257,185781.77524588385,216740.8988937808
9275,"      Passau, Landkreis",2033,202009.27766319885,183373.955423089,220264.1262590712
9275,"      Passau, Landkreis",2034,202814.583145572,181253.13085544048,224351.24013350025
9275,"      Passau, Landkreis",2035,203619.88862794504,177597.6758638731,228580.52165282864
9275,"      Passau, Landkreis",2036,204427.40042670825,175077.68896088024,232572.34373860795
9275,"      Passau, Landkreis",2037,205232.7059090813,172024.00921746017,237014.13602863284
9275,"      Passau, Landkreis",2038,206038.0113914544,168843.79021460228,240812.4050141768
9275,"      Passau, Landkreis",2039,206843.3168738276,165320.38450413255,245291.8287578625
9275,"      Passau, Landkreis",2040,207650.82867259067,161060.83145289673,249995.9162766237
9276,"      Regen, Landkreis",2025,77168.10963148279,77000.78742836058,77335.49476394788
9276,"      Regen, Landkreis",2026,77050.92182444401,76500.84771682836,77581.46915805225
9276,"      Regen, Landkreis",2027,76933.73401740525,75847.15739656631,77983.94653577734
9276,"      Regen, Landkreis",2028,76816.22514788144,75109.86389702668,78399.76863867161
9276,"      Regen, Landkreis",2029,76699.03734084268,74277.36594897053,79013.44679070782
9276,"      Regen, Landkreis",2030,76581.84953380392,73351.42127918692,79747.91529216112
9276,"      Regen, Landkreis",2031,76464.66172676516,72398.93054910826,80429.35008017541
9276,"      Regen, Landkreis",2032,76347.15285724135,71594.13225929072,81178.72038844033
9276,"      Regen, Landkreis",2033,76229.96505020259,70443.67165405853,82179.22509259895
9276,"      Regen, Landkreis",2034,76112.77724316383,69458.07037283473,83229.58024514199
9276,"      Regen, Landkreis",2035,75995.58943612505,68047.50598225415,84198.8188878625
9276,"      Regen, Landkreis",2036,75878.08056660126,66750.5731324203,85263.25372426386
9276,"      Regen, Landkreis",2037,75760.89275956248,65590.45534755762,86434.86537773225
9276,"      Regen, Landkreis",2038,75643.70495252372,64310.34163911016,87689.47053694681
9276,"      Regen, Landkreis",2039,75526.51714548496,63189.83970258845,89177.45980667336
9276,"      Regen, Landkreis",2040,75409.00827596115,61817.31343398546,90712.3916208656
9277,"      Rottal-Inn, Landkreis",2025,120888.03458448248,120273.37047278223,121521.95149250352
9277,"      Rottal-Inn, Landkreis",2026,121189.1421755522,119142.179035061,123270.99764807262
9277,"      Rottal-Inn, Landkreis",2027,121490.2497666219,117354.6005727475,125575.17057291698
9277,"      Rottal-Inn, Landkreis",2028,121792.18230999589,114990.14540205683,128288.8679757579
9277,"      Rottal-Inn, Landkreis",2029,122093.2899010656,112352.97234403026,131036.19039481552
9277,"      Rottal-Inn, Landkreis",2030,122394.39749213532,109029.91846801812,134371.99389022437
9277,"      Rottal-Inn, Landkreis",2031,122695.505083205,105571.13618878294,138035.2615246475
9277,"      Rottal-Inn, Landkreis",2032,122997.437626579,102188.54159705802,141664.82879055137
9277,"      Rottal-Inn, Landkreis",2033,123298.5452176487,99044.21327044984,145799.46907766137
9277,"      Rottal-Inn, Landkreis",2034,123599.6528087184,95645.96813146412,150613.4329813389
9277,"      Rottal-Inn, Landkreis",2035,123900.76039978808,92063.48601528667,155794.65456446933
9277,"      Rottal-Inn, Landkreis",2036,124202.69294316208,87868.02003631231,159581.54616622112
9277,"      Rottal-Inn, Landkreis",2037,124503.8005342318,83100.95783848564,164959.85427934403
9277,"      Rottal-Inn, Landkreis",2038,124804.90812530147,79008.45187295432,169116.64873914295
9277,"      Rottal-Inn, Landkreis",2039,125106.01571637118,74111.94135006734,173877.8055606787
9277,"      Rottal-Inn, Landkreis",2040,125407.9482597452,69191.94644290321,178815.23475003144
9278,"      Straubing-Bogen, Landkreis",2025,103244.78390122124,103082.99930371568,103398.02769280096
9278,"      Straubing-Bogen, Landkreis",2026,103321.69367180104,102992.053823705,103640.01866864791
9278,"      Straubing-Bogen, Landkreis",2027,103398.60344238082,102811.7506988637,104022.91642871784
9278,"      Straubing-Bogen, Landkreis",2028,103475.72392466084,102547.15360650052,104429.23262159555
9278,"      Straubing-Bogen, Landkreis",2029,103552.63369524064,102223.96120425002,104921.73529509468
9278,"      Straubing-Bogen, Landkreis",2030,103629.5434658204,101862.71379636328,105498.61689533848
9278,"      Straubing-Bogen, Landkreis",2031,103706.4532364002,101452.72455418584,106143.54137164669
9278,"      Straubing-Bogen, Landkreis",2032,103783.5737186802,100959.91302180622,106716.49758007628
9278,"      Straubing-Bogen, Landkreis",2033,103860.48348926,100523.82017146448,107313.55410622017
9278,"      Straubing-Bogen, Landkreis",2034,103937.3932598398,100059.6710566976,108077.45302430712
9278,"      Straubing-Bogen, Landkreis",2035,104014.3030304196,99632.2954969023,108755.2552461909
9278,"      Straubing-Bogen, Landkreis",2036,104091.4235126996,99070.05191070004,109472.01443773627
9278,"      Straubing-Bogen, Landkreis",2037,104168.3332832794,98560.62247324864,110145.70661400942
9278,"      Straubing-Bogen, Landkreis",2038,104245.24305385916,97934.34654430737,110902.57546533553
9278,"      Straubing-Bogen, Landkreis",2039,104322.15282443896,97295.682596346,111709.7619449369
9278,"      Straubing-Bogen, Landkreis",2040,104399.27330671895,96511.20566875732,112722.38041380412
9279,"      Dingolfing-Landau, Landkreis",2025,102010.56418089196,101738.9887131336,102269.31759964264
9279,"      Dingolfing-Landau, Landkreis",2026,102812.13689025029,102075.7468903437,103513.19299598016
9279,"      Dingolfing-Landau, Landkreis",2027,103613.70959960858,102207.29453181858,104973.88501475065
9279,"      Dingolfing-Landau, Landkreis",2028,104417.4783985816,102259.46360677284,106630.01927028073
9279,"      Dingolfing-Landau, Landkreis",2029,105219.05110793991,102076.64929971058,108343.94608761408
9279,"      Dingolfing-Landau, Landkreis",2030,106020.62381729824,101961.1343640417,110126.91572397936
9279,"      Dingolfing-Landau, Landkreis",2031,106822.19652665655,101798.90233500498,111964.3866289651
9279,"      Dingolfing-Landau, Landkreis",2032,107625.96532562956,101458.59586440492,114095.99537362444
9279,"      Dingolfing-Landau, Landkreis",2033,108427.53803498788,101179.53756151749,116303.4813955872
9279,"      Dingolfing-Landau, Landkreis",2034,109229.1107443462,100888.02885512415,118240.92056071752
9279,"      Dingolfing-Landau, Landkreis",2035,110030.68345370452,100354.05804682034,120366.23613230964
9279,"      Dingolfing-Landau, Landkreis",2036,110834.45225267754,99812.78612667337,122806.00584210583
9279,"      Dingolfing-Landau, Landkreis",2037,111636.02496203584,99314.10136702014,124767.283076854
9279,"      Dingolfing-Landau, Landkreis",2038,112437.59767139418,98429.98770066776,127083.37182613506
9279,"      Dingolfing-Landau, Landkreis",2039,113239.17038075248,97803.26033646222,129506.39571630432
9279,"      Dingolfing-Landau, Landkreis",2040,114042.93917972548,96885.49918162417,131756.03892547864
9361,"      Amberg, kreisfreie Stadt",2025,42753.2810501859,42568.6725186828,42937.54398375961
9361,"      Amberg, kreisfreie Stadt",2026,42988.04068318145,42415.3214522757,43622.18001056797
9361,"      Amberg, kreisfreie Stadt",2027,43222.80031617699,42139.38173870803,44459.55282122144
9361,"      Amberg, kreisfreie Stadt",2028,43458.20312624923,41661.09894813702,45404.893230263486
9361,"      Amberg, kreisfreie Stadt",2029,43692.96275924478,41146.065094904734,46476.87809120436
9361,"      Amberg, kreisfreie Stadt",2030,43927.72239224032,40530.93430243639,47506.19520496002
9361,"      Amberg, kreisfreie Stadt",2031,44162.48202523587,39735.0943333638,48670.23346071277
9361,"      Amberg, kreisfreie Stadt",2032,44397.884835308105,38831.69450200131,49921.49601586343
9361,"      Amberg, kreisfreie Stadt",2033,44632.64446830365,37882.77700601371,51190.62542208156
9361,"      Amberg, kreisfreie Stadt",2034,44867.4041012992,37061.14890688571,52545.241570922175
9361,"      Amberg, kreisfreie Stadt",2035,45102.16373429474,36043.0913302022,53746.36675115211
9361,"      Amberg, kreisfreie Stadt",2036,45337.566544366986,34928.846983232615,55358.74244864144
9361,"      Amberg, kreisfreie Stadt",2037,45572.32617736253,33852.5950322371,57047.716768927785
9361,"      Amberg, kreisfreie Stadt",2038,45807.08581035808,32632.925880097227,58632.27246676077
9361,"      Amberg, kreisfreie Stadt",2039,46041.84544335362,31347.876592683955,60035.67543025189
9361,"      Amberg, kreisfreie Stadt",2040,46277.24825342586,30125.345868243417,61768.54487772943
9362,"      Regensburg, kreisfreie Stadt",2025,149499.4371646644,147582.4804497807,151270.3948086691
9362,"      Regensburg, kreisfreie Stadt",2026,149000.39406932576,146989.83744320687,150924.15370804357
9362,"      Regensburg, kreisfreie Stadt",2027,148501.3509739871,146115.25223517945,150877.8149367605
9362,"      Regensburg, kreisfreie Stadt",2028,148000.94063729138,145356.59488868952,151025.69135783397
9362,"      Regensburg, kreisfreie Stadt",2029,147501.8975419527,143774.38368990613,151105.48248641068
9362,"      Regensburg, kreisfreie Stadt",2030,147002.85444661404,142510.79420288594,151740.75818692593
9362,"      Regensburg, kreisfreie Stadt",2031,146503.8113512754,141007.87068876278,151851.10518094254
9362,"      Regensburg, kreisfreie Stadt",2032,146003.40101457966,138829.5890262065,152398.3952835499
9362,"      Regensburg, kreisfreie Stadt",2033,145504.357919241,137346.3251821161,153292.38702789255
9362,"      Regensburg, kreisfreie Stadt",2034,145005.31482390233,135406.54268794248,154354.76652139408
9362,"      Regensburg, kreisfreie Stadt",2035,144506.27172856368,133685.98798633527,154914.095929183
9362,"      Regensburg, kreisfreie Stadt",2036,144005.86139186792,131108.66772585723,156219.86211856292
9362,"      Regensburg, kreisfreie Stadt",2037,143506.8182965293,129485.81110619532,157018.96005560915
9362,"      Regensburg, kreisfreie Stadt",2038,143007.7752011906,126907.11685564683,157863.3073635341
9362,"      Regensburg, kreisfreie Stadt",2039,142508.73210585196,124948.92025227158,158958.70369983194
9362,"      Regensburg, kreisfreie Stadt",2040,142008.3217691562,122759.2784062352,160425.94634638345
9363,"      Weiden i.d.OPf., kreisfreie Stadt",2025,42563.05444882101,42405.36551674553,42707.50247749872
9363,"      Weiden i.d.OPf., kreisfreie Stadt",2026,42656.3123190731,42142.39257278881,43099.27063972778
9363,"      Weiden i.d.OPf., kreisfreie Stadt",2027,42749.57018932519,41776.71640650021,43645.52819406264
9363,"      Weiden i.d.OPf., kreisfreie Stadt",2028,42843.08356059167,41329.06032037707,44187.90773943623
9363,"      Weiden i.d.OPf., kreisfreie Stadt",2029,42936.34143084376,40824.01536498472,44844.061215249305
9363,"      Weiden i.d.OPf., kreisfreie Stadt",2030,43029.59930109586,40238.133185094295,45658.353819840886
9363,"      Weiden i.d.OPf., kreisfreie Stadt",2031,43122.857171347954,39585.55532452405,46507.02017186428
9363,"      Weiden i.d.OPf., kreisfreie Stadt",2032,43216.37054261444,38772.0149790633,47348.3120977892
9363,"      Weiden i.d.OPf., kreisfreie Stadt",2033,43309.62841286653,37969.406471716255,48081.40728427944
9363,"      Weiden i.d.OPf., kreisfreie Stadt",2034,43402.88628311862,37114.114714363466,49204.20067063239
9363,"      Weiden i.d.OPf., kreisfreie Stadt",2035,43496.144153370704,36042.27777388092,50189.59518978603
9363,"      Weiden i.d.OPf., kreisfreie Stadt",2036,43589.6575246372,35062.42391627321,51179.760345147566
9363,"      Weiden i.d.OPf., kreisfreie Stadt",2037,43682.91539488928,34151.77863740704,52448.409438136216
9363,"      Weiden i.d.OPf., kreisfreie Stadt",2038,43776.17326514138,32794.35343196005,53652.59802177493
9363,"      Weiden i.d.OPf., kreisfreie Stadt",2039,43869.43113539347,31715.39192855955,54762.81349227189
9363,"      Weiden i.d.OPf., kreisfreie Stadt",2040,43962.94450665996,30438.866395597805,55975.55944617363
9371,"      Amberg-Sulzbach, Landkreis",2025,104300.7597247137,104094.7800992304,104500.18388627093
9371,"      Amberg-Sulzbach, Landkreis",2026,104500.28132614124,103949.78237819052,105009.57971097212
9371,"      Amberg-Sulzbach, Landkreis",2027,104699.8029275688,103658.72261282968,105663.69275066003
9371,"      Amberg-Sulzbach, Landkreis",2028,104899.8711635208,103262.32650532643,106389.03955102696
9371,"      Amberg-Sulzbach, Landkreis",2029,105099.39276494832,102780.4459651466,107178.9670724386
9371,"      Amberg-Sulzbach, Landkreis",2030,105298.91436637587,102204.3440585744,108053.57461541668
9371,"      Amberg-Sulzbach, Landkreis",2031,105498.4359678034,101543.9544952838,108968.96357744884
9371,"      Amberg-Sulzbach, Landkreis",2032,105698.5042037554,101065.18579149595,109974.50310520844
9371,"      Amberg-Sulzbach, Landkreis",2033,105898.02580518296,100250.89203741486,110980.48743625676
9371,"      Amberg-Sulzbach, Landkreis",2034,106097.5474066105,99595.78298441734,112197.24148859816
9371,"      Amberg-Sulzbach, Landkreis",2035,106297.06900803804,98846.2032928702,113404.77069902704
9371,"      Amberg-Sulzbach, Landkreis",2036,106497.13724399004,97992.76661660027,114601.31468424466
9371,"      Amberg-Sulzbach, Landkreis",2037,106696.65884541757,97051.73406036092,115803.7846253056
9371,"      Amberg-Sulzbach, Landkreis",2038,106896.1804468451,96037.36559316987,117213.34528288986
9371,"      Amberg-Sulzbach, Landkreis",2039,107095.70204827268,94951.50867371002,118531.88290564758
9371,"      Amberg-Sulzbach, Landkreis",2040,107295.77028422464,93770.89114974935,119896.24614222566
9372,"      Cham, Landkreis",2025,129140.29544806672,128782.47693923795,129453.0160895233
9372,"      Cham, Landkreis",2026,129672.0980996707,128539.4013102016,130631.80805848712
9372,"      Cham, Landkreis",2027,130203.90075127466,127954.7513631699,132156.83918855898
9372,"      Cham, Landkreis",2028,130737.16039644468,127352.57452635853,133770.14491594076
9372,"      Cham, Landkreis",2029,131268.96304804864,126273.50910637488,135644.3609969774
9372,"      Cham, Landkreis",2030,131800.7656996526,125268.31756510196,137709.6897453712
9372,"      Cham, Landkreis",2031,132332.5683512566,124732.46910211442,139970.17775598474
9372,"      Cham, Landkreis",2032,132865.82799642658,123315.39615681228,142307.0080173999
9372,"      Cham, Landkreis",2033,133397.63064803055,121914.8891299055,144877.889208961
9372,"      Cham, Landkreis",2034,133929.43329963455,120617.813816064,146955.2013752018
9372,"      Cham, Landkreis",2035,134461.23595123852,119137.79470077658,149156.1929995739
9372,"      Cham, Landkreis",2036,134994.4955964085,117467.21331689598,151450.27488879726
9372,"      Cham, Landkreis",2037,135526.2982480125,115822.06972873436,154122.61374861334
9372,"      Cham, Landkreis",2038,136058.10089961646,113510.27788582024,157186.05756910282
9372,"      Cham, Landkreis",2039,136589.90355122043,110902.1353911528,160422.76608355506
9372,"      Cham, Landkreis",2040,137123.16319639047,108435.02318902264,163278.17917821443
9373,"      Neumarkt i.d.OPf., Landkreis",2025,139759.28164787972,139599.16718541895,139932.4020477438
9373,"      Neumarkt i.d.OPf., Landkreis",2026,140674.92965797306,140417.56106671778,140948.58738399146
9373,"      Neumarkt i.d.OPf., Landkreis",2027,141590.57766806637,141160.35222096517,142058.97013821
9373,"      Neumarkt i.d.OPf., Landkreis",2028,142508.73430284485,141804.7247780222,143202.69747795432
9373,"      Neumarkt i.d.OPf., Landkreis",2029,143424.38231293822,142464.74389787565,144413.61114690593
9373,"      Neumarkt i.d.OPf., Landkreis",2030,144340.03032303153,143052.17129139954,145662.78321923545
9373,"      Neumarkt i.d.OPf., Landkreis",2031,145255.67833312484,143618.44100853425,146908.42256743708
9373,"      Neumarkt i.d.OPf., Landkreis",2032,146173.83496790333,144191.42240385522,148190.41485715046
9373,"      Neumarkt i.d.OPf., Landkreis",2033,147089.4829779967,144681.99443838125,149448.96613888998
9373,"      Neumarkt i.d.OPf., Landkreis",2034,148005.13098809,145133.14380910475,150731.73769632334
9373,"      Neumarkt i.d.OPf., Landkreis",2035,148920.77899818332,145613.7078089107,152017.86547358253
9373,"      Neumarkt i.d.OPf., Landkreis",2036,149838.93563296183,146068.51314182545,153469.48570207015
9373,"      Neumarkt i.d.OPf., Landkreis",2037,150754.58364305517,146449.52660118145,154778.51308824477
9373,"      Neumarkt i.d.OPf., Landkreis",2038,151670.23165314848,146762.02347637297,156119.35290567952
9373,"      Neumarkt i.d.OPf., Landkreis",2039,152585.8796632418,147189.0901335791,157527.64651359394
9373,"      Neumarkt i.d.OPf., Landkreis",2040,153504.0362980203,147429.85125350393,158909.73122500835
9374,"      Neustadt a.d.Waldnaab, Landkreis",2025,96336.35012385724,96134.39943435063,96584.69412602852
9374,"      Neustadt a.d.Waldnaab, Landkreis",2026,96508.6224748868,95847.5844753064,97293.72391117211
9374,"      Neustadt a.d.Waldnaab, Landkreis",2027,96680.89482591634,95419.20350258805,98185.56108911782
9374,"      Neustadt a.d.Waldnaab, Landkreis",2028,96853.63915598982,94858.02944809974,99038.64849091976
9374,"      Neustadt a.d.Waldnaab, Landkreis",2029,97025.91150701938,94194.04336647812,100057.30885008287
9374,"      Neustadt a.d.Waldnaab, Landkreis",2030,97198.18385804891,93264.70833152588,101161.53137266252
9374,"      Neustadt a.d.Waldnaab, Landkreis",2031,97370.45620907847,92594.72922368853,102357.43473598768
9374,"      Neustadt a.d.Waldnaab, Landkreis",2032,97543.20053915196,91548.83342718078,103797.12886873302
9374,"      Neustadt a.d.Waldnaab, Landkreis",2033,97715.47289018153,90751.73956985756,105130.03761625804
9374,"      Neustadt a.d.Waldnaab, Landkreis",2034,97887.74524121109,89544.30764626659,106609.7102588439
9374,"      Neustadt a.d.Waldnaab, Landkreis",2035,98060.01759224063,88390.06198685039,108201.94621826256
9374,"      Neustadt a.d.Waldnaab, Landkreis",2036,98232.76192231412,86908.43648567998,109616.90956043173
9374,"      Neustadt a.d.Waldnaab, Landkreis",2037,98405.03427334366,85551.24753949097,111453.94566031842
9374,"      Neustadt a.d.Waldnaab, Landkreis",2038,98577.30662437322,83932.70404014991,113024.76070416298
9374,"      Neustadt a.d.Waldnaab, Landkreis",2039,98749.57897540276,82356.72420606125,114979.50155364968
9374,"      Neustadt a.d.Waldnaab, Landkreis",2040,98922.32330547622,80816.20989463113,116781.45299154372
9375,"      Regensburg, Landkreis",2025,198446.0250219204,197117.9743375733,199749.5156478716
9375,"      Regensburg, Landkreis",2026,200722.4562746898,196435.8997959401,204941.9969854239
9375,"      Regensburg, Landkreis",2027,202998.8875274592,194997.0586377236,211083.190606412
9375,"      Regensburg, Landkreis",2028,205281.5555781814,192844.92406119863,218049.59442931472
9375,"      Regensburg, Landkreis",2029,207557.9868309508,189552.56105478885,226034.27100398668
9375,"      Regensburg, Landkreis",2030,209834.41808372017,186050.197697763,235069.22649152172
9375,"      Regensburg, Landkreis",2031,212110.8493364896,181996.0413861141,244633.3473283373
9375,"      Regensburg, Landkreis",2032,214393.5173872118,177859.97083869658,253286.2065432316
9375,"      Regensburg, Landkreis",2033,216669.9486399812,172548.17855031457,263379.437034898
9375,"      Regensburg, Landkreis",2034,218946.37989275056,167757.0296874984,274504.8123661385
9375,"      Regensburg, Landkreis",2035,221222.81114552,161972.03564125497,285603.6718802373
9375,"      Regensburg, Landkreis",2036,223505.4791962422,156538.55090434325,297240.0228753933
9375,"      Regensburg, Landkreis",2037,225781.9104490116,150631.75825249433,308943.26936955645
9375,"      Regensburg, Landkreis",2038,228058.34170178097,144579.54640319623,322026.7859089407
9375,"      Regensburg, Landkreis",2039,230334.7729545504,138675.02381860127,335101.0151746331
9375,"      Regensburg, Landkreis",2040,232617.4410052726,132329.53973451324,346414.4000563428
9376,"      Schwandorf, Landkreis",2025,149992.84125916552,149441.54083541303,150479.6361506285
9376,"      Schwandorf, Landkreis",2026,150656.58310542547,148884.33350521582,152245.86087528046
9376,"      Schwandorf, Landkreis",2027,151320.3249516854,147866.08756585934,154337.14576566571
9376,"      Schwandorf, Landkreis",2028,151985.885268757,146834.47921837532,156877.73414263947
9376,"      Schwandorf, Landkreis",2029,152649.62711501692,145284.46998839703,159723.25822706972
9376,"      Schwandorf, Landkreis",2030,153313.36896127686,143718.28114475546,162612.69958999183
9376,"      Schwandorf, Landkreis",2031,153977.1108075368,142370.15917593977,165845.5786705936
9376,"      Schwandorf, Landkreis",2032,154642.6711246084,140090.91552305035,169448.45750849773
9376,"      Schwandorf, Landkreis",2033,155306.41297086832,138239.32892214402,172421.3388879613
9376,"      Schwandorf, Landkreis",2034,155970.15481712826,136144.35444673515,176088.11767172837
9376,"      Schwandorf, Landkreis",2035,156633.89666338818,133361.40495089357,179611.46695765937
9376,"      Schwandorf, Landkreis",2036,157299.4569804598,130463.0045740205,183758.4150727945
9376,"      Schwandorf, Landkreis",2037,157963.19882671974,127592.9831174282,187841.34172074017
9376,"      Schwandorf, Landkreis",2038,158626.94067297966,125744.87400487486,191806.2699544487
9376,"      Schwandorf, Landkreis",2039,159290.68251923958,123023.18105881946,196458.49053570096
9376,"      Schwandorf, Landkreis",2040,159956.2428363112,119361.864955169,201535.73431163645
9377,"      Tirschenreuth, Landkreis",2025,72097.69811514798,71810.27434451295,72417.10372748633
9377,"      Tirschenreuth, Landkreis",2026,71928.80121659815,71083.68597335689,72881.59153975213
9377,"      Tirschenreuth, Landkreis",2027,71759.90431804831,70087.87928166275,73491.7644916122
9377,"      Tirschenreuth, Landkreis",2028,71590.54468826958,68821.4845829191,74400.2756133697
9377,"      Tirschenreuth, Landkreis",2029,71421.64778971975,67635.90602259198,75370.32733641524
9377,"      Tirschenreuth, Landkreis",2030,71252.75089116991,66367.64415813706,76523.2726346732
9377,"      Tirschenreuth, Landkreis",2031,71083.85399262008,64899.5035444419,77708.21149847035
9377,"      Tirschenreuth, Landkreis",2032,70914.49436284135,63486.385642017376,79138.70665145475
9377,"      Tirschenreuth, Landkreis",2033,70745.59746429151,61517.52575016664,80687.66433717575
9377,"      Tirschenreuth, Landkreis",2034,70576.70056574169,59689.29543266746,82038.50722209098
9377,"      Tirschenreuth, Landkreis",2035,70407.80366719185,58039.38025622606,83826.8962927008
9377,"      Tirschenreuth, Landkreis",2036,70238.44403741311,56112.29507192594,85772.01853219545
9377,"      Tirschenreuth, Landkreis",2037,70069.54713886329,53782.3047910052,88078.56902764335
9377,"      Tirschenreuth, Landkreis",2038,69900.65024031345,51148.929440827495,89452.52322625431
9377,"      Tirschenreuth, Landkreis",2039,69731.75334176362,48622.05303397588,91995.46447166854
9377,"      Tirschenreuth, Landkreis",2040,69562.39371198489,46140.62262553472,94328.05461453822
9461,"      Bamberg, kreisfreie Stadt",2025,75810.71808225264,74568.97314873191,77131.61360085409
9461,"      Bamberg, kreisfreie Stadt",2026,75624.92012272973,74301.85711171565,77069.79772021662
9461,"      Bamberg, kreisfreie Stadt",2027,75439.12216320683,74073.10630869123,76881.54029802466
9461,"      Bamberg, kreisfreie Stadt",2028,75252.8151681784,73515.32911466119,76970.36327446191
9461,"      Bamberg, kreisfreie Stadt",2029,75067.0172086555,73029.64210280325,77076.77511423448
9461,"      Bamberg, kreisfreie Stadt",2030,74881.2192491326,72600.65731034121,77121.84913283339
9461,"      Bamberg, kreisfreie Stadt",2031,74695.4212896097,72243.8076432136,77414.44138743979
9461,"      Bamberg, kreisfreie Stadt",2032,74509.11429458126,71361.79113246017,77675.72075289169
9461,"      Bamberg, kreisfreie Stadt",2033,74323.31633505835,70598.42032470595,78314.06360454467
9461,"      Bamberg, kreisfreie Stadt",2034,74137.51837553545,69969.84821083183,78410.6695368992
9461,"      Bamberg, kreisfreie Stadt",2035,73951.72041601255,69278.2731801721,78992.98618737595
9461,"      Bamberg, kreisfreie Stadt",2036,73765.41342098411,68571.6143276434,79469.68855193564
9461,"      Bamberg, kreisfreie Stadt",2037,73579.61546146122,67424.67200034524,80245.37540011344
9461,"      Bamberg, kreisfreie Stadt",2038,73393.81750193832,66430.19573629875,80603.7075390954
9461,"      Bamberg, kreisfreie Stadt",2039,73208.01954241542,66101.14015294542,81200.58265015726
9461,"      Bamberg, kreisfreie Stadt",2040,73021.71254738698,64914.48059581042,81822.50458612635
9462,"      Bayreuth, kreisfreie Stadt",2025,73137.5714830512,72765.24514660216,73525.1577152258
9462,"      Bayreuth, kreisfreie Stadt",2026,73255.7327959777,72126.88825076446,74488.44990447968
9462,"      Bayreuth, kreisfreie Stadt",2027,73373.8941089042,70993.2903173023,75798.47026816012
9462,"      Bayreuth, kreisfreie Stadt",2028,73492.37915145517,69890.49055699837,77537.75351549807
9462,"      Bayreuth, kreisfreie Stadt",2029,73610.54046438167,68448.24264731319,78917.91057740744
9462,"      Bayreuth, kreisfreie Stadt",2030,73728.70177730818,66601.23941176043,80854.10827367054
9462,"      Bayreuth, kreisfreie Stadt",2031,73846.86309023468,64413.099774169736,82965.03036509128
9462,"      Bayreuth, kreisfreie Stadt",2032,73965.34813278564,62061.29823978629,84984.80015927815
9462,"      Bayreuth, kreisfreie Stadt",2033,74083.50944571214,59849.20514219005,87250.96413585763
9462,"      Bayreuth, kreisfreie Stadt",2034,74201.67075863865,57449.48973535044,89868.2353229641
9462,"      Bayreuth, kreisfreie Stadt",2035,74319.83207156515,55041.1156562158,92510.99424069589
9462,"      Bayreuth, kreisfreie Stadt",2036,74438.31711411611,52537.89473246946,94730.52280630892
9462,"      Bayreuth, kreisfreie Stadt",2037,74556.47842704262,49859.042110506896,98014.13410430858
9462,"      Bayreuth, kreisfreie Stadt",2038,74674.63973996913,47272.20026957643,100804.44399300384
9462,"      Bayreuth, kreisfreie Stadt",2039,74792.80105289562,45147.6173260004,103665.35142689174
9462,"      Bayreuth, kreisfreie Stadt",2040,74911.28609544659,42281.04979902816,106262.97706366144
9463,"      Coburg, kreisfreie Stadt",2025,41305.654718650825,41108.42551314125,41490.659014868535
9463,"      Coburg, kreisfreie Stadt",2026,41526.339754103166,40918.12586368228,42139.92077145456
9463,"      Coburg, kreisfreie Stadt",2027,41747.0247895555,40558.82868955715,42904.42747839747
9463,"      Coburg, kreisfreie Stadt",2028,41968.31444154332,40101.480677396205,43873.03156832935
9463,"      Coburg, kreisfreie Stadt",2029,42188.99947699567,39520.46005333946,44838.863633529225
9463,"      Coburg, kreisfreie Stadt",2030,42409.684512448,38712.725500484696,46001.0121529808
9463,"      Coburg, kreisfreie Stadt",2031,42630.36954790034,37930.496620566926,47122.20748621933
9463,"      Coburg, kreisfreie Stadt",2032,42851.65919988816,37047.50271986226,48472.32388645065
9463,"      Coburg, kreisfreie Stadt",2033,43072.3442353405,35848.63216216391,49866.46746995891
9463,"      Coburg, kreisfreie Stadt",2034,43293.02927079284,35130.78494543264,51353.03201970126
9463,"      Coburg, kreisfreie Stadt",2035,43513.71430624517,33787.5211097368,52722.12106662147
9463,"      Coburg, kreisfreie Stadt",2036,43735.00395823301,32605.09180508474,54239.49846870471
9463,"      Coburg, kreisfreie Stadt",2037,43955.68899368534,31436.63176207236,55726.66873694349
9463,"      Coburg, kreisfreie Stadt",2038,44176.37402913768,30019.140790183337,57326.064406725
9463,"      Coburg, kreisfreie Stadt",2039,44397.059064590016,28783.54759420876,58979.16558126435
9463,"      Coburg, kreisfreie Stadt",2040,44618.34871657784,27407.435168249816,60770.04008245641
9464,"      Hof, kreisfreie Stadt",2025,47097.93402200512,46748.06861988603,47518.56502402059
9464,"      Hof, kreisfreie Stadt",2026,47411.14900693566,46271.03781944272,48706.73333828492
9464,"      Hof, kreisfreie Stadt",2027,47724.363991866194,45419.74403869358,50305.76394527985
9464,"      Hof, kreisfreie Stadt",2028,48038.43710004312,44258.40458167372,52051.0382589647
9464,"      Hof, kreisfreie Stadt",2029,48351.65208497366,43120.62003238589,53999.19988738253
9464,"      Hof, kreisfreie Stadt",2030,48664.8670699042,41664.545581393446,56229.87178937064
9464,"      Hof, kreisfreie Stadt",2031,48978.08205483473,40144.66681929832,58551.72109712793
9464,"      Hof, kreisfreie Stadt",2032,49292.15516301165,38256.831977824,60759.36766966417
9464,"      Hof, kreisfreie Stadt",2033,49605.3701479422,35992.76808139123,63223.13640881433
9464,"      Hof, kreisfreie Stadt",2034,49918.58513287273,33516.5531416559,65879.11787726633
9464,"      Hof, kreisfreie Stadt",2035,50231.80011780328,31406.566735941025,69047.46272595038
9464,"      Hof, kreisfreie Stadt",2036,50545.8732259802,29039.70689187164,72198.67394889238
9464,"      Hof, kreisfreie Stadt",2037,50859.08821091073,27232.26256044071,75332.6257010658
9464,"      Hof, kreisfreie Stadt",2038,51172.30319584128,25080.793670942003,78281.75448086517
9464,"      Hof, kreisfreie Stadt",2039,51485.51818077181,22762.64323976984,81511.31611528026
9464,"      Hof, kreisfreie Stadt",2040,51799.59128894874,20249.69104925496,84478.43669257354
9471,"      Bamberg, Landkreis",2025,148144.40726702372,147940.86691452243,148358.33015362849
9471,"      Bamberg, Landkreis",2026,148365.34019242972,148009.48073020592,148749.83910281106
9471,"      Bamberg, Landkreis",2027,148586.2731178357,147888.98962201815,149265.48579049265
9471,"      Bamberg, Landkreis",2028,148807.8113389277,147760.98792719704,149869.67764055775
9471,"      Bamberg, Landkreis",2029,149028.7442643337,147500.82365515394,150547.3280096334
9471,"      Bamberg, Landkreis",2030,149249.67718973968,147240.84280377804,151251.77593919105
9471,"      Bamberg, Landkreis",2031,149470.61011514568,146979.71651881776,152036.4196683065
9471,"      Bamberg, Landkreis",2032,149692.14833623773,146590.49786537935,152782.415585903
9471,"      Bamberg, Landkreis",2033,149913.0812616437,146241.1189641133,153477.0280853242
9471,"      Bamberg, Landkreis",2034,150134.0141870497,146039.5021592729,154347.01286911042
9471,"      Bamberg, Landkreis",2035,150354.94711245567,145655.46204458812,155133.19418719725
9471,"      Bamberg, Landkreis",2036,150576.4853335477,145123.83524659643,156177.12135079192
9471,"      Bamberg, Landkreis",2037,150797.4182589537,144861.96818302883,157174.80153707872
9471,"      Bamberg, Landkreis",2038,151018.3511843597,144484.63392304207,158204.25247955078
9471,"      Bamberg, Landkreis",2039,151239.2841097657,143913.3887899145,159326.7633059883
9471,"      Bamberg, Landkreis",2040,151460.82233085769,143222.93367495982,160269.65555372738
9472,"      Bayreuth, Landkreis",2025,103302.31950507124,103159.04256600776,103457.6382239995
9472,"      Bayreuth, Landkreis",2026,103354.64051945665,102925.34217635216,103848.40661045052
9472,"      Bayreuth, Landkreis",2027,103406.96153384204,102509.37733118227,104354.61290399286
9472,"      Bayreuth, Landkreis",2028,103459.42589347232,101934.17755799492,104957.91689176892
9472,"      Bayreuth, Landkreis",2029,103511.74690785773,101327.2355895738,105640.4796155946
9472,"      Bayreuth, Landkreis",2030,103564.06792224312,100717.63212556735,106485.00522834354
9472,"      Bayreuth, Landkreis",2031,103616.38893662851,100021.9281259438,107243.94151128834
9472,"      Bayreuth, Landkreis",2032,103668.8532962588,99135.80819044755,108096.44769682166
9472,"      Bayreuth, Landkreis",2033,103721.17431064422,98276.04746166564,108846.25739512042
9472,"      Bayreuth, Landkreis",2034,103773.4953250296,97327.63493731523,109713.90585218382
9472,"      Bayreuth, Landkreis",2035,103825.81633941502,96424.50799254434,110859.58622941365
9472,"      Bayreuth, Landkreis",2036,103878.28069904532,95387.47903724956,112171.3834100073
9472,"      Bayreuth, Landkreis",2037,103930.6017134307,94410.36913146487,113395.24678430744
9472,"      Bayreuth, Landkreis",2038,103982.92272781613,93408.05752807432,114593.57379714063
9472,"      Bayreuth, Landkreis",2039,104035.2437422015,92192.5644708489,116055.7351628357
9472,"      Bayreuth, Landkreis",2040,104087.7081018318,91012.56915344686,117411.61744782436
9473,"      Coburg, Landkreis",2025,84564.9275604633,84086.29285057461,85057.10399936141
9473,"      Coburg, Landkreis",2026,84625.56221697819,83120.21297668347,86122.4982611191
9473,"      Coburg, Landkreis",2027,84686.19687349307,81823.02737154145,87777.03677229279
9473,"      Coburg, Landkreis",2028,84746.99765235456,80188.2486748586,89710.63824220058
9473,"      Coburg, Landkreis",2029,84807.63230886945,78628.95921957532,91499.48882219408
9473,"      Coburg, Landkreis",2030,84868.26696538433,76696.81567818564,93928.45524910254
9473,"      Coburg, Landkreis",2031,84928.90162189922,74130.30117519361,96336.07873410304
9473,"      Coburg, Landkreis",2032,84989.70240076071,71833.1888798885,98712.15086247484
9473,"      Coburg, Landkreis",2033,85050.3370572756,69322.38856275617,101281.61768692234
9473,"      Coburg, Landkreis",2034,85110.97171379048,66752.13949666776,103865.24070259952
9473,"      Coburg, Landkreis",2035,85171.60637030535,63806.49731078629,107268.9047628479
9473,"      Coburg, Landkreis",2036,85232.40714916686,60728.24454894971,110159.95366111703
9473,"      Coburg, Landkreis",2037,85293.04180568174,56277.27613988464,113718.25481050344
9473,"      Coburg, Landkreis",2038,85353.67646219661,52486.15124592948,117245.03930092412
9473,"      Coburg, Landkreis",2039,85414.3111187115,49021.57625336713,120670.4161480351
9473,"      Coburg, Landkreis",2040,85475.111897573,46116.78398755485,124036.69220043215
9474,"      Forchheim, Landkreis",2025,116642.34850255772,116332.73303041037,116962.59066177047
9474,"      Forchheim, Landkreis",2026,116967.29880310677,116080.74589724798,117838.98642733844
9474,"      Forchheim, Landkreis",2027,117292.24910365576,115639.3231200751,118941.3820882548
9474,"      Forchheim, Landkreis",2028,117618.0896790008,115174.9112735804,120165.3344923945
9474,"      Forchheim, Landkreis",2029,117943.03997954982,114513.81228163964,121452.8672426502
9474,"      Forchheim, Landkreis",2030,118267.99028009883,113553.98668609207,122856.18638568884
9474,"      Forchheim, Landkreis",2031,118592.94058064786,112603.58337793036,124288.24084374782
9474,"      Forchheim, Landkreis",2032,118918.78115599293,111562.18961151518,125984.87004570944
9474,"      Forchheim, Landkreis",2033,119243.73145654194,110401.12670434844,127630.81751368336
9474,"      Forchheim, Landkreis",2034,119568.68175709096,109178.03668613304,129800.57295118684
9474,"      Forchheim, Landkreis",2035,119893.63205763996,107913.14595069578,131910.33769266176
9474,"      Forchheim, Landkreis",2036,120219.472632985,106345.73347261029,133652.39342693868
9474,"      Forchheim, Landkreis",2037,120544.42293353404,104618.371250342,135783.7931670929
9474,"      Forchheim, Landkreis",2038,120869.37323408306,102877.65182226968,138095.80265355372
9474,"      Forchheim, Landkreis",2039,121194.32353463206,101075.56817595592,140199.8671464229
9474,"      Forchheim, Landkreis",2040,121520.1641099771,99402.2697083895,142646.3739143614
9475,"      Hof, Landkreis",2025,91871.81100873086,91625.59999983144,92097.4189147494
9475,"      Hof, Landkreis",2026,91512.20114984237,90753.43096367372,92226.11365733483
9475,"      Hof, Landkreis",2027,91152.59129095386,89746.87400035579,92440.79581763184
9475,"      Hof, Landkreis",2028,90791.99619957524,88567.27483532512,92849.85663815652
9475,"      Hof, Landkreis",2029,90432.38634068676,87239.55265916842,93246.75558826212
9475,"      Hof, Landkreis",2030,90072.77648179828,85809.84905417394,93837.33598910106
9475,"      Hof, Landkreis",2031,89713.16662290976,84503.28586780123,94585.52095693386
9475,"      Hof, Landkreis",2032,89352.57153153115,82978.75856722593,95356.26904009136
9475,"      Hof, Landkreis",2033,88992.96167264266,81313.2443007445,96238.09458502832
9475,"      Hof, Landkreis",2034,88633.35181375417,79620.95227336316,96909.19135718228
9475,"      Hof, Landkreis",2035,88273.74195486566,77521.20300567025,97834.81923909686
9475,"      Hof, Landkreis",2036,87913.14686348705,75964.64009820523,99145.69520418896
9475,"      Hof, Landkreis",2037,87553.53700459856,73944.89114352682,100119.63084847202
9475,"      Hof, Landkreis",2038,87193.92714571007,72051.57191021113,101509.88679276514
9475,"      Hof, Landkreis",2039,86834.31728682156,69998.68573545731,102569.67055342694
9475,"      Hof, Landkreis",2040,86473.72219544296,67916.81009638526,103915.6169732814
9476,"      Kronach, Landkreis",2025,64321.67832436557,64164.63118502279,64492.31034897947
9476,"      Kronach, Landkreis",2026,64040.21447315635,63551.364312575104,64564.262621119866
9476,"      Kronach, Landkreis",2027,63758.75062194713,62852.6205688545,64767.68402001188
9476,"      Kronach, Landkreis",2028,63476.515636898985,62013.820135687,65075.30789893863
9476,"      Kronach, Landkreis",2029,63195.05178568977,61135.63366338197,65487.12999932365
9476,"      Kronach, Landkreis",2030,62913.58793448056,60232.09753317126,65998.22420743873
9476,"      Kronach, Landkreis",2031,62632.12408327135,59214.556762378656,66472.58402022284
9476,"      Kronach, Landkreis",2032,62349.8890982232,58088.15353622445,66987.78255527152
9476,"      Kronach, Landkreis",2033,62068.425247013976,56748.04220536896,67728.76595928118
9476,"      Kronach, Landkreis",2034,61786.96139580476,55511.70839045662,68288.11442412349
9476,"      Kronach, Landkreis",2035,61505.49754459554,54239.936942615466,69007.44284463208
9476,"      Kronach, Landkreis",2036,61223.2625595474,52831.37932167507,69718.2642467268
9476,"      Kronach, Landkreis",2037,60941.798708338174,51568.13168471453,70621.06486188606
9476,"      Kronach, Landkreis",2038,60660.33485712896,50272.55179619596,71635.47434550621
9476,"      Kronach, Landkreis",2039,60378.87100591975,49029.84385387956,72356.68999831156
9476,"      Kronach, Landkreis",2040,60096.6360208716,47395.608032016295,73199.67750086985
9477,"      Kulmbach, Landkreis",2025,71680.85973941494,71549.28214549589,71814.38916116254
9477,"      Kulmbach, Landkreis",2026,71741.04860526336,71445.88202892676,72061.11260165185
9477,"      Kulmbach, Landkreis",2027,71801.23747111179,71253.49897251156,72374.5891927421
9477,"      Kulmbach, Landkreis",2028,71861.59123796254,71045.27764274523,72732.16350164692
9477,"      Kulmbach, Landkreis",2029,71921.78010381096,70718.49766121463,73162.40895176066
9477,"      Kulmbach, Landkreis",2030,71981.9689696594,70244.60066168927,73698.09729870466
9477,"      Kulmbach, Landkreis",2031,72042.15783550781,69812.39897444105,74216.53939178135
9477,"      Kulmbach, Landkreis",2032,72102.51160235856,69347.60326987517,74750.33280958312
9477,"      Kulmbach, Landkreis",2033,72162.700468207,68924.79076713024,75381.62574199309
9477,"      Kulmbach, Landkreis",2034,72222.8893340554,68387.74423539243,76052.46897501212
9477,"      Kulmbach, Landkreis",2035,72283.07819990384,67868.06621056516,76812.66220491042
9477,"      Kulmbach, Landkreis",2036,72343.4319667546,67161.1839108054,77494.09288396483
9477,"      Kulmbach, Landkreis",2037,72403.62083260302,66429.01603752006,78202.12431478815
9477,"      Kulmbach, Landkreis",2038,72463.80969845144,65714.90470010004,79061.69371708632
9477,"      Kulmbach, Landkreis",2039,72523.99856429987,65075.439213563615,79820.56989348445
9477,"      Kulmbach, Landkreis",2040,72584.35233115061,64367.569604246746,80776.3870793178
9478,"      Lichtenfels, Landkreis",2025,67472.80338886811,67290.38166028181,67680.09014320087
9478,"      Lichtenfels, Landkreis",2026,67454.73485673696,66940.06502083366,68005.21800451205
9478,"      Lichtenfels, Landkreis",2027,67436.66632460583,66392.38149507217,68506.87136046612
9478,"      Lichtenfels, Landkreis",2028,67418.54828964693,65685.07958526695,69093.64943457734
9478,"      Lichtenfels, Landkreis",2029,67400.4797575158,65022.01868563148,69723.86672238895
9478,"      Lichtenfels, Landkreis",2030,67382.41122538465,64300.36032777093,70387.89889795471
9478,"      Lichtenfels, Landkreis",2031,67364.34269325352,63459.05265682415,71123.54594613542
9478,"      Lichtenfels, Landkreis",2032,67346.22465829462,62605.84658485416,71804.06068538124
9478,"      Lichtenfels, Landkreis",2033,67328.15612616348,61879.60695822551,72785.15289827927
9478,"      Lichtenfels, Landkreis",2034,67310.08759403235,60907.820833070014,73680.64840034276
9478,"      Lichtenfels, Landkreis",2035,67292.0190619012,59864.32392481408,74929.33169922928
9478,"      Lichtenfels, Landkreis",2036,67273.90102694232,58809.164367999074,75874.75880677697
9478,"      Lichtenfels, Landkreis",2037,67255.83249481117,57480.92874040465,77158.47094732347
9478,"      Lichtenfels, Landkreis",2038,67237.76396268004,56226.02035416547,78605.80865126767
9478,"      Lichtenfels, Landkreis",2039,67219.69543054889,54852.34244517531,79880.14986428859
9478,"      Lichtenfels, Landkreis",2040,67201.57739559,53735.91561914822,81287.74068199171
9479,"      Wunsiedel i.Fichtelgebirge, Landkreis",2025,70402.69863653475,70263.36339999612,70563.19219194708
9479,"      Wunsiedel i.Fichtelgebirge, Landkreis",2026,70192.40728113266,69754.81632893503,70647.19669826429
9479,"      Wunsiedel i.Fichtelgebirge, Landkreis",2027,69982.11592573057,69076.93488164926,70812.46195454714
9479,"      Wunsiedel i.Fichtelgebirge, Landkreis",2028,69771.24842962874,68366.97827468491,71115.72452727363
9479,"      Wunsiedel i.Fichtelgebirge, Landkreis",2029,69560.95707422667,67627.8376246032,71469.9719240311
9479,"      Wunsiedel i.Fichtelgebirge, Landkreis",2030,69350.66571882457,66757.3136353627,71937.67274197967
9479,"      Wunsiedel i.Fichtelgebirge, Landkreis",2031,69140.37436342248,65851.66620934856,72460.43815316602
9479,"      Wunsiedel i.Fichtelgebirge, Landkreis",2032,68929.50686732067,64827.62403402518,72969.53038106608
9479,"      Wunsiedel i.Fichtelgebirge, Landkreis",2033,68719.21551191856,63770.69247081408,73408.22739172034
9479,"      Wunsiedel i.Fichtelgebirge, Landkreis",2034,68508.92415651648,62696.31472954279,73975.41339767186
9479,"      Wunsiedel i.Fichtelgebirge, Landkreis",2035,68298.63280111439,61498.369320994,74732.2466346624
9479,"      Wunsiedel i.Fichtelgebirge, Landkreis",2036,68087.76530501257,60398.94634154733,75493.22742768533
9479,"      Wunsiedel i.Fichtelgebirge, Landkreis",2037,67877.47394961047,59180.13733392531,76229.75263825973
9479,"      Wunsiedel i.Fichtelgebirge, Landkreis",2038,67667.1825942084,57906.12545244348,76872.59224021525
9479,"      Wunsiedel i.Fichtelgebirge, Landkreis",2039,67456.8912388063,56611.12883707918,77675.5120083183
9479,"      Wunsiedel i.Fichtelgebirge, Landkreis",2040,67246.02374270448,55506.35664023413,78568.47493728483
9561,"      Ansbach, kreisfreie Stadt",2025,39823.60297092345,39149.49435500437,40500.29642457528
9561,"      Ansbach, kreisfreie Stadt",2026,39530.95650267119,38813.76759339501,40235.4242315632
9561,"      Ansbach, kreisfreie Stadt",2027,39238.31003441892,38477.15986696085,39912.0023827928
9561,"      Ansbach, kreisfreie Stadt",2028,38944.86179502076,38191.06416277656,39740.22496634297
9561,"      Ansbach, kreisfreie Stadt",2029,38652.2153267685,37852.22370618428,39493.65217518398
9561,"      Ansbach, kreisfreie Stadt",2030,38359.56885851624,37427.60473500789,39290.89518440427
9561,"      Ansbach, kreisfreie Stadt",2031,38066.92239026397,37057.10961018627,39020.93277332309
9561,"      Ansbach, kreisfreie Stadt",2032,37773.47415086581,36769.8525579685,38841.91213692584
9561,"      Ansbach, kreisfreie Stadt",2033,37480.82768261356,36211.045936029375,38763.742928866974
9561,"      Ansbach, kreisfreie Stadt",2034,37188.18121436129,35857.88768230158,38579.7603684994
9561,"      Ansbach, kreisfreie Stadt",2035,36895.53474610903,35378.22727936945,38452.432996921496
9561,"      Ansbach, kreisfreie Stadt",2036,36602.08650671088,34993.14142435305,38378.6606138553
9561,"      Ansbach, kreisfreie Stadt",2037,36309.44003845861,34404.675876919915,38337.97338787437
9561,"      Ansbach, kreisfreie Stadt",2038,36016.79357020635,34028.71006060274,38221.433456042985
9561,"      Ansbach, kreisfreie Stadt",2039,35724.147101954084,33461.93635176878,38146.11650661094
9561,"      Ansbach, kreisfreie Stadt",2040,35430.698862555924,32959.557015298626,38145.43813413823
9562,"      Erlangen, kreisfreie Stadt",2025,117035.68019745118,116695.55208528184,117340.5613682432
9562,"      Erlangen, kreisfreie Stadt",2026,118023.99206782247,117098.63390802123,118935.48143296334
9562,"      Erlangen, kreisfreie Stadt",2027,119012.3039381938,117304.6902414732,120806.1715763495
9562,"      Erlangen, kreisfreie Stadt",2028,120003.32351231956,117349.180428882,122797.0071936723
9562,"      Erlangen, kreisfreie Stadt",2029,120991.63538269087,117050.01851222877,124952.79195174828
9562,"      Erlangen, kreisfreie Stadt",2030,121979.9472530622,116498.60332235676,127191.168772894
9562,"      Erlangen, kreisfreie Stadt",2031,122968.25912343353,116164.87944023596,129642.9474091297
9562,"      Erlangen, kreisfreie Stadt",2032,123959.27869755928,115569.64443694486,132212.79190088663
9562,"      Erlangen, kreisfreie Stadt",2033,124947.5905679306,114742.83651169144,134662.42806455825
9562,"      Erlangen, kreisfreie Stadt",2034,125935.90243830191,114081.97396063012,137263.85004038975
9562,"      Erlangen, kreisfreie Stadt",2035,126924.21430867324,113061.6418945305,139954.586387175
9562,"      Erlangen, kreisfreie Stadt",2036,127915.233882799,112159.73702608992,143328.2164439655
9562,"      Erlangen, kreisfreie Stadt",2037,128903.5457531703,111170.66999789476,146666.21950736424
9562,"      Erlangen, kreisfreie Stadt",2038,129891.85762354164,110239.790601699,149761.5761662562
9562,"      Erlangen, kreisfreie Stadt",2039,130880.16949391294,108905.66154443038,152685.9701578764
9562,"      Erlangen, kreisfreie Stadt",2040,131871.1890680387,107608.41721055449,155898.71112182832
9563,"      Fürth, kreisfreie Stadt",2025,132583.91278422464,132129.13679121953,133151.5037939219
9563,"      Fürth, kreisfreie Stadt",2026,133074.9234317517,131562.82558476325,134921.43965022056
9563,"      Fürth, kreisfreie Stadt",2027,133565.9340792788,130441.64529209337,137149.72895650275
9563,"      Fürth, kreisfreie Stadt",2028,134058.2899614566,129068.3614006544,139632.16812237515
9563,"      Fürth, kreisfreie Stadt",2029,134549.30060898373,127163.9915133809,142183.34904477609
9563,"      Fürth, kreisfreie Stadt",2030,135040.3112565108,125430.363892044,144958.74181519976
9563,"      Fürth, kreisfreie Stadt",2031,135531.32190403788,123474.76048046174,147967.07734462086
9563,"      Fürth, kreisfreie Stadt",2032,136023.6777862157,121000.50874073524,151466.2971446063
9563,"      Fürth, kreisfreie Stadt",2033,136514.6884337428,117962.51744024668,155177.3245439142
9563,"      Fürth, kreisfreie Stadt",2034,137005.69908126985,115458.62809723016,158631.8355042651
9563,"      Fürth, kreisfreie Stadt",2035,137496.70972879697,112570.68030094708,162896.1424348889
9563,"      Fürth, kreisfreie Stadt",2036,137989.06561097477,110092.56370014288,166492.27063595736
9563,"      Fürth, kreisfreie Stadt",2037,138480.07625850188,106546.2847183626,170616.78407581127
9563,"      Fürth, kreisfreie Stadt",2038,138971.08690602894,103096.86781582162,175679.14238403956
9563,"      Fürth, kreisfreie Stadt",2039,139462.09755355603,99419.65935882623,180291.53511682563
9563,"      Fürth, kreisfreie Stadt",2040,139954.45343573386,95772.02341915685,185049.42910804585
9564,"      Nürnberg, kreisfreie Stadt",2025,532387.3819602411,528658.78727078,536053.4403329439
9564,"      Nürnberg, kreisfreie Stadt",2026,535270.4418530319,522367.54377002193,547771.0807160178
9564,"      Nürnberg, kreisfreie Stadt",2027,538153.5017458227,513195.1722534433,561888.3267826709
9564,"      Nürnberg, kreisfreie Stadt",2028,541044.4604328403,501580.3555075254,578642.2423758627
9564,"      Nürnberg, kreisfreie Stadt",2029,543927.5203256311,489330.0049980325,595167.6921489412
9564,"      Nürnberg, kreisfreie Stadt",2030,546810.5802184219,475778.6390080847,616636.2758450479
9564,"      Nürnberg, kreisfreie Stadt",2031,549693.6401112127,459530.87825681816,636720.7878377215
9564,"      Nürnberg, kreisfreie Stadt",2032,552584.5987982303,441980.0105286334,659902.851487001
9564,"      Nürnberg, kreisfreie Stadt",2033,555467.6586910211,424028.4327203077,687873.7008858706
9564,"      Nürnberg, kreisfreie Stadt",2034,558350.7185838119,404824.49265020975,712076.7021715388
9564,"      Nürnberg, kreisfreie Stadt",2035,561233.7784766027,385794.6562178632,736368.310194268
9564,"      Nürnberg, kreisfreie Stadt",2036,564124.7371636203,369440.1462492931,766405.4574600135
9564,"      Nürnberg, kreisfreie Stadt",2037,567007.7970564112,346364.44472096884,792282.254728263
9564,"      Nürnberg, kreisfreie Stadt",2038,569890.8569492019,321511.86406754266,824754.9808034091
9564,"      Nürnberg, kreisfreie Stadt",2039,572773.9168419926,299431.95342670067,856898.6579146405
9564,"      Nürnberg, kreisfreie Stadt",2040,575664.8755290103,273469.9782357423,889881.6776403165
9565,"      Schwabach, kreisfreie Stadt",2025,40879.8947895804,40778.71430862505,40983.28853825185
9565,"      Schwabach, kreisfreie Stadt",2026,40876.34952938521,40615.64620466231,41147.08262536959
9565,"      Schwabach, kreisfreie Stadt",2027,40872.80426919003,40354.36946865657,41391.348116597735
9565,"      Schwabach, kreisfreie Stadt",2028,40869.24929595321,40042.334077480606,41672.86165698167
9565,"      Schwabach, kreisfreie Stadt",2029,40865.704035758026,39770.41854997046,42015.159472000894
9565,"      Schwabach, kreisfreie Stadt",2030,40862.15877556284,39327.6474792218,42415.233188975646
9565,"      Schwabach, kreisfreie Stadt",2031,40858.61351536765,38855.4960957221,42828.490677239286
9565,"      Schwabach, kreisfreie Stadt",2032,40855.05854213084,38411.30562971154,43285.93536595453
9565,"      Schwabach, kreisfreie Stadt",2033,40851.51328193565,37996.025601935085,43744.757839380094
9565,"      Schwabach, kreisfreie Stadt",2034,40847.96802174046,37522.54823650766,44246.02814237207
9565,"      Schwabach, kreisfreie Stadt",2035,40844.42276154528,36949.591362363535,44697.36588768369
9565,"      Schwabach, kreisfreie Stadt",2036,40840.86778830846,36250.15504355208,45285.93613155067
9565,"      Schwabach, kreisfreie Stadt",2037,40837.32252811328,35756.54506427025,45893.92972952366
9565,"      Schwabach, kreisfreie Stadt",2038,40833.777267918085,35177.09032354305,46612.94699377941
9565,"      Schwabach, kreisfreie Stadt",2039,40830.2320077229,34595.84986198793,47248.9442017932
9565,"      Schwabach, kreisfreie Stadt",2040,40826.677034486085,33824.76355977941,47957.77775716352
9571,"      Ansbach, Landkreis",2025,188365.3653274864,188156.08116970683,188562.3451609952
9571,"      Ansbach, Landkreis",2026,188989.51071716336,188419.50694442497,189530.15200735736
9571,"      Ansbach, Landkreis",2027,189613.65610684032,188535.5331685905,190668.5294398541
9571,"      Ansbach, Landkreis",2028,190239.5114838864,188572.802808888,191969.8998861718
9571,"      Ansbach, Landkreis",2029,190863.65687356333,188501.0471457136,193245.037249666
9571,"      Ansbach, Landkreis",2030,191487.8022632403,188280.69630982765,194591.9476762688
9571,"      Ansbach, Landkreis",2031,192111.9476529173,188037.2926363609,196059.5489257876
9571,"      Ansbach, Landkreis",2032,192737.80302996328,187644.97983302988,197778.5218712713
9571,"      Ansbach, Landkreis",2033,193361.94841964028,187378.1290124484,199200.3667950603
9571,"      Ansbach, Landkreis",2034,193986.09380931727,186796.952522312,200880.29349015973
9571,"      Ansbach, Landkreis",2035,194610.2391989943,186521.8634204289,202665.3144476817
9571,"      Ansbach, Landkreis",2036,195236.09457604025,185946.13893300053,204373.69432221085
9571,"      Ansbach, Landkreis",2037,195860.23996571725,185372.94600271707,206306.560096156
9571,"      Ansbach, Landkreis",2038,196484.38535539425,184623.40874637305,208118.431558196
9571,"      Ansbach, Landkreis",2039,197108.53074507127,183897.9882713164,209748.02410513337
9571,"      Ansbach, Landkreis",2040,197734.38612211723,183216.5598820269,211862.95458468463
9572,"      Erlangen-Höchstadt, Landkreis",2025,138599.73466685752,138145.37831196014,139021.13421239937
9572,"      Erlangen-Höchstadt, Landkreis",2026,138746.00061923466,137318.54000409486,140052.27104434877
9572,"      Erlangen-Höchstadt, Landkreis",2027,138892.26657161178,136345.0034453782,141392.42959431582
9572,"      Erlangen-Höchstadt, Landkreis",2028,139038.93325262555,135133.16389773952,142823.3361921761
9572,"      Erlangen-Höchstadt, Landkreis",2029,139185.19920500272,133727.17002769202,144580.86055542718
9572,"      Erlangen-Höchstadt, Landkreis",2030,139331.46515737986,132127.7221191143,146383.44534691478
9572,"      Erlangen-Höchstadt, Landkreis",2031,139477.731109757,130416.66705419718,148584.568588448
9572,"      Erlangen-Höchstadt, Landkreis",2032,139624.3977907708,128668.82758097828,150587.42699270908
9572,"      Erlangen-Höchstadt, Landkreis",2033,139770.66374314795,126609.11347664548,152937.71417995676
9572,"      Erlangen-Höchstadt, Landkreis",2034,139916.92969552512,124375.44300024385,155649.6937361124
9572,"      Erlangen-Höchstadt, Landkreis",2035,140063.19564790226,122056.25947098609,158480.27269123378
9572,"      Erlangen-Höchstadt, Landkreis",2036,140209.86232891606,119707.9090508466,161448.4810883855
9572,"      Erlangen-Höchstadt, Landkreis",2037,140356.1282812932,116459.386710705,163938.64806621967
9572,"      Erlangen-Höchstadt, Landkreis",2038,140502.39423367035,113885.01333356432,167344.39302028384
9572,"      Erlangen-Höchstadt, Landkreis",2039,140648.6601860475,110741.05102180078,170783.14812644775
9572,"      Erlangen-Höchstadt, Landkreis",2040,140795.3268670613,108327.16745299248,173982.15174207234
9573,"      Fürth, Landkreis",2025,117762.54403060376,117002.5086114267,118546.11204443626
9573,"      Fürth, Landkreis",2026,117820.69947511818,115448.1493308084,120392.17059383538
9573,"      Fürth, Landkreis",2027,117878.85491963262,113001.98839492293,122726.10335570892
9573,"      Fürth, Landkreis",2028,117937.16969413204,110500.9342352223,125669.07176354944
9573,"      Fürth, Landkreis",2029,117995.32513864644,107767.61578097622,128784.74272115932
9573,"      Fürth, Landkreis",2030,118053.4805831609,104010.86337053574,132096.4631065954
9573,"      Fürth, Landkreis",2031,118111.63602767533,99823.45663432576,135883.80934677768
9573,"      Fürth, Landkreis",2032,118169.95080217472,95252.44098194913,140345.83045079617
9573,"      Fürth, Landkreis",2033,118228.10624668916,90539.46001944122,145016.51349655475
9573,"      Fürth, Landkreis",2034,118286.2616912036,85477.74769707913,149335.12125989606
9573,"      Fürth, Landkreis",2035,118344.41713571802,80811.9699628497,153502.41604972986
9573,"      Fürth, Landkreis",2036,118402.7319102174,74699.68813443239,158866.5049617081
9573,"      Fürth, Landkreis",2037,118460.88735473184,70241.30635179138,165326.07685780808
9573,"      Fürth, Landkreis",2038,118519.04279924628,65487.82003975548,170329.53822246604
9573,"      Fürth, Landkreis",2039,118577.19824376072,59297.89828861067,176163.9163220918
9573,"      Fürth, Landkreis",2040,118635.51301826011,52010.1779932071,183904.3455383496
9574,"      Nürnberger Land, Landkreis",2025,168889.47452245918,168254.28688763903,169606.11317338175
9574,"      Nürnberger Land, Landkreis",2026,168854.2077109253,166805.32976384164,170983.63861055838
9574,"      Nürnberger Land, Landkreis",2027,168818.94089939134,164917.27810940222,172817.1332338814
9574,"      Nürnberger Land, Landkreis",2028,168783.577466456,162588.04483356207,175016.41732393767
9574,"      Nürnberger Land, Landkreis",2029,168748.31065492207,160100.9508031718,177811.31048601976
9574,"      Nürnberger Land, Landkreis",2030,168713.04384338815,157273.3701178884,180811.65539167653
9574,"      Nürnberger Land, Landkreis",2031,168677.77703185423,154282.93110144328,184077.44157115783
9574,"      Nürnberger Land, Landkreis",2032,168642.41359891885,151015.79517117317,187276.2714443596
9574,"      Nürnberger Land, Landkreis",2033,168607.14678738493,147950.97993736388,191044.20625685656
9574,"      Nürnberger Land, Landkreis",2034,168571.87997585104,144032.89342340638,195287.7473003445
9574,"      Nürnberger Land, Landkreis",2035,168536.61316431712,139955.56583952287,198896.7024714361
9574,"      Nürnberger Land, Landkreis",2036,168501.24973138174,136081.67519199126,202966.1416490136
9574,"      Nürnberger Land, Landkreis",2037,168465.98291984783,132030.6439776821,207034.25121769527
9574,"      Nürnberger Land, Landkreis",2038,168430.71610831394,127259.49613468724,211305.13525635327
9574,"      Nürnberger Land, Landkreis",2039,168395.44929678002,124362.12791886627,216616.51665052588
9574,"      Nürnberger Land, Landkreis",2040,168360.08586384464,120199.80399944483,221542.1990128855
9575,"      Neustadt a.d.Aisch-Bad Windsheim, Landkreis",2025,101329.91427121796,100909.9918361143,101742.86228900807
9575,"      Neustadt a.d.Aisch-Bad Windsheim, Landkreis",2026,101561.19993074011,100248.06185128192,102897.78664033084
9575,"      Neustadt a.d.Aisch-Bad Windsheim, Landkreis",2027,101792.48559026228,99225.05618353243,104422.37014329164
9575,"      Neustadt a.d.Aisch-Bad Windsheim, Landkreis",2028,102024.40490912556,97834.2146717417,106294.64949023466
9575,"      Neustadt a.d.Aisch-Bad Windsheim, Landkreis",2029,102255.69056864773,96237.63975459638,108336.987472354
9575,"      Neustadt a.d.Aisch-Bad Windsheim, Landkreis",2030,102486.97622816988,94464.38822887516,110125.95463862013
9575,"      Neustadt a.d.Aisch-Bad Windsheim, Landkreis",2031,102718.26188769205,92542.12441806296,112664.13991003369
9575,"      Neustadt a.d.Aisch-Bad Windsheim, Landkreis",2032,102950.18120655534,90372.10261615242,115234.77754343073
9575,"      Neustadt a.d.Aisch-Bad Windsheim, Landkreis",2033,103181.46686607746,87994.05992728301,117873.75086605754
9575,"      Neustadt a.d.Aisch-Bad Windsheim, Landkreis",2034,103412.75252559962,85415.45924735627,120403.0658009636
9575,"      Neustadt a.d.Aisch-Bad Windsheim, Landkreis",2035,103644.03818512175,82731.15523301881,123158.85938122848
9575,"      Neustadt a.d.Aisch-Bad Windsheim, Landkreis",2036,103875.95750398508,79767.08284758082,126620.15600615749
9575,"      Neustadt a.d.Aisch-Bad Windsheim, Landkreis",2037,104107.2431635072,76882.00085084137,129591.46512309334
9575,"      Neustadt a.d.Aisch-Bad Windsheim, Landkreis",2038,104338.52882302937,74224.34981268557,133181.45419696247
9575,"      Neustadt a.d.Aisch-Bad Windsheim, Landkreis",2039,104569.81448255152,71901.71697318742,137077.52121887502
9575,"      Neustadt a.d.Aisch-Bad Windsheim, Landkreis",2040,104801.73380141484,69096.58490212896,140813.47350438562
9576,"      Roth, Landkreis",2025,129303.3575707808,129039.04037690058,129561.00379542446
9576,"      Roth, Landkreis",2026,129858.98355365952,129113.47387402393,130471.93026054092
9576,"      Roth, Landkreis",2027,130414.60953653826,128923.92144930076,131686.39322426153
9576,"      Roth, Landkreis",2028,130971.7577823838,128735.4972368134,133026.1323938051
9576,"      Roth, Landkreis",2029,131527.38376526258,128478.49400969569,134468.9354804582
9576,"      Roth, Landkreis",2030,132083.0097481413,127961.30471843744,135942.51860053407
9576,"      Roth, Landkreis",2031,132638.63573102004,127333.6612402112,137578.55869067574
9576,"      Roth, Landkreis",2032,133195.78397686558,126800.37874568332,139332.58117227728
9576,"      Roth, Landkreis",2033,133751.40995974434,126087.31341408566,141067.58756225542
9576,"      Roth, Landkreis",2034,134307.0359426231,125362.03498139983,143115.44486265388
9576,"      Roth, Landkreis",2035,134862.66192550183,124218.88476706936,145181.0876948567
9576,"      Roth, Landkreis",2036,135419.81017134737,123592.73995687578,147555.88931349953
9576,"      Roth, Landkreis",2037,135975.4361542261,122480.96876681029,149858.02962612317
9576,"      Roth, Landkreis",2038,136531.0621371049,121270.66668641508,152554.403704551
9576,"      Roth, Landkreis",2039,137086.68811998362,119974.10944439452,154816.57507608194
9576,"      Roth, Landkreis",2040,137643.83636582916,118518.24052114166,156707.95035340122
9577,"      Weißenburg-Gunzenhausen, Landkreis",2025,94835.49804597266,94522.78489565822,95149.62679217674
9577,"      Weißenburg-Gunzenhausen, Landkreis",2026,94947.31320452529,93885.0922006874,95965.92262890944
9577,"      Weißenburg-Gunzenhausen, Landkreis",2027,95059.1283630779,93003.91071995712,96876.43108018306
9577,"      Weißenburg-Gunzenhausen, Landkreis",2028,95171.24986453066,91924.73010218772,97945.88782785044
9577,"      Weißenburg-Gunzenhausen, Landkreis",2029,95283.06502308328,90661.1212126892,99248.26713880016
9577,"      Weißenburg-Gunzenhausen, Landkreis",2030,95394.88018163588,89508.8346124262,100547.13470505767
9577,"      Weißenburg-Gunzenhausen, Landkreis",2031,95506.69534018853,87929.59265651523,102112.61972835634
9577,"      Weißenburg-Gunzenhausen, Landkreis",2032,95618.81684164128,86131.89051803888,103853.71162402572
9577,"      Weißenburg-Gunzenhausen, Landkreis",2033,95730.6320001939,84076.0665668272,105691.34261050777
9577,"      Weißenburg-Gunzenhausen, Landkreis",2034,95842.44715874652,82370.3793803493,107589.86761292792
9577,"      Weißenburg-Gunzenhausen, Landkreis",2035,95954.26231729912,80639.16758474884,109618.51355361295
9577,"      Weißenburg-Gunzenhausen, Landkreis",2036,96066.3838187519,78661.7335327705,111793.1129773312
9577,"      Weißenburg-Gunzenhausen, Landkreis",2037,96178.1989773045,76604.31128651928,114065.73487402951
9577,"      Weißenburg-Gunzenhausen, Landkreis",2038,96290.01413585714,74520.87730192354,116460.3058973774
9577,"      Weißenburg-Gunzenhausen, Landkreis",2039,96401.82929440976,72575.46551298989,118314.22976750188
9577,"      Weißenburg-Gunzenhausen, Landkreis",2040,96513.95079586252,70475.43582327884,120383.7476650667
9661,"      Aschaffenburg, kreisfreie Stadt",2025,73602.99770461852,73346.36938391265,73825.0697512993
9661,"      Aschaffenburg, kreisfreie Stadt",2026,74120.87440281728,73296.53368093356,74886.48335445841
9661,"      Aschaffenburg, kreisfreie Stadt",2027,74638.75110101604,73080.38778114275,76076.58937097526
9661,"      Aschaffenburg, kreisfreie Stadt",2028,75158.04663948384,72688.615979794,77441.60183104117
9661,"      Aschaffenburg, kreisfreie Stadt",2029,75675.92333768262,72188.586373659,78857.26553973388
9661,"      Aschaffenburg, kreisfreie Stadt",2030,76193.80003588139,71525.23639551234,80324.0427378662
9661,"      Aschaffenburg, kreisfreie Stadt",2031,76711.67673408015,70700.42770174316,81997.86740180649
9661,"      Aschaffenburg, kreisfreie Stadt",2032,77230.97227254794,69637.0324295289,83611.28695229656
9661,"      Aschaffenburg, kreisfreie Stadt",2033,77748.84897074672,68885.88248773757,85188.19226748229
9661,"      Aschaffenburg, kreisfreie Stadt",2034,78266.72566894548,67860.60302485953,87179.59116714734
9661,"      Aschaffenburg, kreisfreie Stadt",2035,78784.60236714425,66879.30949767456,88986.31740541961
9661,"      Aschaffenburg, kreisfreie Stadt",2036,79303.89790561204,66144.04810346106,90942.59668255356
9661,"      Aschaffenburg, kreisfreie Stadt",2037,79821.7746038108,64519.15537970631,93164.55996743085
9661,"      Aschaffenburg, kreisfreie Stadt",2038,80339.65130200959,63459.00112408029,95074.15648093577
9661,"      Aschaffenburg, kreisfreie Stadt",2039,80857.52800020835,62027.87525767792,97148.5856997264
9661,"      Aschaffenburg, kreisfreie Stadt",2040,81376.82353867614,60431.71333699504,99840.92251885784
9662,"      Schweinfurt, kreisfreie Stadt",2025,54924.983788535545,54631.48156272565,55229.33450295503
9662,"      Schweinfurt, kreisfreie Stadt",2026,55393.66811184496,54507.261631687645,56421.01162496975
9662,"      Schweinfurt, kreisfreie Stadt",2027,55862.35243515438,54086.0755520012,57805.849487477
9662,"      Schweinfurt, kreisfreie Stadt",2028,56332.32082510301,53528.26320302583,59434.75476296577
9662,"      Schweinfurt, kreisfreie Stadt",2029,56801.005148412434,52633.26772880425,61250.542001981645
9662,"      Schweinfurt, kreisfreie Stadt",2030,57269.689471721846,51726.96537022513,63225.24856050607
9662,"      Schweinfurt, kreisfreie Stadt",2031,57738.37379503127,50554.93443209907,65133.36793770271
9662,"      Schweinfurt, kreisfreie Stadt",2032,58208.3421849799,48976.86941926221,67110.21321429886
9662,"      Schweinfurt, kreisfreie Stadt",2033,58677.02650828931,47589.723540044986,69189.71767084813
9662,"      Schweinfurt, kreisfreie Stadt",2034,59145.710831598735,46228.6331414599,71360.55468591843
9662,"      Schweinfurt, kreisfreie Stadt",2035,59614.39515490816,44708.38366730809,73294.68987762967
9662,"      Schweinfurt, kreisfreie Stadt",2036,60084.36354485679,43110.12625816128,75671.48044903777
9662,"      Schweinfurt, kreisfreie Stadt",2037,60553.0478681662,41764.50008032662,78948.95198093346
9662,"      Schweinfurt, kreisfreie Stadt",2038,61021.732191475625,39888.00797508908,81486.82525176706
9662,"      Schweinfurt, kreisfreie Stadt",2039,61490.41651478505,37744.64777955045,83744.35352655218
9662,"      Schweinfurt, kreisfreie Stadt",2040,61960.38490473366,35872.654569490194,86530.17894331981
9663,"      Würzburg, kreisfreie Stadt",2025,135373.80915648263,134440.07003507175,136347.8188336416
9663,"      Würzburg, kreisfreie Stadt",2026,137198.60514135094,136055.22988322546,138319.45580963825
9663,"      Würzburg, kreisfreie Stadt",2027,139023.40112621922,137376.67730756904,140509.69589195124
9663,"      Würzburg, kreisfreie Stadt",2028,140853.19655214192,138386.12781757925,143130.1234269552
9663,"      Würzburg, kreisfreie Stadt",2029,142677.9925370102,139402.79044409303,145790.0286371947
9663,"      Würzburg, kreisfreie Stadt",2030,144502.7885218785,140129.50858079636,148591.76722470924
9663,"      Würzburg, kreisfreie Stadt",2031,146327.58450674682,140910.89612224814,151253.4785855898
9663,"      Würzburg, kreisfreie Stadt",2032,148157.37993266952,141493.26683395298,154215.66647634617
9663,"      Würzburg, kreisfreie Stadt",2033,149982.1759175378,142015.2820735305,157496.92341716812
9663,"      Würzburg, kreisfreie Stadt",2034,151806.97190240608,142603.0972498677,160354.18752443374
9663,"      Würzburg, kreisfreie Stadt",2035,153631.76788727436,142994.68433566636,163129.6801729597
9663,"      Würzburg, kreisfreie Stadt",2036,155461.56331319708,143071.49693673593,166057.4823747718
9663,"      Würzburg, kreisfreie Stadt",2037,157286.35929806536,143092.1999885754,169214.13210793425
9663,"      Würzburg, kreisfreie Stadt",2038,159111.15528293364,143929.87178484377,172940.5710169231
9663,"      Würzburg, kreisfreie Stadt",2039,160935.95126780192,143802.41589084582,175532.2792186401
9663,"      Würzburg, kreisfreie Stadt",2040,162765.74669372468,144285.23983100668,179305.02185825366
9671,"      Aschaffenburg, Landkreis",2025,171110.60406044676,170079.6249904922,172284.06640743386
9671,"      Aschaffenburg, Landkreis",2026,171257.02797591867,168088.47313511284,175087.3148457334
9671,"      Aschaffenburg, Landkreis",2027,171403.45189139058,165474.8425322456,178617.34156343096
9671,"      Aschaffenburg, Landkreis",2028,171550.27696827473,161961.04043129936,183063.45816818485
9671,"      Aschaffenburg, Landkreis",2029,171696.70088374667,157881.0019250449,187894.1353847112
9671,"      Aschaffenburg, Landkreis",2030,171843.12479921858,153393.93127733594,193645.48818201225
9671,"      Aschaffenburg, Landkreis",2031,171989.5487146905,148638.5401227297,199144.9031725792
9671,"      Aschaffenburg, Landkreis",2032,172136.37379157465,143663.56440644487,205722.9523358812
9671,"      Aschaffenburg, Landkreis",2033,172282.79770704656,138040.21031878778,211793.3081587916
9671,"      Aschaffenburg, Landkreis",2034,172429.22162251847,132036.51852426646,219196.06067329893
9671,"      Aschaffenburg, Landkreis",2035,172575.6455379904,126694.18189777754,226084.96653792632
9671,"      Aschaffenburg, Landkreis",2036,172722.47061487456,119803.0771590862,233845.52576981
9671,"      Aschaffenburg, Landkreis",2037,172868.8945303465,112773.25010502466,243606.46613738392
9671,"      Aschaffenburg, Landkreis",2038,173015.3184458184,106637.77155299528,250512.6896852223
9671,"      Aschaffenburg, Landkreis",2039,173161.74236129032,98144.00068051108,259117.88069724635
9671,"      Aschaffenburg, Landkreis",2040,173308.56743817448,92436.11955575108,268241.45108971524
9672,"      Bad Kissingen, Landkreis",2025,103734.82077865153,103573.95593607894,103900.53313257494
9672,"      Bad Kissingen, Landkreis",2026,103930.35755955234,103422.75746043892,104451.5176233551
9672,"      Bad Kissingen, Landkreis",2027,104125.8943404532,103187.35069119162,105187.1590269329
9672,"      Bad Kissingen, Landkreis",2028,104321.966838562,102812.51077675456,106020.415609953
9672,"      Bad Kissingen, Landkreis",2029,104517.50361946283,102265.33690592216,106934.6122560825
9672,"      Bad Kissingen, Landkreis",2030,104713.0404003637,101699.86725041164,107771.7564030786
9672,"      Bad Kissingen, Landkreis",2031,104908.57718126454,101178.20323261165,108737.4949456013
9672,"      Bad Kissingen, Landkreis",2032,105104.64967937332,100550.19640881113,109863.40379676716
9672,"      Bad Kissingen, Landkreis",2033,105300.18646027418,99864.7934318492,110947.60102732296
9672,"      Bad Kissingen, Landkreis",2034,105495.72324117504,98990.62865482357,112227.78146365903
9672,"      Bad Kissingen, Landkreis",2035,105691.26002207588,98270.87606704356,113493.2684114498
9672,"      Bad Kissingen, Landkreis",2036,105887.33252018467,97602.31184871664,114770.38735023652
9672,"      Bad Kissingen, Landkreis",2037,106082.86930108552,96541.22007062736,116211.50736241126
9672,"      Bad Kissingen, Landkreis",2038,106278.40608198638,95383.28371403871,117666.85690399958
9672,"      Bad Kissingen, Landkreis",2039,106473.94286288724,94354.25424535952,118995.47567439264
9672,"      Bad Kissingen, Landkreis",2040,106670.015360996,93294.96263371676,120239.41209930106
9673,"      Rhön-Grabfeld, Landkreis",2025,79496.25292791623,79432.10091177607,79565.07613572145
9673,"      Rhön-Grabfeld, Landkreis",2026,79574.11424832529,79421.08061828092,79743.95084225255
9673,"      Rhön-Grabfeld, Landkreis",2027,79651.97556873436,79363.12851135201,79946.69348167058
9673,"      Rhön-Grabfeld, Landkreis",2028,79730.05020782947,79243.08119314635,80191.01039722975
9673,"      Rhön-Grabfeld, Landkreis",2029,79807.91152823853,79132.81536537732,80478.97183412459
9673,"      Rhön-Grabfeld, Landkreis",2030,79885.77284864761,79011.38946742739,80747.78657211227
9673,"      Rhön-Grabfeld, Landkreis",2031,79963.63416905666,78843.74373481979,81095.43343665406
9673,"      Rhön-Grabfeld, Landkreis",2032,80041.70880815177,78689.92727301153,81446.18368398784
9673,"      Rhön-Grabfeld, Landkreis",2033,80119.57012856085,78514.99965816636,81776.35185816439
9673,"      Rhön-Grabfeld, Landkreis",2034,80197.4314489699,78285.17378474775,82097.88497943098
9673,"      Rhön-Grabfeld, Landkreis",2035,80275.29276937897,78099.6639196234,82444.56136879421
9673,"      Rhön-Grabfeld, Landkreis",2036,80353.36740847409,77884.36500478235,82820.8830415207
9673,"      Rhön-Grabfeld, Landkreis",2037,80431.22872888314,77580.41800736544,83224.31364715492
9673,"      Rhön-Grabfeld, Landkreis",2038,80509.09004929221,77284.60271338388,83616.90376933185
9673,"      Rhön-Grabfeld, Landkreis",2039,80586.95136970127,76996.31429734432,84045.29716381052
9673,"      Rhön-Grabfeld, Landkreis",2040,80665.0260087964,76706.95260664585,84482.4149323078
9674,"      Haßberge, Landkreis",2025,84206.54519055111,83856.85026937177,84486.93359996096
9674,"      Haßberge, Landkreis",2026,84508.95858660049,83432.78763027351,85427.99211168251
9674,"      Haßberge, Landkreis",2027,84811.37198264987,82705.64952072407,86660.68332443575
9674,"      Haßberge, Landkreis",2028,85114.61390855146,81837.29252568411,88202.36214496488
9674,"      Haßberge, Landkreis",2029,85417.02730460082,80774.03895580064,89661.78584941372
9674,"      Haßberge, Landkreis",2030,85719.44070065022,79613.56171216752,91276.78372934436
9674,"      Haßberge, Landkreis",2031,86021.8540966996,78224.88831514039,93018.10902760622
9674,"      Haßberge, Landkreis",2032,86325.09602260117,76937.4573411182,95142.9493916004
9674,"      Haßberge, Landkreis",2033,86627.50941865054,75517.30992751106,97517.3987376694
9674,"      Haßberge, Landkreis",2034,86929.92281469992,74328.26735366101,99877.11892048384
9674,"      Haßberge, Landkreis",2035,87232.3362107493,72372.64189098311,101743.67927596012
9674,"      Haßberge, Landkreis",2036,87535.57813665087,70748.24458628535,104824.41562233094
9674,"      Haßberge, Landkreis",2037,87837.99153270025,68294.18168974193,107142.49204664894
9674,"      Haßberge, Landkreis",2038,88140.40492874965,65609.98246461712,109329.9359828833
9674,"      Haßberge, Landkreis",2039,88442.81832479901,63744.14893668189,111958.69262536218
9674,"      Haßberge, Landkreis",2040,88746.06025070058,61977.67369969384,114412.3125590606
9675,"      Kitzingen, Landkreis",2025,91706.64148083124,91288.7061784294,92062.60150479048
9675,"      Kitzingen, Landkreis",2026,92046.2478430747,90765.02954311042,93183.53430304716
9675,"      Kitzingen, Landkreis",2027,92385.85420531812,89982.92285042445,94835.88245819668
9675,"      Kitzingen, Landkreis",2028,92726.39099595124,88868.90215058906,96386.91124863732
9675,"      Kitzingen, Landkreis",2029,93065.9973581947,87606.52488299795,98482.61716038252
9675,"      Kitzingen, Landkreis",2030,93405.60372043811,86372.61892565005,100700.80759762002
9675,"      Kitzingen, Landkreis",2031,93745.21008268154,84668.50735614651,103374.28394988502
9675,"      Kitzingen, Landkreis",2032,94085.74687331468,83008.77275826244,105672.31128125166
9675,"      Kitzingen, Landkreis",2033,94425.35323555813,81215.61074846196,108289.59356904692
9675,"      Kitzingen, Landkreis",2034,94764.95959780154,79236.18394092827,110925.21792672249
9675,"      Kitzingen, Landkreis",2035,95104.565960045,77278.40103121013,114143.94308777184
9675,"      Kitzingen, Landkreis",2036,95445.10275067812,75209.48059371239,117553.20320889592
9675,"      Kitzingen, Landkreis",2037,95784.70911292156,72743.40498040957,120881.42451007296
9675,"      Kitzingen, Landkreis",2038,96124.31547516496,71089.25809311321,124651.92563981356
9675,"      Kitzingen, Landkreis",2039,96463.92183740842,68882.3924091359,127840.11401351391
9675,"      Kitzingen, Landkreis",2040,96804.45862804155,66295.23243168816,130629.40916378112
9676,"      Miltenberg, Landkreis",2025,128028.33096584534,127565.276100073,128614.47792218432
9676,"      Miltenberg, Landkreis",2026,128475.06442040089,126963.66955097525,130244.12877482196
9676,"      Miltenberg, Landkreis",2027,128921.7978749564,125700.65132555252,132498.47390958507
9676,"      Miltenberg, Landkreis",2028,129369.7552567847,124232.63091221232,134778.47754101324
9676,"      Miltenberg, Landkreis",2029,129816.48871134024,122376.48198633592,137185.08381913797
9676,"      Miltenberg, Landkreis",2030,130263.2221658958,120116.84340877926,139828.34730696213
9676,"      Miltenberg, Landkreis",2031,130709.95562045132,118052.16078480812,142930.00936646623
9676,"      Miltenberg, Landkreis",2032,131157.91300227962,115602.6706284202,145986.31876909948
9676,"      Miltenberg, Landkreis",2033,131604.64645683515,113025.50214361728,150189.23200291142
9676,"      Miltenberg, Landkreis",2034,132051.3799113907,110009.55587461009,153932.73485418726
9676,"      Miltenberg, Landkreis",2035,132498.11336594622,106936.56410129512,157744.7156320895
9676,"      Miltenberg, Landkreis",2036,132946.07074777453,104648.9378940304,162416.50909227217
9676,"      Miltenberg, Landkreis",2037,133392.80420233007,101596.00278490204,166172.5559170132
9676,"      Miltenberg, Landkreis",2038,133839.5376568856,98200.7899517389,171730.5076209422
9676,"      Miltenberg, Landkreis",2039,134286.27111144114,94655.54643753644,176133.7302684494
9676,"      Miltenberg, Landkreis",2040,134734.22849326945,90967.7583214206,181357.93941205973
9677,"      Main-Spessart, Landkreis",2025,125393.43594488158,125162.33183210132,125624.51965082166
9677,"      Main-Spessart, Landkreis",2026,125352.04228071526,124908.34159813984,125755.61031979317
9677,"      Main-Spessart, Landkreis",2027,125310.64861654892,124507.51136151394,126020.6275896593
9677,"      Main-Spessart, Landkreis",2028,125269.14154508352,123982.89734549768,126423.5323681045
9677,"      Main-Spessart, Landkreis",2029,125227.7478809172,123490.87951186972,126916.73990770934
9677,"      Main-Spessart, Landkreis",2030,125186.35421675086,122960.27383950446,127363.95022825198
9677,"      Main-Spessart, Landkreis",2031,125144.96055258453,122259.3512198997,127860.4060277868
9677,"      Main-Spessart, Landkreis",2032,125103.45348111913,121608.67465571604,128339.04573794632
9677,"      Main-Spessart, Landkreis",2033,125062.05981695278,121025.85605625462,129006.16935344004
9677,"      Main-Spessart, Landkreis",2034,125020.66615278643,120323.6032651362,129546.21146759905
9677,"      Main-Spessart, Landkreis",2035,124979.27248862012,119531.44365666316,130451.64889767564
9677,"      Main-Spessart, Landkreis",2036,124937.7654171547,118733.84518463288,131186.77010641395
9677,"      Main-Spessart, Landkreis",2037,124896.37175298836,117642.50508039795,131881.3069302831
9677,"      Main-Spessart, Landkreis",2038,124854.97808882206,116622.6766396925,132895.27123884173
9677,"      Main-Spessart, Landkreis",2039,124813.58442465572,115692.2254142444,133534.03876071112
9677,"      Main-Spessart, Landkreis",2040,124772.07735319033,114707.43399019889,134255.88082234643
9678,"      Schweinfurt, Landkreis",2025,113604.5861373437,113179.1000035905,113992.43633977242
9678,"      Schweinfurt, Landkreis",2026,113218.84152928364,111812.59467091363,114421.18411228184
9678,"      Schweinfurt, Landkreis",2027,112833.09692122357,110138.8989403952,115200.4721571686
9678,"      Schweinfurt, Landkreis",2028,112446.29547862089,108255.63868828789,116592.7149735034
9678,"      Schweinfurt, Landkreis",2029,112060.5508705608,106035.93515985024,117965.26072609966
9678,"      Schweinfurt, Landkreis",2030,111674.80626250074,103744.56983510414,119265.52701020756
9678,"      Schweinfurt, Landkreis",2031,111289.06165444068,101170.37964688156,120711.0318083511
9678,"      Schweinfurt, Landkreis",2032,110902.260211838,98228.87601144816,122547.4253336825
9678,"      Schweinfurt, Landkreis",2033,110516.51560377792,95490.96188831504,124710.22569614876
9678,"      Schweinfurt, Landkreis",2034,110130.77099571784,92344.8201182192,127172.23559005244
9678,"      Schweinfurt, Landkreis",2035,109745.02638765778,89292.94757740067,129202.22960953091
9678,"      Schweinfurt, Landkreis",2036,109358.22494505507,86036.71117622196,132325.72513847935
9678,"      Schweinfurt, Landkreis",2037,108972.48033699502,82753.29840117077,135071.76157569248
9678,"      Schweinfurt, Landkreis",2038,108586.73572893496,79343.11531717693,137427.3481739556
9678,"      Schweinfurt, Landkreis",2039,108200.9911208749,75989.78990371054,139977.9146634008
9678,"      Schweinfurt, Landkreis",2040,107814.1896782722,72345.45836587786,143354.1110749051
9679,"      Würzburg, Landkreis",2025,163065.04626959105,162247.94914839917,163926.31909282735
9679,"      Würzburg, Landkreis",2026,164037.69455160407,161357.21962499607,166842.2538710149
9679,"      Würzburg, Landkreis",2027,165010.3428336171,159624.5097088264,170549.25230331183
9679,"      Würzburg, Landkreis",2028,165985.65590544383,157322.0172758232,175344.23304225516
9679,"      Würzburg, Landkreis",2029,166958.30418745684,154534.8666703251,179834.72701191527
9679,"      Würzburg, Landkreis",2030,167930.9524694699,151485.20858356744,185616.5864198017
9679,"      Würzburg, Landkreis",2031,168903.60075148288,147765.63110421345,190565.53678343023
9679,"      Würzburg, Landkreis",2032,169878.91382330965,143631.45763123137,197209.4425652716
9679,"      Würzburg, Landkreis",2033,170851.5621053227,139122.08167264695,203972.20684367383
9679,"      Würzburg, Landkreis",2034,171824.2103873357,134329.16237426965,210677.12733310155
9679,"      Würzburg, Landkreis",2035,172796.85866934873,130864.40793880676,218147.64689032323
9679,"      Würzburg, Landkreis",2036,173772.1717411755,124831.33487175273,226245.1923087964
9679,"      Würzburg, Landkreis",2037,174744.8200231885,118994.14107728437,234322.3109935146
9679,"      Würzburg, Landkreis",2038,175717.4683052015,113520.91466756268,241875.11200048449
9679,"      Würzburg, Landkreis",2039,176690.11658721455,106456.3873790984,251378.3765366289
9679,"      Würzburg, Landkreis",2040,177665.42965904129,99670.93479290669,258653.3565567444
9761,"      Augsburg, kreisfreie Stadt",2025,303324.1499981282,302557.4988778649,304109.0072086434
9761,"      Augsburg, kreisfreie Stadt",2026,305520.3210869343,303160.26976405585,308012.7707099412
9761,"      Augsburg, kreisfreie Stadt",2027,307716.4921757404,303288.0025487537,312629.3923051713
9761,"      Augsburg, kreisfreie Stadt",2028,309918.6801716392,302801.7235006294,317400.2267909524
9761,"      Augsburg, kreisfreie Stadt",2029,312114.8512604453,301883.6262158732,322606.392583617
9761,"      Augsburg, kreisfreie Stadt",2030,314311.02234925143,300496.4589881619,328618.1749745857
9761,"      Augsburg, kreisfreie Stadt",2031,316507.19343805755,298285.4262833959,334981.003964149
9761,"      Augsburg, kreisfreie Stadt",2032,318709.3814339563,296935.63132254174,341691.464482284
9761,"      Augsburg, kreisfreie Stadt",2033,320905.55252276245,294813.7410784571,348609.80731028336
9761,"      Augsburg, kreisfreie Stadt",2034,323101.72361156857,292461.7161589082,355491.73028128635
9761,"      Augsburg, kreisfreie Stadt",2035,325297.8947003747,289582.98801497667,363296.6362362992
9761,"      Augsburg, kreisfreie Stadt",2036,327500.08269627346,286043.80720238574,370000.55345955165
9761,"      Augsburg, kreisfreie Stadt",2037,329696.2537850795,282339.4550813472,377893.1153066973
9761,"      Augsburg, kreisfreie Stadt",2038,331892.4248738857,278359.43344512454,385141.5710615895
9761,"      Augsburg, kreisfreie Stadt",2039,334088.5959626918,274393.1729607115,392719.75074159534
9761,"      Augsburg, kreisfreie Stadt",2040,336290.7839585906,269980.060818379,401333.60087379353
9762,"      Kaufbeuren, kreisfreie Stadt",2025,46673.92936125082,46578.63134133835,46767.31526480284
9762,"      Kaufbeuren, kreisfreie Stadt",2026,47060.03359446651,46965.16908633681,47150.99740866585
9762,"      Kaufbeuren, kreisfreie Stadt",2027,47446.13782768221,47344.77901340444,47538.17274143798
9762,"      Kaufbeuren, kreisfreie Stadt",2028,47833.29988071494,47727.122093153615,47940.55873086922
9762,"      Kaufbeuren, kreisfreie Stadt",2029,48219.40411393064,48095.441558611725,48327.74489364061
9762,"      Kaufbeuren, kreisfreie Stadt",2030,48605.50834714633,48466.28140116702,48737.55202437956
9762,"      Kaufbeuren, kreisfreie Stadt",2031,48991.61258036202,48830.18805512528,49135.80032888858
9762,"      Kaufbeuren, kreisfreie Stadt",2032,49378.77463339475,49192.4375990511,49561.64474106323
9762,"      Kaufbeuren, kreisfreie Stadt",2033,49764.878866610445,49554.06895997681,49974.911998621166
9762,"      Kaufbeuren, kreisfreie Stadt",2034,50150.98309982614,49910.038019773805,50376.072019564745
9762,"      Kaufbeuren, kreisfreie Stadt",2035,50537.08733304183,50270.89891637432,50792.91059136392
9762,"      Kaufbeuren, kreisfreie Stadt",2036,50924.24938607456,50622.34897106741,51212.64226604556
9762,"      Kaufbeuren, kreisfreie Stadt",2037,51310.353619290254,50963.02371264072,51645.62189556269
9762,"      Kaufbeuren, kreisfreie Stadt",2038,51696.45785250595,51306.37852757281,52053.31281052444
9762,"      Kaufbeuren, kreisfreie Stadt",2039,52082.56208572164,51666.56568844766,52490.05736391753
9762,"      Kaufbeuren, kreisfreie Stadt",2040,52469.72413875437,51993.5139808079,52910.45128063834
9763,"      Kempten (Allgäu), kreisfreie Stadt",2025,66234.0819520008,64905.51001260237,67557.2775662103
9763,"      Kempten (Allgäu), kreisfreie Stadt",2026,65838.39334699626,64438.06530553187,67123.14378825063
9763,"      Kempten (Allgäu), kreisfreie Stadt",2027,65442.70474199174,64109.65592978629,66743.09356736598
9763,"      Kempten (Allgäu), kreisfreie Stadt",2028,65045.93205861735,63515.72689712819,66583.43715729297
9763,"      Kempten (Allgäu), kreisfreie Stadt",2029,64650.24345361282,63078.25547216499,66230.24034361263
9763,"      Kempten (Allgäu), kreisfreie Stadt",2030,64254.5548486083,62432.68349044915,66092.0111478722
9763,"      Kempten (Allgäu), kreisfreie Stadt",2031,63858.86624360377,62009.46438264499,65832.4846416794
9763,"      Kempten (Allgäu), kreisfreie Stadt",2032,63462.093560229376,61214.27600290647,65794.84145049499
9763,"      Kempten (Allgäu), kreisfreie Stadt",2033,63066.40495522485,60535.751992818834,65698.38773956704
9763,"      Kempten (Allgäu), kreisfreie Stadt",2034,62670.71635022033,59682.66067647318,65622.33118794649
9763,"      Kempten (Allgäu), kreisfreie Stadt",2035,62275.02774521581,58958.0776414006,65433.6738297205
9763,"      Kempten (Allgäu), kreisfreie Stadt",2036,61878.25506184141,58349.34780913036,65493.98191522714
9763,"      Kempten (Allgäu), kreisfreie Stadt",2037,61482.56645683688,57620.96206306782,65533.72306411483
9763,"      Kempten (Allgäu), kreisfreie Stadt",2038,61086.87785183237,56594.870052980805,65677.09719121867
9763,"      Kempten (Allgäu), kreisfreie Stadt",2039,60691.18924682784,55758.860233281775,65594.5989741412
9763,"      Kempten (Allgäu), kreisfreie Stadt",2040,60294.41656345344,54748.10018418437,65905.17392780799
9764,"      Memmingen, kreisfreie Stadt",2025,44466.90203485808,44141.06199864871,44786.471468384574
9764,"      Memmingen, kreisfreie Stadt",2026,44709.73304771904,43727.60823167881,45763.92386537897
9764,"      Memmingen, kreisfreie Stadt",2027,44952.564060580014,43135.78100432485,46994.7032084789
9764,"      Memmingen, kreisfreie Stadt",2028,45196.06036388717,42437.4878024691,48444.42760895877
9764,"      Memmingen, kreisfreie Stadt",2029,45438.89137674814,41395.43091552829,49724.53268778551
9764,"      Memmingen, kreisfreie Stadt",2030,45681.7223896091,40162.75401498889,51514.51911722008
9764,"      Memmingen, kreisfreie Stadt",2031,45924.55340247008,38916.62643817631,53375.71437965068
9764,"      Memmingen, kreisfreie Stadt",2032,46168.04970577723,37536.18258014228,55496.02054825152
9764,"      Memmingen, kreisfreie Stadt",2033,46410.88071863821,36119.14697795461,57882.90923178229
9764,"      Memmingen, kreisfreie Stadt",2034,46653.71173149916,34628.22788353497,59962.82853908592
9764,"      Memmingen, kreisfreie Stadt",2035,46896.54274436014,33170.85764880086,62375.11302842732
9764,"      Memmingen, kreisfreie Stadt",2036,47140.0390476673,31657.76305357994,64861.37611637669
9764,"      Memmingen, kreisfreie Stadt",2037,47382.870060528265,30225.661031403182,66991.18817699693
9764,"      Memmingen, kreisfreie Stadt",2038,47625.70107338923,28152.34344235431,69623.8945584773
9764,"      Memmingen, kreisfreie Stadt",2039,47868.5320862502,25938.258131314968,72081.69080911574
9764,"      Memmingen, kreisfreie Stadt",2040,48112.02838955736,24153.637027566365,74595.39605696831
9771,"      Aichach-Friedberg, Landkreis",2025,137742.817409842,137433.2864275968,138024.3904742122
9771,"      Aichach-Friedberg, Landkreis",2026,138545.63066514637,137564.14711846848,139346.19189036527
9771,"      Aichach-Friedberg, Landkreis",2027,139348.44392045075,137543.4402818716,140923.86824467816
9771,"      Aichach-Friedberg, Landkreis",2028,140153.45666412584,137348.6085533497,142678.39720782588
9771,"      Aichach-Friedberg, Landkreis",2029,140956.2699194302,137133.66663607876,144541.36846717427
9771,"      Aichach-Friedberg, Landkreis",2030,141759.0831747346,136593.56675246925,146514.19122964723
9771,"      Aichach-Friedberg, Landkreis",2031,142561.896430039,136071.1096065452,148483.3461753064
9771,"      Aichach-Friedberg, Landkreis",2032,143366.90917371406,135457.64089526073,150570.82323454213
9771,"      Aichach-Friedberg, Landkreis",2033,144169.72242901844,134823.88492250378,152762.21542409566
9771,"      Aichach-Friedberg, Landkreis",2034,144972.53568432282,134228.60838553848,155171.25633128936
9771,"      Aichach-Friedberg, Landkreis",2035,145775.34893962723,133196.1106641239,157647.3269817999
9771,"      Aichach-Friedberg, Landkreis",2036,146580.3616833023,132290.14746399104,160371.56006533164
9771,"      Aichach-Friedberg, Landkreis",2037,147383.17493860668,131074.62205719936,162604.3171161762
9771,"      Aichach-Friedberg, Landkreis",2038,148185.98819391103,129590.95938314823,165296.61929954248
9771,"      Aichach-Friedberg, Landkreis",2039,148988.80144921542,128328.97439586322,167723.190739862
9771,"      Aichach-Friedberg, Landkreis",2040,149793.81419289054,126793.10676343834,170624.93879224692
9772,"      Augsburg, Landkreis",2025,264722.8699034995,264448.8919914075,264970.8016034401
9772,"      Augsburg, Landkreis",2026,266460.29015331645,265799.5231865946,267079.5951231075
9772,"      Augsburg, Landkreis",2027,268197.7104031334,266995.92321290047,269370.6901359477
9772,"      Augsburg, Landkreis",2028,269939.8907084294,268028.11974312726,271722.5042663512
9772,"      Augsburg, Landkreis",2029,271677.31095824635,268963.6840154447,274162.10910488054
9772,"      Augsburg, Landkreis",2030,273414.7312080634,269827.75040475297,276694.9874153148
9772,"      Augsburg, Landkreis",2031,275152.15145788033,270598.99986476655,279314.5649077427
9772,"      Augsburg, Landkreis",2032,276894.33176317625,271385.845276285,281831.0270230864
9772,"      Augsburg, Landkreis",2033,278631.75201299327,272025.89290021773,284521.98187028547
9772,"      Augsburg, Landkreis",2034,280369.1722628102,272631.4300777656,287304.8981693893
9772,"      Augsburg, Landkreis",2035,282106.59251262725,273213.46877547534,290205.9333144546
9772,"      Augsburg, Landkreis",2036,283848.7728179232,273685.0869603004,293020.8253705337
9772,"      Augsburg, Landkreis",2037,285586.1930677401,274281.6612524408,296092.0193359996
9772,"      Augsburg, Landkreis",2038,287323.6133175571,274428.16128294147,299426.4667431738
9772,"      Augsburg, Landkreis",2039,289061.0335673741,274724.2355424974,302652.6315462163
9772,"      Augsburg, Landkreis",2040,290803.2138726701,274802.2944260649,305659.65251172043
9773,"      Dillingen a.d.Donau, Landkreis",2025,99704.6604531808,99368.31100368351,100046.75286787038
9773,"      Dillingen a.d.Donau, Landkreis",2026,100418.06275438306,99394.18778055468,101451.90875007024
9773,"      Dillingen a.d.Donau, Landkreis",2027,101131.46505558531,99201.39030917049,103185.6350673138
9773,"      Dillingen a.d.Donau, Landkreis",2028,101846.82188364016,98834.44991411825,105028.0624239656
9773,"      Dillingen a.d.Donau, Landkreis",2029,102560.2241848424,98383.80590629965,107202.84372575632
9773,"      Dillingen a.d.Donau, Landkreis",2030,103273.62648604468,97782.72688125154,109175.9924198389
9773,"      Dillingen a.d.Donau, Landkreis",2031,103987.02878724692,96924.1011124007,111448.72207029317
9773,"      Dillingen a.d.Donau, Landkreis",2032,104702.38561530176,95978.12064358016,113974.40934764544
9773,"      Dillingen a.d.Donau, Landkreis",2033,105415.78791650402,94700.2424637488,116517.4926737889
9773,"      Dillingen a.d.Donau, Landkreis",2034,106129.19021770627,93401.40457588552,118953.56617334524
9773,"      Dillingen a.d.Donau, Landkreis",2035,106842.59251890852,92447.57790447838,121812.94808354434
9773,"      Dillingen a.d.Donau, Landkreis",2036,107557.94934696336,90513.94452581929,124712.48999522964
9773,"      Dillingen a.d.Donau, Landkreis",2037,108271.35164816564,89045.23219831225,127563.34835958392
9773,"      Dillingen a.d.Donau, Landkreis",2038,108984.75394936788,87513.36325261196,130182.49161854592
9773,"      Dillingen a.d.Donau, Landkreis",2039,109698.15625057011,85808.99042737826,133860.19638849603
9773,"      Dillingen a.d.Donau, Landkreis",2040,110413.51307862496,83742.89689613729,136903.93354316917
9774,"      Günzburg, Landkreis",2025,130671.32347115804,130364.65855847512,130969.35004303468
9774,"      Günzburg, Landkreis",2026,131339.63985571312,130730.35294843854,132007.2490475103
9774,"      Günzburg, Landkreis",2027,132007.9562402682,130838.9806209269,133164.88281281802
9774,"      Günzburg, Landkreis",2028,132678.10362861658,130859.45952645104,134477.74424010035
9774,"      Günzburg, Landkreis",2029,133346.42001317168,130857.30899079544,135858.44287418373
9774,"      Günzburg, Landkreis",2030,134014.73639772675,130674.4952850727,137284.2474332962
9774,"      Günzburg, Landkreis",2031,134683.05278228183,130553.9388029856,138760.3423407668
9774,"      Günzburg, Landkreis",2032,135353.20017063024,130392.38379848209,140307.48351978505
9774,"      Günzburg, Landkreis",2033,136021.5165551853,130078.97484112444,141943.98799456385
9774,"      Günzburg, Landkreis",2034,136689.8329397404,129516.24361680144,143648.71705064902
9774,"      Günzburg, Landkreis",2035,137358.1493242955,129368.45199291392,145560.89127336972
9774,"      Günzburg, Landkreis",2036,138028.2967126439,128867.07182519512,147246.48019469544
9774,"      Günzburg, Landkreis",2037,138696.61309719895,128308.30250126332,149173.59838135616
9774,"      Günzburg, Landkreis",2038,139364.92948175405,127969.04482833877,150908.41700763805
9774,"      Günzburg, Landkreis",2039,140033.24586630915,127306.6094432169,153101.3540399318
9774,"      Günzburg, Landkreis",2040,140703.3932546575,126605.97061060808,155217.10252009713
9775,"      Neu-Ulm, Landkreis",2025,185491.1377402912,184972.27856488165,186103.1741600337
9775,"      Neu-Ulm, Landkreis",2026,187164.5751747877,185593.4121356626,189059.8523676697
9775,"      Neu-Ulm, Landkreis",2027,188838.01260928428,185724.23635749423,192463.1534837575
9775,"      Neu-Ulm, Landkreis",2028,190516.03480387537,185682.9862900584,196131.0458396184
9775,"      Neu-Ulm, Landkreis",2029,192189.472238372,185206.43081447348,200096.61012051025
9775,"      Neu-Ulm, Landkreis",2030,193862.90967286853,184320.12009258007,204642.49028882844
9775,"      Neu-Ulm, Landkreis",2031,195536.3471073651,183332.1674700767,209229.22217456563
9775,"      Neu-Ulm, Landkreis",2032,197214.36930195612,182302.23956259145,214040.83386362568
9775,"      Neu-Ulm, Landkreis",2033,198887.8067364528,181106.10403582288,218931.26609476955
9775,"      Neu-Ulm, Landkreis",2034,200561.24417094933,179743.72361269622,223579.13706757507
9775,"      Neu-Ulm, Landkreis",2035,202234.68160544592,178179.91393183885,228494.752486882
9775,"      Neu-Ulm, Landkreis",2036,203912.703800037,176352.8015410296,233433.8146666764
9775,"      Neu-Ulm, Landkreis",2037,205586.1412345336,174155.4786251807,239123.2822575796
9775,"      Neu-Ulm, Landkreis",2038,207259.57866903013,171792.0585735614,244037.5566557081
9775,"      Neu-Ulm, Landkreis",2039,208933.01610352672,169347.0134677431,250687.65872568672
9775,"      Neu-Ulm, Landkreis",2040,210611.0382981178,166515.43834237187,256938.97421761465
9776,"      Lindau (Bodensee), Landkreis",2025,82704.0360383513,82473.12817521144,82966.18147908915
9776,"      Lindau (Bodensee), Landkreis",2026,82970.6463998177,82112.41363465831,83784.7497594358
9776,"      Lindau (Bodensee), Landkreis",2027,83237.2567612841,81532.7401062176,84857.43527043182
9776,"      Lindau (Bodensee), Landkreis",2028,83504.59756209698,80980.71162412546,85988.36814467775
9776,"      Lindau (Bodensee), Landkreis",2029,83771.20792356336,80016.79723301997,87418.62843400278
9776,"      Lindau (Bodensee), Landkreis",2030,84037.81828502976,78895.09195945416,88924.72497140984
9776,"      Lindau (Bodensee), Landkreis",2031,84304.42864649615,77619.61149958998,90412.92312073536
9776,"      Lindau (Bodensee), Landkreis",2032,84571.76944730904,76507.79053929818,91964.56213800632
9776,"      Lindau (Bodensee), Landkreis",2033,84838.37980877544,75220.88381905585,93423.46912970232
9776,"      Lindau (Bodensee), Landkreis",2034,85104.99017024183,73789.46062130998,95123.05998440029
9776,"      Lindau (Bodensee), Landkreis",2035,85371.60053170823,72358.98008796379,96848.0366743699
9776,"      Lindau (Bodensee), Landkreis",2036,85638.94133252109,71220.9965377417,98724.31889767484
9776,"      Lindau (Bodensee), Landkreis",2037,85905.5516939875,69893.90822654509,100793.5101212924
9776,"      Lindau (Bodensee), Landkreis",2038,86172.16205545388,68200.36251007736,102539.69308537964
9776,"      Lindau (Bodensee), Landkreis",2039,86438.77241692028,66498.83062513155,104493.5229723127
9776,"      Lindau (Bodensee), Landkreis",2040,86706.11321773315,64430.73070974441,106626.7780715386
9777,"      Ostallgäu, Landkreis",2025,143005.1471664856,142071.13955262728,143965.7352479047
9777,"      Ostallgäu, Landkreis",2026,143950.64995834528,140749.4137881778,146973.45477753738
9777,"      Ostallgäu, Landkreis",2027,144896.152750205,138863.3180428167,150400.3652248762
9777,"      Ostallgäu, Landkreis",2028,145844.24596067253,136899.22394427896,155104.91680952665
9777,"      Ostallgäu, Landkreis",2029,146789.74875253224,133651.58602188618,159860.49745689402
9777,"      Ostallgäu, Landkreis",2030,147735.2515443919,130420.90215749768,165041.6981714178
9777,"      Ostallgäu, Landkreis",2031,148680.75433625162,126161.40507970414,170371.89188551632
9777,"      Ostallgäu, Landkreis",2032,149628.84754671916,122392.30166761264,176210.42837149027
9777,"      Ostallgäu, Landkreis",2033,150574.35033857886,119035.66184189802,182226.75155229509
9777,"      Ostallgäu, Landkreis",2034,151519.85313043857,114489.6627017732,189135.67115172176
9777,"      Ostallgäu, Landkreis",2035,152465.35592229827,108964.9020901594,195942.64600718947
9777,"      Ostallgäu, Landkreis",2036,153413.4491327658,102386.527870241,203328.7715689914
9777,"      Ostallgäu, Landkreis",2037,154358.9519246255,97499.3028905016,211127.9663354953
9777,"      Ostallgäu, Landkreis",2038,155304.4547164852,91612.30251845426,218742.2587332724
9777,"      Ostallgäu, Landkreis",2039,156249.95750834487,84970.01649229329,227901.9960662084
9777,"      Ostallgäu, Landkreis",2040,157198.05071881242,78434.52785382252,235848.84439828305
9778,"      Unterallgäu, Landkreis",2025,146350.55497379895,144949.7237093598,147766.80029767795
9778,"      Unterallgäu, Landkreis",2026,146475.92230632092,145035.3477438476,147959.9076974774
9778,"      Unterallgäu, Landkreis",2027,146601.2896388429,144963.8483191494,148247.7027137363
9778,"      Unterallgäu, Landkreis",2028,146727.00044350876,144920.0531904648,148481.54285915877
9778,"      Unterallgäu, Landkreis",2029,146852.36777603076,144848.71598330507,148804.36030650832
9778,"      Unterallgäu, Landkreis",2030,146977.73510855273,144574.83163945214,149309.2943097483
9778,"      Unterallgäu, Landkreis",2031,147103.1024410747,144545.00838448553,149651.03327089496
9778,"      Unterallgäu, Landkreis",2032,147228.81324574057,144044.13158552896,150263.2095623856
9778,"      Unterallgäu, Landkreis",2033,147354.18057826257,143660.31556038404,151094.01426091525
9778,"      Unterallgäu, Landkreis",2034,147479.54791078452,142862.015296449,151715.3625336918
9778,"      Unterallgäu, Landkreis",2035,147604.91524330652,142783.54113253352,152395.31191771064
9778,"      Unterallgäu, Landkreis",2036,147730.6260479724,142381.57262192597,153142.41988279985
9778,"      Unterallgäu, Landkreis",2037,147855.99338049433,141599.08129099332,153907.45187396242
9778,"      Unterallgäu, Landkreis",2038,147981.36071301633,141041.8421600249,154737.71554826747
9778,"      Unterallgäu, Landkreis",2039,148106.7280455383,140499.1992022928,155801.31809647908
9778,"      Unterallgäu, Landkreis",2040,148232.4388502042,139739.74839377165,156867.95588680703
9779,"      Donau-Ries, Landkreis",2025,135829.5259363806,135415.33305884295,136222.5856312702
9779,"      Donau-Ries, Landkreis",2026,136484.3818358196,135142.53043225745,137725.30099218138
9779,"      Donau-Ries, Landkreis",2027,137139.2377352586,134456.04321917667,139840.3601647331
9779,"      Donau-Ries, Landkreis",2028,137795.88776044946,133641.67441229758,141983.6071298596
9779,"      Donau-Ries, Landkreis",2029,138450.74365988845,132593.46118583062,144463.71480312076
9779,"      Donau-Ries, Landkreis",2030,139105.59955932747,131505.1364169167,147096.83535361566
9779,"      Donau-Ries, Landkreis",2031,139760.45545876646,129702.67838659348,149689.2946466095
9779,"      Donau-Ries, Landkreis",2032,140417.10548395733,127508.90293087951,152648.04433700835
9779,"      Donau-Ries, Landkreis",2033,141071.96138339632,125438.32675549776,155858.78010863822
9779,"      Donau-Ries, Landkreis",2034,141726.8172828353,123494.38694212792,159050.16748167685
9779,"      Donau-Ries, Landkreis",2035,142381.6731822743,121075.10265204014,162063.52442029916
9779,"      Donau-Ries, Landkreis",2036,143038.32320746518,118812.40015194684,165231.29071891168
9779,"      Donau-Ries, Landkreis",2037,143693.17910690416,116659.22132235915,168349.8710619617
9779,"      Donau-Ries, Landkreis",2038,144348.03500634318,113749.92215385396,172525.46680603194
9779,"      Donau-Ries, Landkreis",2039,145002.89090578214,111121.01764497628,175713.48651186033
9779,"      Donau-Ries, Landkreis",2040,145659.54093097305,108288.88161610498,179509.8069962067
9780,"      Oberallgäu, Landkreis",2025,153745.76645492442,152316.7184672987,155108.89873338162
9780,"      Oberallgäu, Landkreis",2026,153331.585261716,151841.2329041727,154816.05785822932
9780,"      Oberallgäu, Landkreis",2027,152917.4040685076,151313.42410747943,154453.60196352916
9780,"      Oberallgäu, Landkreis",2028,152502.0881323041,150764.21136283994,154190.4939884772
9780,"      Oberallgäu, Landkreis",2029,152087.9069390957,150002.74464244707,154013.13273639322
9780,"      Oberallgäu, Landkreis",2030,151673.72574588732,149170.2325614003,154231.87289191043
9780,"      Oberallgäu, Landkreis",2031,151259.5445526789,148400.5313786363,154174.11399618717
9780,"      Oberallgäu, Landkreis",2032,150844.22861647542,147346.79882336935,154159.9065820091
9780,"      Oberallgäu, Landkreis",2033,150430.047423267,146224.63231849862,154278.24830883247
9780,"      Oberallgäu, Landkreis",2034,150015.8662300586,145256.24897958196,154516.88242234138
9780,"      Oberallgäu, Landkreis",2035,149601.6850368502,144293.4004531914,154820.91321170685
9780,"      Oberallgäu, Landkreis",2036,149186.3691006467,142877.80708591512,155154.22484620448
9780,"      Oberallgäu, Landkreis",2037,148772.1879074383,142029.95409134953,155258.39845581184
9780,"      Oberallgäu, Landkreis",2038,148358.00671422988,140568.21925362974,155682.45736157047
9780,"      Oberallgäu, Landkreis",2039,147943.8255210215,139630.9162645162,156332.8337524966
9780,"      Oberallgäu, Landkreis",2040,147528.509584818,138408.95269715172,156734.01809104884
10041,"      Saarbrücken, Regionalverband",2025,334576.23482788354,333450.64489553624,335562.279519035
10041,"      Saarbrücken, Regionalverband",2026,335826.83411356894,332463.7196054441,338787.9363472557
10041,"      Saarbrücken, Regionalverband",2027,337077.4333992544,330427.52113948006,342721.9596344239
10041,"      Saarbrücken, Regionalverband",2028,338331.45898435265,327614.4959270989,347591.568889308
10041,"      Saarbrücken, Regionalverband",2029,339582.05827003816,324655.9774965889,353267.48035473924
10041,"      Saarbrücken, Regionalverband",2030,340832.6575557236,320422.6673792622,358435.1589666692
10041,"      Saarbrücken, Regionalverband",2031,342083.256841409,316198.8283745024,364056.0265563442
10041,"      Saarbrücken, Regionalverband",2032,343337.28242650727,311358.7457025678,370546.2515242201
10041,"      Saarbrücken, Regionalverband",2033,344587.8817121928,306077.5183322262,377246.5801446914
10041,"      Saarbrücken, Regionalverband",2034,345838.4809978782,299423.1590832047,383919.4699674091
10041,"      Saarbrücken, Regionalverband",2035,347089.08028356364,293967.8810198143,391833.5620265826
10041,"      Saarbrücken, Regionalverband",2036,348343.1058686619,287474.0559634623,400796.5967347032
10041,"      Saarbrücken, Regionalverband",2037,349593.7051543473,280160.06303420354,409194.71324718767
10041,"      Saarbrücken, Regionalverband",2038,350844.30444003275,272719.3349078556,417719.6801709135
10041,"      Saarbrücken, Regionalverband",2039,352094.90372571826,265870.0650084375,427050.0114224347
10041,"      Saarbrücken, Regionalverband",2040,353348.9293108165,258547.07619925227,433762.3561673603
10041100,"      Saarbrücken, Landeshauptstadt",2025,184437.48100647025,183954.8763551252,184928.04442493865
10041100,"      Saarbrücken, Landeshauptstadt",2026,185785.9897184704,184141.7766898317,187200.81542546808
10041100,"      Saarbrücken, Landeshauptstadt",2027,187134.4984304706,183803.21798843503,189995.8895790052
10041100,"      Saarbrücken, Landeshauptstadt",2028,188486.7016868872,183451.1616396189,193071.12348058767
10041100,"      Saarbrücken, Landeshauptstadt",2029,189835.21039888737,182863.48051766888,196318.1539216208
10041100,"      Saarbrücken, Landeshauptstadt",2030,191183.7191108876,182453.9433714246,199550.72674134767
10041100,"      Saarbrücken, Landeshauptstadt",2031,192532.2278228877,181507.6753851857,203286.948003612
10041100,"      Saarbrücken, Landeshauptstadt",2032,193884.4310793043,180571.6444053932,207498.499602696
10041100,"      Saarbrücken, Landeshauptstadt",2033,195232.9397913045,179179.6548550314,211726.90179666696
10041100,"      Saarbrücken, Landeshauptstadt",2034,196581.44850330468,177548.7843212271,216196.22344846613
10041100,"      Saarbrücken, Landeshauptstadt",2035,197929.9572153049,175277.22848326858,220162.6035476869
10041100,"      Saarbrücken, Landeshauptstadt",2036,199282.1604717215,173531.26685941633,225023.8893513236
10041100,"      Saarbrücken, Landeshauptstadt",2037,200630.66918372165,171508.71095762457,229746.9854098413
10041100,"      Saarbrücken, Landeshauptstadt",2038,201979.1778957218,169358.38952323666,234171.99142230503
10041100,"      Saarbrücken, Landeshauptstadt",2039,203327.686607722,166714.2226571244,239755.6531148172
10041100,"      Saarbrücken, Landeshauptstadt",2040,204679.8898641386,164188.41893683377,245659.29741260048
10042,"      Merzig-Wadern, Landkreis",2025,111189.39879027846,109652.86797749148,112615.86093977904
10042,"      Merzig-Wadern, Landkreis",2026,112624.69727573777,111147.2149077152,114148.37953198233
10042,"      Merzig-Wadern, Landkreis",2027,114059.99576119705,112349.2719833434,115639.92967400886
10042,"      Merzig-Wadern, Landkreis",2028,115499.22657127402,113580.77902041707,117616.79760324676
10042,"      Merzig-Wadern, Landkreis",2029,116934.5250567333,114506.77417245938,119365.22696012777
10042,"      Merzig-Wadern, Landkreis",2030,118369.82354219258,115367.45137654088,121345.66718910215
10042,"      Merzig-Wadern, Landkreis",2031,119805.12202765189,116327.49721982137,123161.36793993544
10042,"      Merzig-Wadern, Landkreis",2032,121244.35283772885,116635.45270495785,125244.59675398572
10042,"      Merzig-Wadern, Landkreis",2033,122679.65132318814,117650.3159883301,127583.66508308396
10042,"      Merzig-Wadern, Landkreis",2034,124114.94980864742,117970.48826280546,129529.82075133103
10042,"      Merzig-Wadern, Landkreis",2035,125550.24829410671,118892.06510000772,131978.10876425283
10042,"      Merzig-Wadern, Landkreis",2036,126989.47910418369,118871.17655942326,134291.072549971
10042,"      Merzig-Wadern, Landkreis",2037,128424.777589643,119448.23830750983,136761.29903789723
10042,"      Merzig-Wadern, Landkreis",2038,129860.07607510228,120490.24253622748,139184.25439983123
10042,"      Merzig-Wadern, Landkreis",2039,131295.37456056155,120570.35085559064,141528.56632562776
10042,"      Merzig-Wadern, Landkreis",2040,132734.60537063854,121036.36617912407,143923.25924747664
10043,"      Neunkirchen, Landkreis",2025,133118.53270856413,132325.9568915675,133892.66348035895
10043,"      Neunkirchen, Landkreis",2026,132949.19338656086,130561.35369821957,135283.49964397174
10043,"      Neunkirchen, Landkreis",2027,132779.85406455758,128004.40118075092,137350.12792733943
10043,"      Neunkirchen, Landkreis",2028,132610.05079920634,125286.560395713,139938.79570104557
10043,"      Neunkirchen, Landkreis",2029,132440.71147720306,122286.09465595246,142438.93342535934
10043,"      Neunkirchen, Landkreis",2030,132271.3721551998,118244.48025705044,146400.66564502846
10043,"      Neunkirchen, Landkreis",2031,132102.03283319648,114243.4789717064,150375.75151039634
10043,"      Neunkirchen, Landkreis",2032,131932.22956784526,109863.38241774616,154466.03507265754
10043,"      Neunkirchen, Landkreis",2033,131762.89024584196,105180.5409768974,158342.738464266
10043,"      Neunkirchen, Landkreis",2034,131593.5509238387,100404.5914105072,161685.29434789275
10043,"      Neunkirchen, Landkreis",2035,131424.2116018354,95372.22691258368,166427.1763116342
10043,"      Neunkirchen, Landkreis",2036,131254.40833648416,90209.17078687844,171602.61438683872
10043,"      Neunkirchen, Landkreis",2037,131085.0690144809,84232.37756914308,175765.40466045126
10043,"      Neunkirchen, Landkreis",2038,130915.7296924776,77779.25065156359,180942.151332088
10043,"      Neunkirchen, Landkreis",2039,130746.39037047431,71494.8010748021,185627.4697879589
10043,"      Neunkirchen, Landkreis",2040,130576.58710512306,66447.22661330142,191760.62689715275
10044,"      Saarlouis, Landkreis",2025,210001.20377440937,206950.6082700271,212942.58462254293
10044,"      Saarlouis, Landkreis",2026,213022.10620822708,209973.1951667616,216449.6581109937
10044,"      Saarlouis, Landkreis",2027,216043.0086420448,212239.57383768068,219774.67332455047
10044,"      Saarlouis, Landkreis",2028,219072.18752088668,214741.3043729649,223514.168639316
10044,"      Saarlouis, Landkreis",2029,222093.0899547044,216216.93909597,227211.56862424663
10044,"      Saarlouis, Landkreis",2030,225113.99238852208,217922.3715687105,231868.46115675312
10044,"      Saarlouis, Landkreis",2031,228134.89482233976,219289.72936919893,236288.99230923905
10044,"      Saarlouis, Landkreis",2032,231164.0737011816,220801.93844399927,240491.221416301
10044,"      Saarlouis, Landkreis",2033,234184.97613499936,222367.78106672256,245638.6786051165
10044,"      Saarlouis, Landkreis",2034,237205.87856881708,223682.99180430025,250152.911617927
10044,"      Saarlouis, Landkreis",2035,240226.7810026348,224551.30998883987,254942.9193381028
10044,"      Saarlouis, Landkreis",2036,243255.95988147665,225588.3493353577,259324.59117435195
10044,"      Saarlouis, Landkreis",2037,246276.8623152944,225959.3148472389,264527.07741976844
10044,"      Saarlouis, Landkreis",2038,249297.76474911207,226889.0445936069,269917.03865780507
10044,"      Saarlouis, Landkreis",2039,252318.66718292976,227226.0521444604,275249.4294461838
10044,"      Saarlouis, Landkreis",2040,255347.8460617716,228597.6869901626,280596.3005518908
10045,      Saarpfalz-Kreis,2025,143960.81148855726,143135.81968690068,144766.5377757336
10045,      Saarpfalz-Kreis,2026,143765.37214303942,141172.17337895924,146375.54579831887
10045,      Saarpfalz-Kreis,2027,143569.9327975216,138721.19572491865,148730.84519611817
10045,      Saarpfalz-Kreis,2028,143373.95800174205,135498.17495311526,151437.67553638807
10045,      Saarpfalz-Kreis,2029,143178.51865622425,131920.67489591622,154353.96111722646
10045,      Saarpfalz-Kreis,2030,142983.07931070638,128424.95979763394,157878.20780845615
10045,      Saarpfalz-Kreis,2031,142787.63996518854,124151.93431758686,161446.0903058158
10045,      Saarpfalz-Kreis,2032,142591.665169409,118950.17621325888,165779.52698482355
10045,      Saarpfalz-Kreis,2033,142396.2258238912,114005.00648397829,170771.96034320028
10045,      Saarpfalz-Kreis,2034,142200.78647837334,108261.20500116303,176967.96079390965
10045,      Saarpfalz-Kreis,2035,142005.34713285553,103122.4628966038,182127.9700746773
10045,      Saarpfalz-Kreis,2036,141809.372337076,96550.9971046972,188547.3920352862
10045,      Saarpfalz-Kreis,2037,141613.93299155816,89356.4635437839,193359.54077981063
10045,      Saarpfalz-Kreis,2038,141418.49364604033,82084.02171747801,198632.6936664848
10045,      Saarpfalz-Kreis,2039,141223.0543005225,74043.69558611135,204706.44318256425
10045,      Saarpfalz-Kreis,2040,141027.07950474296,67709.80790508498,211267.78654666856
10046,"      St. Wendel, Landkreis",2025,87772.94890336315,87320.67697454021,88183.52506769505
10046,"      St. Wendel, Landkreis",2026,87681.5058674458,86128.80108914038,89050.27101048864
10046,"      St. Wendel, Landkreis",2027,87590.06283152844,84657.97621000718,90391.79569401906
10046,"      St. Wendel, Landkreis",2028,87498.36926674555,82682.71050554156,91904.34086478864
10046,"      St. Wendel, Landkreis",2029,87406.92623082819,80879.6763338972,93977.76877790169
10046,"      St. Wendel, Landkreis",2030,87315.48319491083,78580.26927752257,95645.50730094672
10046,"      St. Wendel, Landkreis",2031,87224.04015899348,76248.12988378048,97700.01240060014
10046,"      St. Wendel, Landkreis",2032,87132.3465942106,73612.6148186552,99840.20469140276
10046,"      St. Wendel, Landkreis",2033,87040.90355829324,70688.1618376376,102207.49850362858
10046,"      St. Wendel, Landkreis",2034,86949.46052237587,67640.3361308999,105004.249280624
10046,"      St. Wendel, Landkreis",2035,86858.01748645851,64484.61579412971,107921.51344619117
10046,"      St. Wendel, Landkreis",2036,86766.32392167563,61402.28259652818,110779.81279539656
10046,"      St. Wendel, Landkreis",2037,86674.88088575828,58121.3784870524,113714.69111763344
10046,"      St. Wendel, Landkreis",2038,86583.43784984092,54649.80489544401,117068.17738089563
10046,"      St. Wendel, Landkreis",2039,86491.99481392356,51329.55756962793,119779.30673101232
10046,"      St. Wendel, Landkreis",2040,86400.30124914067,48060.03981239584,123996.786100872
12051,"      Brandenburg an der Havel, kreisfreie Stadt",2025,74390.9453979114,74109.7120559797,74646.63730867616
12051,"      Brandenburg an der Havel, kreisfreie Stadt",2026,74642.50943312427,73797.52659333691,75506.99646827843
12051,"      Brandenburg an der Havel, kreisfreie Stadt",2027,74894.07346833713,73383.25842725084,76554.52695718962
12051,"      Brandenburg an der Havel, kreisfreie Stadt",2028,75146.3267200848,72650.45042161248,77803.42991942808
12051,"      Brandenburg an der Havel, kreisfreie Stadt",2029,75397.89075529766,71803.37849081724,79107.30937143353
12051,"      Brandenburg an der Havel, kreisfreie Stadt",2030,75649.45479051053,70804.61160343148,80478.5085879278
12051,"      Brandenburg an der Havel, kreisfreie Stadt",2031,75901.01882572338,69546.55281463166,81912.39883991578
12051,"      Brandenburg an der Havel, kreisfreie Stadt",2032,76153.27207747108,68144.90140123734,83559.20562823222
12051,"      Brandenburg an der Havel, kreisfreie Stadt",2033,76404.83611268392,66816.95170600513,85036.24117186916
12051,"      Brandenburg an der Havel, kreisfreie Stadt",2034,76656.40014789678,65306.598680641226,86839.51732443602
12051,"      Brandenburg an der Havel, kreisfreie Stadt",2035,76907.96418310964,64004.69686058277,88771.46348030471
12051,"      Brandenburg an der Havel, kreisfreie Stadt",2036,77160.21743485733,62137.980800819154,91075.51898802708
12051,"      Brandenburg an der Havel, kreisfreie Stadt",2037,77411.78147007019,60544.89617959005,93573.31832312906
12051,"      Brandenburg an der Havel, kreisfreie Stadt",2038,77663.34550528302,58828.19266525821,95804.3804208206
12051,"      Brandenburg an der Havel, kreisfreie Stadt",2039,77914.9095404959,57103.45077006536,98455.31858279213
12051,"      Brandenburg an der Havel, kreisfreie Stadt",2040,78167.16279224359,55735.3005302894,101109.6918167638
12052,"      Cottbus, kreisfreie Stadt",2025,93224.21362956158,92062.51080869188,94317.08726241438
12052,"      Cottbus, kreisfreie Stadt",2026,92200.72595012518,91052.96709148724,93455.54704580216
12052,"      Cottbus, kreisfreie Stadt",2027,91177.2382706888,89809.16286549544,92501.81000002589
12052,"      Cottbus, kreisfreie Stadt",2028,90150.94651541833,88668.4232555588,91681.3050435291
12052,"      Cottbus, kreisfreie Stadt",2029,89127.45883598193,87336.72517479646,91056.79748933043
12052,"      Cottbus, kreisfreie Stadt",2030,88103.97115654554,86136.86101809992,90262.17058935718
12052,"      Cottbus, kreisfreie Stadt",2031,87080.48347710916,84664.55727083191,89709.24465787316
12052,"      Cottbus, kreisfreie Stadt",2032,86054.19172183868,83253.48081262587,88867.38269345678
12052,"      Cottbus, kreisfreie Stadt",2033,85030.7040424023,81634.43688786087,88679.09088139095
12052,"      Cottbus, kreisfreie Stadt",2034,84007.2163629659,80125.49500701176,88127.56376483514
12052,"      Cottbus, kreisfreie Stadt",2035,82983.72868352951,78431.74027955552,87897.00439705777
12052,"      Cottbus, kreisfreie Stadt",2036,81957.43692825905,76686.08957929561,87411.9764657328
12052,"      Cottbus, kreisfreie Stadt",2037,80933.94924882265,74961.25757461357,87087.15110832124
12052,"      Cottbus, kreisfreie Stadt",2038,79910.46156938626,73380.80212975512,86732.72229232201
12052,"      Cottbus, kreisfreie Stadt",2039,78886.97388994986,71691.94944649939,86338.85090368187
12052,"      Cottbus, kreisfreie Stadt",2040,77860.6821346794,70133.5300549726,86263.60682693483
12053,"      Frankfurt (Oder), kreisfreie Stadt",2025,57518.64426669563,57315.729374726645,57697.10263859389
12053,"      Frankfurt (Oder), kreisfreie Stadt",2026,57843.33658087151,57275.0382742837,58318.55431113682
12053,"      Frankfurt (Oder), kreisfreie Stadt",2027,58168.028895047406,57102.59882419591,59085.282321818006
12053,"      Frankfurt (Oder), kreisfreie Stadt",2028,58493.61077720734,56786.04960132764,59915.26563454432
12053,"      Frankfurt (Oder), kreisfreie Stadt",2029,58818.303091383226,56379.83507482752,60841.61183782953
12053,"      Frankfurt (Oder), kreisfreie Stadt",2030,59142.99540555912,55892.01885900104,61873.65042351199
12053,"      Frankfurt (Oder), kreisfreie Stadt",2031,59467.68771973501,55370.98255499474,62870.04832952229
12053,"      Frankfurt (Oder), kreisfreie Stadt",2032,59793.26960189495,54950.77404497174,63885.65140571833
12053,"      Frankfurt (Oder), kreisfreie Stadt",2033,60117.96191607083,54373.14787835822,65012.92014350475
12053,"      Frankfurt (Oder), kreisfreie Stadt",2034,60442.65423024672,53690.6698023059,66096.72504914059
12053,"      Frankfurt (Oder), kreisfreie Stadt",2035,60767.34654442261,53063.46032200926,67434.56782726302
12053,"      Frankfurt (Oder), kreisfreie Stadt",2036,61092.92842658254,52447.399298850905,68668.37701211213
12053,"      Frankfurt (Oder), kreisfreie Stadt",2037,61417.62074075843,51772.36768428515,70034.40683763422
12053,"      Frankfurt (Oder), kreisfreie Stadt",2038,61742.313054934326,50753.12096746772,71459.89405735047
12053,"      Frankfurt (Oder), kreisfreie Stadt",2039,62067.005369110215,49998.23773363364,72698.21224220851
12053,"      Frankfurt (Oder), kreisfreie Stadt",2040,62392.58725127014,49240.55250988561,74223.63296196115
12054,"      Potsdam, kreisfreie Stadt",2025,185748.9577704532,185243.3904848281,186273.10330013145
12054,"      Potsdam, kreisfreie Stadt",2026,186613.5902807059,185014.5196774153,188152.87215402955
12054,"      Potsdam, kreisfreie Stadt",2027,187478.22279095856,184249.2472873559,190505.60663441583
12054,"      Potsdam, kreisfreie Stadt",2028,188345.2241574037,183429.7288419359,193118.75965132503
12054,"      Potsdam, kreisfreie Stadt",2029,189209.8566676564,182455.90139057345,196045.68821033696
12054,"      Potsdam, kreisfreie Stadt",2030,190074.4891779091,180706.89707602767,198995.8882302809
12054,"      Potsdam, kreisfreie Stadt",2031,190939.12168816177,179002.63961809018,202447.51223639463
12054,"      Potsdam, kreisfreie Stadt",2032,191806.12305460696,176759.7656124393,205845.00169704968
12054,"      Potsdam, kreisfreie Stadt",2033,192670.75556485963,175218.6136805402,209083.7423854059
12054,"      Potsdam, kreisfreie Stadt",2034,193535.3880751123,173365.634306938,212641.9520466097
12054,"      Potsdam, kreisfreie Stadt",2035,194400.02058536492,170820.77139878095,216691.5425037377
12054,"      Potsdam, kreisfreie Stadt",2036,195267.02195181017,168920.82535687304,220868.5848920429
12054,"      Potsdam, kreisfreie Stadt",2037,196131.65446206287,166319.12149040576,224639.59702771777
12054,"      Potsdam, kreisfreie Stadt",2038,196996.2869723156,164033.43358156996,229392.4304367632
12054,"      Potsdam, kreisfreie Stadt",2039,197860.91948256825,161726.4746502355,233021.72727485027
12054,"      Potsdam, kreisfreie Stadt",2040,198727.9208490134,158877.62052639734,237076.7977615195
12060,"      Barnim, Landkreis",2025,195466.8844384784,194983.3265419959,195972.3202231729
12060,"      Barnim, Landkreis",2026,196787.5524875389,195249.9993095873,198526.49842769583
12060,"      Barnim, Landkreis",2027,198108.22053659937,195093.1308582287,201297.9637072557
12060,"      Barnim, Landkreis",2028,199432.50685428744,194675.55149359905,204507.6926203536
12060,"      Barnim, Landkreis",2029,200753.1749033479,194309.33739435804,207742.3896395581
12060,"      Barnim, Landkreis",2030,202073.8429524084,193452.0698229576,211183.58045629848
12060,"      Barnim, Landkreis",2031,203394.51100146887,192355.690420828,214921.24200365867
12060,"      Barnim, Landkreis",2032,204718.7973191569,191524.949180358,219202.5407232971
12060,"      Barnim, Landkreis",2033,206039.46536821732,190568.4650491206,223390.2385272564
12060,"      Barnim, Landkreis",2034,207360.13341727783,189410.57365848104,228120.48007395328
12060,"      Barnim, Landkreis",2035,208680.8014663384,187602.29905023228,232300.256335186
12060,"      Barnim, Landkreis",2036,210005.0877840264,185857.0420993649,237204.9647794776
12060,"      Barnim, Landkreis",2037,211325.75583308688,184465.2338265247,240904.9692936821
12060,"      Barnim, Landkreis",2038,212646.42388214736,182996.69147104424,245379.370618705
12060,"      Barnim, Landkreis",2039,213967.09193120783,181017.68598596108,251769.9180629148
12060,"      Barnim, Landkreis",2040,215291.37824889584,179294.58458627612,256362.0015412692
12061,"      Dahme-Spreewald, Landkreis",2025,180027.13122770714,179632.6227748837,180421.7323502993
12061,"      Dahme-Spreewald, Landkreis",2026,181234.77735778585,179943.64519426788,182479.45740723825
12061,"      Dahme-Spreewald, Landkreis",2027,182442.4234878645,179912.16434935073,185158.6548056845
12061,"      Dahme-Spreewald, Landkreis",2028,183653.37823747765,179627.7032992227,187984.8983673185
12061,"      Dahme-Spreewald, Landkreis",2029,184861.02436755635,179254.26010511426,190818.2455917241
12061,"      Dahme-Spreewald, Landkreis",2030,186068.67049763503,178428.18431694497,194210.96827331456
12061,"      Dahme-Spreewald, Landkreis",2031,187276.31662771376,177253.92161649573,198011.9290715881
12061,"      Dahme-Spreewald, Landkreis",2032,188487.2713773269,176073.50287203136,201596.8823426664
12061,"      Dahme-Spreewald, Landkreis",2033,189694.9175074056,175032.72421714565,205101.3516816717
12061,"      Dahme-Spreewald, Landkreis",2034,190902.56363748424,174379.88111228248,208890.88147511263
12061,"      Dahme-Spreewald, Landkreis",2035,192110.20976756292,172837.04081047702,212661.9965897617
12061,"      Dahme-Spreewald, Landkreis",2036,193321.1645171761,171769.59460360755,216820.5992916944
12061,"      Dahme-Spreewald, Landkreis",2037,194528.8106472548,171015.55894366934,220824.55151544377
12061,"      Dahme-Spreewald, Landkreis",2038,195736.45677733351,169612.85787927522,225179.342802345
12061,"      Dahme-Spreewald, Landkreis",2039,196944.1029074122,167908.78723590792,229812.46891724665
12061,"      Dahme-Spreewald, Landkreis",2040,198155.0576570253,165958.8527987749,235019.43659422392
12062,"      Elbe-Elster, Landkreis",2025,97085.77099342956,96965.58421391596,97193.7883255842
12062,"      Elbe-Elster, Landkreis",2026,96229.49648665506,95848.76381159546,96608.26793259093
12062,"      Elbe-Elster, Landkreis",2027,95373.22197988056,94611.81674748538,96115.90165300536
12062,"      Elbe-Elster, Landkreis",2028,94514.60151555328,93309.82809451214,95720.0369277139
12062,"      Elbe-Elster, Landkreis",2029,93658.32700877875,92015.1878053722,95345.86113710672
12062,"      Elbe-Elster, Landkreis",2030,92802.05250200426,90656.57732594508,94988.13830401268
12062,"      Elbe-Elster, Landkreis",2031,91945.77799522976,89265.48485258638,94674.89421328474
12062,"      Elbe-Elster, Landkreis",2032,91087.15753090243,87701.62382323643,94391.67659425804
12062,"      Elbe-Elster, Landkreis",2033,90230.88302412796,86131.94120698965,94275.15432768836
12062,"      Elbe-Elster, Landkreis",2034,89374.60851735345,84656.27528343991,94212.03012976008
12062,"      Elbe-Elster, Landkreis",2035,88518.33401057895,83047.86341315033,94157.49919418046
12062,"      Elbe-Elster, Landkreis",2036,87659.71354625165,81333.72729030803,94111.8237809037
12062,"      Elbe-Elster, Landkreis",2037,86803.43903947713,79675.86421415748,93952.04023571468
12062,"      Elbe-Elster, Landkreis",2038,85947.16453270263,78003.64036356278,93967.6986680377
12062,"      Elbe-Elster, Landkreis",2039,85090.89002592814,76322.05360673883,93889.03401127088
12062,"      Elbe-Elster, Landkreis",2040,84232.26956160083,74519.47433481648,93881.36986800667
12063,"      Havelland, Landkreis",2025,172022.4433547666,171558.90503932812,172466.94824973503
12063,"      Havelland, Landkreis",2026,173191.17837048208,171643.4185765609,174640.04883156548
12063,"      Havelland, Landkreis",2027,174359.91338619756,171251.6258675716,177282.0232936137
12063,"      Havelland, Landkreis",2028,175531.85041565468,170373.4305390771,180100.63044343583
12063,"      Havelland, Landkreis",2029,176700.58543137016,169435.3779220927,183240.05745727904
12063,"      Havelland, Landkreis",2030,177869.3204470856,168503.67877730937,186683.1838721279
12063,"      Havelland, Landkreis",2031,179038.05546280107,167294.75422562557,189814.41167222947
12063,"      Havelland, Landkreis",2032,180209.9924922582,165901.4976271782,193794.79219972703
12063,"      Havelland, Landkreis",2033,181378.72750797367,164047.72721094784,197443.96103007224
12063,"      Havelland, Landkreis",2034,182547.4625236892,162783.78804475762,201557.10184037584
12063,"      Havelland, Landkreis",2035,183716.19753940465,160654.40360256162,205640.24762362608
12063,"      Havelland, Landkreis",2036,184888.1345688617,158696.76620998874,209600.23777788883
12063,"      Havelland, Landkreis",2037,186056.8695845772,157251.27110150395,213832.1431006941
12063,"      Havelland, Landkreis",2038,187225.60460029263,155125.8182286746,218187.97460212573
12063,"      Havelland, Landkreis",2039,188394.33961600813,153563.8795407661,222477.31459953223
12063,"      Havelland, Landkreis",2040,189566.2766454653,150910.24804584894,227332.3068554658
12064,"      Märkisch-Oderland, Landkreis",2025,198372.63558276035,197970.649375772,198757.05831382712
12064,"      Märkisch-Oderland, Landkreis",2026,198799.7595649086,197583.0745106713,199953.03703506003
12064,"      Märkisch-Oderland, Landkreis",2027,199226.88354705687,196895.94258334604,201529.8154538957
12064,"      Märkisch-Oderland, Landkreis",2028,199655.177731896,196056.22797984496,203383.9039802274
12064,"      Märkisch-Oderland, Landkreis",2029,200082.3017140442,194889.86764256711,205435.13006760585
12064,"      Märkisch-Oderland, Landkreis",2030,200509.4256961925,193541.00182581312,207689.8607088876
12064,"      Märkisch-Oderland, Landkreis",2031,200936.5496783408,192096.08513191785,210180.86431619828
12064,"      Märkisch-Oderland, Landkreis",2032,201364.84386317985,190366.6877490351,212754.0285739592
12064,"      Märkisch-Oderland, Landkreis",2033,201791.9678453281,188842.314027108,215454.87585194144
12064,"      Märkisch-Oderland, Landkreis",2034,202219.0918274764,187130.35896534275,217714.4048481492
12064,"      Märkisch-Oderland, Landkreis",2035,202646.2158096246,185428.85882679964,221046.23883636465
12064,"      Märkisch-Oderland, Landkreis",2036,203074.5099944637,183405.04446799908,223823.80435147288
12064,"      Märkisch-Oderland, Landkreis",2037,203501.633976612,181121.27959800063,226788.0591794967
12064,"      Märkisch-Oderland, Landkreis",2038,203928.75795876028,178549.65072442128,230224.0049495977
12064,"      Märkisch-Oderland, Landkreis",2039,204355.88194090853,176011.87885644895,233658.4570666383
12064,"      Märkisch-Oderland, Landkreis",2040,204784.1761257476,173436.1625945604,237630.29826893832
12065,"      Oberhavel, Landkreis",2025,218116.95515777275,217909.1763979492,218330.3052983406
12065,"      Oberhavel, Landkreis",2026,218536.88284834253,217877.67528135385,219260.46188119863
12065,"      Oberhavel, Landkreis",2027,218956.8105389124,217734.05574349343,220378.49603250675
12065,"      Oberhavel, Landkreis",2028,219377.8887163057,217420.26943993065,221538.55118691552
12065,"      Oberhavel, Landkreis",2029,219797.8164068756,216943.05953019584,222896.79933214933
12065,"      Oberhavel, Landkreis",2030,220217.7440974454,216366.69551583525,224285.9790558249
12065,"      Oberhavel, Landkreis",2031,220637.6717880152,215749.2801358588,225649.96561812767
12065,"      Oberhavel, Landkreis",2032,221058.74996540853,214708.00328073205,227276.109116226
12065,"      Oberhavel, Landkreis",2033,221478.6776559784,213791.29481600173,229104.24951159183
12065,"      Oberhavel, Landkreis",2034,221898.60534654823,212784.64241169783,230856.6367095435
12065,"      Oberhavel, Landkreis",2035,222318.5330371181,211997.7039527444,232945.569838889
12065,"      Oberhavel, Landkreis",2036,222739.6112145114,210938.81164652912,234809.66172125505
12065,"      Oberhavel, Landkreis",2037,223159.5389050812,209766.81103971635,236484.45350728417
12065,"      Oberhavel, Landkreis",2038,223579.46659565103,208452.71978432155,238542.27223431223
12065,"      Oberhavel, Landkreis",2039,223999.3942862209,207133.52062956092,240455.0833617187
12065,"      Oberhavel, Landkreis",2040,224420.47246361425,205902.53098425647,242627.56279807183
12066,"      Oberspreewald-Lausitz, Landkreis",2025,107141.95598513928,106596.4832245722,107758.97100600984
12066,"      Oberspreewald-Lausitz, Landkreis",2026,106493.86058672746,104672.94973124164,108437.44111341923
12066,"      Oberspreewald-Lausitz, Landkreis",2027,105845.76518831568,102206.3110229745,109401.67809915148
12066,"      Oberspreewald-Lausitz, Landkreis",2028,105195.8941860726,99424.58780712324,110804.71496935436
12066,"      Oberspreewald-Lausitz, Landkreis",2029,104547.7987876608,96414.8502240122,112500.10322024452
12066,"      Oberspreewald-Lausitz, Landkreis",2030,103899.703389249,92674.7532904522,114325.71355553584
12066,"      Oberspreewald-Lausitz, Landkreis",2031,103251.6079908372,89548.19490086766,116359.70764545888
12066,"      Oberspreewald-Lausitz, Landkreis",2032,102601.73698859414,85925.08235004309,118056.73677776914
12066,"      Oberspreewald-Lausitz, Landkreis",2033,101953.64159018232,82173.14000531535,120694.05385578056
12066,"      Oberspreewald-Lausitz, Landkreis",2034,101305.54619177053,77693.12403746964,123405.39506772938
12066,"      Oberspreewald-Lausitz, Landkreis",2035,100657.45079335872,73216.70743184211,126460.4894322811
12066,"      Oberspreewald-Lausitz, Landkreis",2036,100007.57979111568,68111.47523019476,129461.3484155704
12066,"      Oberspreewald-Lausitz, Landkreis",2037,99359.48439270386,63861.41697682781,132733.43388294242
12066,"      Oberspreewald-Lausitz, Landkreis",2038,98711.38899429208,58588.95624689974,135829.2866745688
12066,"      Oberspreewald-Lausitz, Landkreis",2039,98063.29359588028,54626.00147760264,139018.66727682733
12066,"      Oberspreewald-Lausitz, Landkreis",2040,97413.4225936372,49271.55083082502,142330.07119108873
12067,"      Oder-Spree, Landkreis",2025,180182.4565003771,179732.56065535586,180696.7018106993
12067,"      Oder-Spree, Landkreis",2026,180276.18502374145,178996.66356820348,181714.23381769288
12067,"      Oder-Spree, Landkreis",2027,180369.9135471057,177896.96846663998,183141.9332036512
12067,"      Oder-Spree, Landkreis",2028,180463.89886094505,176658.72651242005,184777.4197485964
12067,"      Oder-Spree, Landkreis",2029,180557.6273843093,174852.24036628814,186664.54386430816
12067,"      Oder-Spree, Landkreis",2030,180651.3559076737,172926.64673206955,188855.86176358024
12067,"      Oder-Spree, Landkreis",2031,180745.084431038,171108.26227760015,190893.9008320984
12067,"      Oder-Spree, Landkreis",2032,180839.06974487728,169392.34855752403,193438.99325200712
12067,"      Oder-Spree, Landkreis",2033,180932.7982682416,166714.21948314866,196119.6785896636
12067,"      Oder-Spree, Landkreis",2034,181026.5267916059,164579.2465419318,198417.57950686832
12067,"      Oder-Spree, Landkreis",2035,181120.2553149702,162088.38473934235,201428.24004053083
12067,"      Oder-Spree, Landkreis",2036,181214.2406288095,159203.96284779345,203264.6213855882
12067,"      Oder-Spree, Landkreis",2037,181307.9691521738,156307.34431340563,207026.8430727752
12067,"      Oder-Spree, Landkreis",2038,181401.69767553813,153329.50747485447,210334.7131336569
12067,"      Oder-Spree, Landkreis",2039,181495.4261989024,150054.9766838247,213233.46799009776
12067,"      Oder-Spree, Landkreis",2040,181589.41151274173,146808.9425983329,216474.8907582409
12068,"      Ostprignitz-Ruppin, Landkreis",2025,99136.89596236292,98945.8672876629,99320.75869021968
12068,"      Ostprignitz-Ruppin, Landkreis",2026,99069.97301073092,98446.57293030336,99652.07457162254
12068,"      Ostprignitz-Ruppin, Landkreis",2027,99003.05005909892,97863.7745048306,100072.50750672175
12068,"      Ostprignitz-Ruppin, Landkreis",2028,98935.94375691452,97012.95625106068,100593.40361554384
12068,"      Ostprignitz-Ruppin, Landkreis",2029,98869.02080528252,96157.60516618,101153.36165842268
12068,"      Ostprignitz-Ruppin, Landkreis",2030,98802.09785365051,95195.97097255178,101861.78096138938
12068,"      Ostprignitz-Ruppin, Landkreis",2031,98735.17490201854,94211.80046087963,102719.48350882527
12068,"      Ostprignitz-Ruppin, Landkreis",2032,98668.06859983412,93201.25748781856,103626.91990405456
12068,"      Ostprignitz-Ruppin, Landkreis",2033,98601.14564820212,91967.59282581392,104425.27107064635
12068,"      Ostprignitz-Ruppin, Landkreis",2034,98534.22269657014,90747.5253538274,105505.85976742872
12068,"      Ostprignitz-Ruppin, Landkreis",2035,98467.29974493814,89241.4758863383,106549.75307276486
12068,"      Ostprignitz-Ruppin, Landkreis",2036,98400.19344275372,87766.48204154779,107593.6235154028
12068,"      Ostprignitz-Ruppin, Landkreis",2037,98333.27049112172,86328.66853511492,108801.23128423389
12068,"      Ostprignitz-Ruppin, Landkreis",2038,98266.34753948974,84928.50295070974,109951.38064712356
12068,"      Ostprignitz-Ruppin, Landkreis",2039,98199.42458785776,82979.23208734304,111621.1589604248
12068,"      Ostprignitz-Ruppin, Landkreis",2040,98132.31828567332,81493.40558294482,112799.77058839808
12069,"      Potsdam-Mittelmark, Landkreis",2025,222347.63971048195,221762.8055481967,222861.10573001413
12069,"      Potsdam-Mittelmark, Landkreis",2026,223434.12674315623,221603.46551121344,224939.9595539195
12069,"      Potsdam-Mittelmark, Landkreis",2027,224520.6137758306,220980.7477403868,227657.8085630779
12069,"      Potsdam-Mittelmark, Landkreis",2028,225610.0774853067,220349.0190724909,230744.422942769
12069,"      Potsdam-Mittelmark, Landkreis",2029,226696.56451798108,219552.81460935727,234273.70823964887
12069,"      Potsdam-Mittelmark, Landkreis",2030,227783.05155065536,217957.75872868253,237799.4153955914
12069,"      Potsdam-Mittelmark, Landkreis",2031,228869.53858332968,216298.37140337983,241217.77191462976
12069,"      Potsdam-Mittelmark, Landkreis",2032,229959.00229280585,214087.1632744177,245110.5486251813
12069,"      Potsdam-Mittelmark, Landkreis",2033,231045.4893254802,212214.69021906203,249161.11816169755
12069,"      Potsdam-Mittelmark, Landkreis",2034,232131.9763581545,210432.2916827829,252973.5283536733
12069,"      Potsdam-Mittelmark, Landkreis",2035,233218.4633908288,208459.1526139128,257103.5280394689
12069,"      Potsdam-Mittelmark, Landkreis",2036,234307.92710030492,206523.9780832984,261885.9881622756
12069,"      Potsdam-Mittelmark, Landkreis",2037,235394.4141329793,203466.75118078227,265701.2725786742
12069,"      Potsdam-Mittelmark, Landkreis",2038,236480.90116565363,199894.79344794952,270650.4555265573
12069,"      Potsdam-Mittelmark, Landkreis",2039,237567.3881983279,197018.09278966903,276687.2351233392
12069,"      Potsdam-Mittelmark, Landkreis",2040,238656.85190780408,192315.947266296,281369.97688545403
12070,"      Prignitz, Landkreis",2025,75308.65543934888,74872.0301037725,75708.5986141276
12070,"      Prignitz, Landkreis",2026,74954.45222422371,73648.45830528408,76304.64499017056
12070,"      Prignitz, Landkreis",2027,74600.24900909854,72180.81963402026,77201.45826594313
12070,"      Prignitz, Landkreis",2028,74245.07537420589,70315.26653660295,78305.45118429555
12070,"      Prignitz, Landkreis",2029,73890.87215908071,68070.64867270934,79590.83581317824
12070,"      Prignitz, Landkreis",2030,73536.66894395553,65621.31468530821,81260.33972563843
12070,"      Prignitz, Landkreis",2031,73182.46572883034,63253.27294706935,83114.56569286014
12070,"      Prignitz, Landkreis",2032,72827.2920939377,61034.91104167709,85222.52934919039
12070,"      Prignitz, Landkreis",2033,72473.08887881253,58142.57380464085,87539.67323284669
12070,"      Prignitz, Landkreis",2034,72118.88566368735,55429.28578156162,89947.15544731366
12070,"      Prignitz, Landkreis",2035,71764.68244856218,52452.7302775888,92485.76277086702
12070,"      Prignitz, Landkreis",2036,71409.50881366953,49118.78886576783,95242.65588919664
12070,"      Prignitz, Landkreis",2037,71055.30559854435,45777.96632310002,97571.30030284404
12070,"      Prignitz, Landkreis",2038,70701.10238341917,42475.374735273865,100733.37060845092
12070,"      Prignitz, Landkreis",2039,70346.899168294,38994.785706390205,104162.0569209088
12070,"      Prignitz, Landkreis",2040,69991.72553340136,34394.1967851832,107502.97296908453
12071,"      Spree-Neiße, Landkreis",2025,108980.11013019836,108807.32198611784,109164.30648423196
12071,"      Spree-Neiße, Landkreis",2026,108254.49363903262,107783.0078582028,108831.4043185001
12071,"      Spree-Neiße, Landkreis",2027,107528.8771478669,106595.24641052374,108675.744282175
12071,"      Spree-Neiße, Landkreis",2028,106801.2726663144,105339.4447280362,108602.013041801
12071,"      Spree-Neiße, Landkreis",2029,106075.65617514866,103942.76443544729,108642.36308407872
12071,"      Spree-Neiße, Landkreis",2030,105350.0396839829,102480.36292667405,108686.27379817991
12071,"      Spree-Neiße, Landkreis",2031,104624.42319281718,100859.64308928672,108990.01640734271
12071,"      Spree-Neiße, Landkreis",2032,103896.81871126468,99174.5177075426,109154.70194304312
12071,"      Spree-Neiße, Landkreis",2033,103171.20222009894,97397.304803486,109605.66619420148
12071,"      Spree-Neiße, Landkreis",2034,102445.5857289332,95559.88347632266,109958.2241715813
12071,"      Spree-Neiße, Landkreis",2035,101719.96923776748,93543.39072129402,110296.76515328042
12071,"      Spree-Neiße, Landkreis",2036,100992.36475621496,91552.20054375115,110878.11790656263
12071,"      Spree-Neiße, Landkreis",2037,100266.74826504922,89370.90459026776,111364.6865102393
12071,"      Spree-Neiße, Landkreis",2038,99541.13177388348,87110.60108791228,112060.55314243757
12071,"      Spree-Neiße, Landkreis",2039,98815.51528271774,85149.68588109163,112772.50456262947
12071,"      Spree-Neiße, Landkreis",2040,98087.91080116524,83036.45212265596,113725.90256128753
12072,"      Teltow-Fläming, Landkreis",2025,179141.82266320707,178602.6188861831,179633.12371223656
12072,"      Teltow-Fläming, Landkreis",2026,180284.4359284653,178786.0895607753,181597.3614123882
12072,"      Teltow-Fläming, Landkreis",2027,181427.0491937235,178633.69827352115,183916.228375298
12072,"      Teltow-Fläming, Landkreis",2028,182572.79290628372,178204.42340105103,186307.06432953567
12072,"      Teltow-Fläming, Landkreis",2029,183715.40617154195,177632.4916070656,189098.9222719585
12072,"      Teltow-Fläming, Landkreis",2030,184858.0194368002,176894.51260051338,192017.42153259268
12072,"      Teltow-Fläming, Landkreis",2031,186000.6327020584,176060.03693185028,195149.5356847265
12072,"      Teltow-Fläming, Landkreis",2032,187146.37641461863,174780.83256383965,198259.93502152569
12072,"      Teltow-Fläming, Landkreis",2033,188288.9896798769,173457.83969447884,201825.8225870169
12072,"      Teltow-Fläming, Landkreis",2034,189431.6029451351,171731.17679842966,205318.18725075293
12072,"      Teltow-Fläming, Landkreis",2035,190574.2162103933,170272.0069377597,209333.6539349729
12072,"      Teltow-Fläming, Landkreis",2036,191719.9599229536,168437.2306179087,213027.21785838885
12072,"      Teltow-Fläming, Landkreis",2037,192862.5731882118,166533.30488452534,217294.7068651135
12072,"      Teltow-Fläming, Landkreis",2038,194005.18645347,164268.7463223821,220882.169255103
12072,"      Teltow-Fläming, Landkreis",2039,195147.7997187282,161753.5371550638,225521.29127458704
12072,"      Teltow-Fläming, Landkreis",2040,196293.54343128848,159769.1132372172,229420.5018910494
12073,"      Uckermark, Landkreis",2025,117300.50357661609,116963.01494505396,117574.04867702718
12073,"      Uckermark, Landkreis",2026,117110.072754343,116108.05118095344,117989.10859269982
12073,"      Uckermark, Landkreis",2027,116919.64193206992,115009.82998030628,118720.62946897822
12073,"      Uckermark, Landkreis",2028,116728.68938151664,113788.3106120671,119513.08546776453
12073,"      Uckermark, Landkreis",2029,116538.2585592436,112237.45700670918,120732.68865497551
12073,"      Uckermark, Landkreis",2030,116347.82773697052,110787.95362778856,122132.18983288184
12073,"      Uckermark, Landkreis",2031,116157.39691469746,109198.29121635022,123563.41300703684
12073,"      Uckermark, Landkreis",2032,115966.4443641442,107321.5436728442,125074.75255274476
12073,"      Uckermark, Landkreis",2033,115776.01354187111,105588.67999507172,126527.01622845688
12073,"      Uckermark, Landkreis",2034,115585.58271959808,103524.28632443112,127903.60539809204
12073,"      Uckermark, Landkreis",2035,115395.151897325,101266.40791718816,129808.31834066074
12073,"      Uckermark, Landkreis",2036,115204.19934677173,99355.42694209854,131955.61280769014
12073,"      Uckermark, Landkreis",2037,115013.76852449866,97124.69277518742,134256.13027937926
12073,"      Uckermark, Landkreis",2038,114823.3377022256,94578.7455501841,136578.34701510202
12073,"      Uckermark, Landkreis",2039,114632.90687995253,92156.12381324769,138644.42555466763
12073,"      Uckermark, Landkreis",2040,114441.95432939926,89592.47787613807,140473.6525595912
13003,"      Rostock, kreisfreie Stadt",2025,206102.72695765385,205066.3457933829,207176.27386887936
13003,"      Rostock, kreisfreie Stadt",2026,206790.55450922257,203376.95932949008,210040.3010851085
13003,"      Rostock, kreisfreie Stadt",2027,207478.38206079128,200781.12442776555,214028.02257254784
13003,"      Rostock, kreisfreie Stadt",2028,208168.09407140536,197258.24794010725,219033.20693998347
13003,"      Rostock, kreisfreie Stadt",2029,208855.92162297407,193515.9558338751,223725.48787755985
13003,"      Rostock, kreisfreie Stadt",2030,209543.7491745428,189356.0987796292,228801.02496096224
13003,"      Rostock, kreisfreie Stadt",2031,210231.57672611147,184450.552906198,234696.67101572483
13003,"      Rostock, kreisfreie Stadt",2032,210921.2887367256,178395.21810489678,240040.64932164585
13003,"      Rostock, kreisfreie Stadt",2033,211609.11628829423,172403.48319918255,247504.1802752556
13003,"      Rostock, kreisfreie Stadt",2034,212296.943839863,166878.63792962875,254060.6236489875
13003,"      Rostock, kreisfreie Stadt",2035,212984.77139143168,159835.1312532383,261246.47119428572
13003,"      Rostock, kreisfreie Stadt",2036,213674.4834020458,152087.84684657605,267737.84857370186
13003,"      Rostock, kreisfreie Stadt",2037,214362.31095361448,144260.62624710533,277449.15522609337
13003,"      Rostock, kreisfreie Stadt",2038,215050.1385051832,136680.9086725898,285682.85477360664
13003,"      Rostock, kreisfreie Stadt",2039,215737.96605675187,128738.91546847353,293917.08015796763
13003,"      Rostock, kreisfreie Stadt",2040,216427.678067366,120054.42762371688,302237.54046136764
13004,"      Schwerin, kreisfreie Stadt",2025,98621.2921458932,98131.68037141966,99141.41552416592
13004,"      Schwerin, kreisfreie Stadt",2026,98970.12188165545,97409.82214640046,100603.73957842968
13004,"      Schwerin, kreisfreie Stadt",2027,99318.9516174177,96226.2820572599,102427.172547091
13004,"      Schwerin, kreisfreie Stadt",2028,99668.73705108614,94740.67409410213,104911.18931110288
13004,"      Schwerin, kreisfreie Stadt",2029,100017.56678684836,93141.40580272146,107371.84969084138
13004,"      Schwerin, kreisfreie Stadt",2030,100366.39652261062,91532.5817404248,110479.67716103376
13004,"      Schwerin, kreisfreie Stadt",2031,100715.22625837286,89283.12466174539,113307.43987586208
13004,"      Schwerin, kreisfreie Stadt",2032,101065.0116920413,87311.80160654431,116704.55572325348
13004,"      Schwerin, kreisfreie Stadt",2033,101413.84142780356,84541.32872838368,120027.44872794815
13004,"      Schwerin, kreisfreie Stadt",2034,101762.67116356578,82284.74250204327,123257.34152298611
13004,"      Schwerin, kreisfreie Stadt",2035,102111.50089932804,79763.66822849789,126731.26365140452
13004,"      Schwerin, kreisfreie Stadt",2036,102461.28633299647,77074.44600102324,130419.64935332486
13004,"      Schwerin, kreisfreie Stadt",2037,102810.11606875874,73578.99850448639,134511.48666659818
13004,"      Schwerin, kreisfreie Stadt",2038,103158.94580452098,70922.86997778817,138522.54601319192
13004,"      Schwerin, kreisfreie Stadt",2039,103507.7755402832,67623.64669807833,142869.6344894405
13004,"      Schwerin, kreisfreie Stadt",2040,103857.56097395168,64429.741494163965,147380.82152494375
13071,"      Mecklenburgische Seenplatte, Landkreis",2025,242243.7657956277,240169.2611554121,244232.66735241952
13071,"      Mecklenburgische Seenplatte, Landkreis",2026,239232.5845045245,237179.74445632577,241372.5988116396
13071,"      Mecklenburgische Seenplatte, Landkreis",2027,236221.40321342132,233813.48508721983,238593.08174045512
13071,"      Mecklenburgische Seenplatte, Landkreis",2028,233201.97211056176,230452.7299168972,235945.91285648823
13071,"      Mecklenburgische Seenplatte, Landkreis",2029,230190.7908194586,226942.79336467432,233469.6514120625
13071,"      Mecklenburgische Seenplatte, Landkreis",2030,227179.60952835545,222781.0346554204,231110.65124761368
13071,"      Mecklenburgische Seenplatte, Landkreis",2031,224168.4282372523,218892.09836404104,228621.0805185982
13071,"      Mecklenburgische Seenplatte, Landkreis",2032,221148.99713439267,215326.1372525901,226304.0263349067
13071,"      Mecklenburgische Seenplatte, Landkreis",2033,218137.8158432895,210998.91198543424,224909.43039568345
13071,"      Mecklenburgische Seenplatte, Landkreis",2034,215126.63455218635,206932.5658831624,222908.52735856263
13071,"      Mecklenburgische Seenplatte, Landkreis",2035,212115.4532610832,202611.75926861164,220850.3848798913
13071,"      Mecklenburgische Seenplatte, Landkreis",2036,209096.0221582236,198754.73768226503,219138.04573435435
13071,"      Mecklenburgische Seenplatte, Landkreis",2037,206084.84086712045,194142.91631347383,217213.2578211281
13071,"      Mecklenburgische Seenplatte, Landkreis",2038,203073.6595760173,189381.0172003058,216107.6069199528
13071,"      Mecklenburgische Seenplatte, Landkreis",2039,200062.47828491416,185094.1228210281,213885.16559174567
13071,"      Mecklenburgische Seenplatte, Landkreis",2040,197043.0471820545,180649.79974717283,212222.25488824057
13072,      Landkreis Rostock,2025,219139.7643527808,218930.4835646629,219347.3233718263
13072,      Landkreis Rostock,2026,219437.20799180423,218854.73809447573,220086.0903596153
13072,      Landkreis Rostock,2027,219734.6516308277,218606.77790142765,220880.75415511848
13072,      Landkreis Rostock,2028,220032.9101839308,218325.83826166845,221805.44292260305
13072,      Landkreis Rostock,2029,220330.35382295423,217837.0107501271,222864.5452256656
13072,      Landkreis Rostock,2030,220627.7974619777,217407.8922826072,223930.07095695497
13072,      Landkreis Rostock,2031,220925.24110100124,216737.527999446,225174.48927584736
13072,      Landkreis Rostock,2032,221223.49965410423,216224.1024211565,226604.88456287613
13072,      Landkreis Rostock,2033,221520.94329312773,215560.9236306482,227838.0599161744
13072,      Landkreis Rostock,2034,221818.38693215125,214947.84306677929,229225.8963738096
13072,      Landkreis Rostock,2035,222115.8305711748,214006.43007690468,230678.4994629049
13072,      Landkreis Rostock,2036,222414.08912427773,213189.10720327788,232014.54738175136
13072,      Landkreis Rostock,2037,222711.5327633012,212150.84376052508,233575.5614882706
13072,      Landkreis Rostock,2038,223008.9764023248,211314.4790982355,235243.8246524896
13072,      Landkreis Rostock,2039,223306.42004134823,210171.72980668244,236818.7234691716
13072,      Landkreis Rostock,2040,223604.6785944512,208820.9425685657,238556.755667259
13073,"      Vorpommern-Rügen, Landkreis",2025,211463.35686417675,209147.06950015808,213598.9768362977
13073,"      Vorpommern-Rügen, Landkreis",2026,208723.8424219621,206292.8472153262,211024.48895308207
13073,"      Vorpommern-Rügen, Landkreis",2027,205984.3279797475,203440.17796486584,208666.0007621751
13073,"      Vorpommern-Rügen, Landkreis",2028,203237.30801851308,199670.93060305304,206379.4505736378
13073,"      Vorpommern-Rügen, Landkreis",2029,200497.79357629849,196064.391038388,204344.28223674893
13073,"      Vorpommern-Rügen, Landkreis",2030,197758.27913408383,192288.23329417096,202880.0157067675
13073,"      Vorpommern-Rügen, Landkreis",2031,195018.7646918692,188791.53500106625,201140.29095279475
13073,"      Vorpommern-Rügen, Landkreis",2032,192271.7447306348,184652.1960158589,199795.8041212808
13073,"      Vorpommern-Rügen, Landkreis",2033,189532.23028842016,180253.48228986305,198222.78547118645
13073,"      Vorpommern-Rügen, Landkreis",2034,186792.7158462055,175955.3825739149,197258.3080207102
13073,"      Vorpommern-Rügen, Landkreis",2035,184053.20140399088,171647.60379450067,196217.7696227944
13073,"      Vorpommern-Rügen, Landkreis",2036,181306.18144275653,167014.14780277538,195014.44342255537
13073,"      Vorpommern-Rügen, Landkreis",2037,178566.66700054184,162814.66100522413,193707.8235019165
13073,"      Vorpommern-Rügen, Landkreis",2038,175827.15255832722,157955.05688936124,194122.17975062
13073,"      Vorpommern-Rügen, Landkreis",2039,173087.6381161126,152853.69439326946,192607.7334564208
13073,"      Vorpommern-Rügen, Landkreis",2040,170340.6181548782,148086.9848631977,191314.9316440098
13074,"      Nordwestmecklenburg, Landkreis",2025,156558.50992278053,156089.11794309766,157005.85583614965
13074,"      Nordwestmecklenburg, Landkreis",2026,156342.89534065244,154823.12177611364,157745.4703734222
13074,"      Nordwestmecklenburg, Landkreis",2027,156127.28075852434,153195.15308972093,158838.1512149952
13074,"      Nordwestmecklenburg, Landkreis",2028,155911.0754515137,151245.47539024003,160211.50091486963
13074,"      Nordwestmecklenburg, Landkreis",2029,155695.4608693856,149027.731032289,161818.95946108009
13074,"      Nordwestmecklenburg, Landkreis",2030,155479.8462872575,146633.65470237265,163525.19506649073
13074,"      Nordwestmecklenburg, Landkreis",2031,155264.2317051294,144230.83650705533,165958.4964526035
13074,"      Nordwestmecklenburg, Landkreis",2032,155048.02639811876,141474.9274780917,167877.95311364823
13074,"      Nordwestmecklenburg, Landkreis",2033,154832.41181599066,138308.35156895156,170229.99315115772
13074,"      Nordwestmecklenburg, Landkreis",2034,154616.79723386257,134906.7994503466,172707.1839406809
13074,"      Nordwestmecklenburg, Landkreis",2035,154401.18265173447,131824.4260643778,175421.62010720203
13074,"      Nordwestmecklenburg, Landkreis",2036,154184.97734472383,128532.11056152372,177842.9309934982
13074,"      Nordwestmecklenburg, Landkreis",2037,153969.36276259573,124725.12519586808,180617.5395405212
13074,"      Nordwestmecklenburg, Landkreis",2038,153753.74818046764,121384.6371603021,183367.48427775555
13074,"      Nordwestmecklenburg, Landkreis",2039,153538.13359833954,117523.86254401418,187000.4334920849
13074,"      Nordwestmecklenburg, Landkreis",2040,153321.9282913289,113363.78517707111,190434.0658620349
13075,"      Vorpommern-Greifswald, Landkreis",2025,221163.19847660727,219391.35010650376,223072.55896082267
13075,"      Vorpommern-Greifswald, Landkreis",2026,218341.4771973233,216356.63667423496,220495.108131788
13075,"      Vorpommern-Greifswald, Landkreis",2027,215519.75591803933,213110.562137958,217987.17347097432
13075,"      Vorpommern-Greifswald, Landkreis",2028,212690.3038955244,209714.5788764024,215625.9936095165
13075,"      Vorpommern-Greifswald, Landkreis",2029,209868.58261624048,206100.8442219424,213374.3778354205
13075,"      Vorpommern-Greifswald, Landkreis",2030,207046.86133695647,202490.9154676989,211606.11881316832
13075,"      Vorpommern-Greifswald, Landkreis",2031,204225.14005767248,198565.44651855933,210036.9378124321
13075,"      Vorpommern-Greifswald, Landkreis",2032,201395.6880351576,194868.9411877189,208064.74622537167
13075,"      Vorpommern-Greifswald, Landkreis",2033,198573.9667558736,190484.5902344043,206559.3808881404
13075,"      Vorpommern-Greifswald, Landkreis",2034,195752.24547658963,186326.67601785265,205659.2164972264
13075,"      Vorpommern-Greifswald, Landkreis",2035,192930.52419730567,182109.85560785,204155.55423905305
13075,"      Vorpommern-Greifswald, Landkreis",2036,190101.0721747908,177450.50893486664,202054.5465522564
13075,"      Vorpommern-Greifswald, Landkreis",2037,187279.3508955068,172940.41026766825,200903.42672448207
13075,"      Vorpommern-Greifswald, Landkreis",2038,184457.6296162228,168146.8590777438,200169.7274545164
13075,"      Vorpommern-Greifswald, Landkreis",2039,181635.9083369388,164309.67709304893,198418.91010251408
13075,"      Vorpommern-Greifswald, Landkreis",2040,178806.45631442397,159357.18019290586,197073.591506094
13076,"      Ludwigslust-Parchim, Landkreis",2025,207678.23876186548,207007.8736528616,208331.03364875988
13076,"      Ludwigslust-Parchim, Landkreis",2026,207056.23821901344,205104.37001244567,209040.28780136263
13076,"      Ludwigslust-Parchim, Landkreis",2027,206434.23767616143,202605.16321306265,210284.89195276907
13076,"      Ludwigslust-Parchim, Landkreis",2028,205810.5330222332,199475.71932876267,211876.8992879129
13076,"      Ludwigslust-Parchim, Landkreis",2029,205188.5324793812,196399.45171751524,214257.3134905596
13076,"      Ludwigslust-Parchim, Landkreis",2030,204566.53193652915,192997.92744640587,216474.6857834672
13076,"      Ludwigslust-Parchim, Landkreis",2031,203944.5313936771,189567.41306594183,219405.6077566376
13076,"      Ludwigslust-Parchim, Landkreis",2032,203320.8267397488,185714.018674298,221828.53656100133
13076,"      Ludwigslust-Parchim, Landkreis",2033,202698.8261968968,181435.3012195436,224897.98143218737
13076,"      Ludwigslust-Parchim, Landkreis",2034,202076.8256540448,176815.93945768243,228484.197006662
13076,"      Ludwigslust-Parchim, Landkreis",2035,201454.8251111928,170911.89660555383,232370.56318022724
13076,"      Ludwigslust-Parchim, Landkreis",2036,200831.12045726448,164966.7046575257,236387.8551558954
13076,"      Ludwigslust-Parchim, Landkreis",2037,200209.1199144125,159856.20697718993,241089.4687303113
13076,"      Ludwigslust-Parchim, Landkreis",2038,199587.1193715605,153306.88919189805,244674.97359022428
13076,"      Ludwigslust-Parchim, Landkreis",2039,198965.11882870848,148679.12944333567,247957.3975065633
13076,"      Ludwigslust-Parchim, Landkreis",2040,198341.41417478016,142812.60768776716,252246.8550154691
14511,"      Chemnitz, kreisfreie Stadt",2025,247234.13916447945,246348.72046517843,248067.68140853112
14511,"      Chemnitz, kreisfreie Stadt",2026,248572.6523577641,245993.32586786832,251101.14972784376
14511,"      Chemnitz, kreisfreie Stadt",2027,249911.16555104888,244950.50381410948,254859.38144849063
14511,"      Chemnitz, kreisfreie Stadt",2028,251253.34590376727,243296.11308047536,259002.55256512336
14511,"      Chemnitz, kreisfreie Stadt",2029,252591.859097052,241944.16461577764,263471.6380354122
14511,"      Chemnitz, kreisfreie Stadt",2030,253930.3722903368,239688.62154120745,267680.12761581666
14511,"      Chemnitz, kreisfreie Stadt",2031,255268.88548362145,237218.21809046372,272454.053934775
14511,"      Chemnitz, kreisfreie Stadt",2032,256611.06583633984,234781.3829930282,278003.54065358307
14511,"      Chemnitz, kreisfreie Stadt",2033,257949.57902962452,231381.28976192253,283315.9183380939
14511,"      Chemnitz, kreisfreie Stadt",2034,259288.0922229093,228150.37815773016,289812.15524921694
14511,"      Chemnitz, kreisfreie Stadt",2035,260626.60541619407,225385.9840298204,296534.6499018015
14511,"      Chemnitz, kreisfreie Stadt",2036,261968.78576891244,222013.380582236,303746.2677077752
14511,"      Chemnitz, kreisfreie Stadt",2037,263307.2989621972,217018.7143855822,311293.77993363247
14511,"      Chemnitz, kreisfreie Stadt",2038,264645.8121554819,213275.2823291729,319338.1260709084
14511,"      Chemnitz, kreisfreie Stadt",2039,265984.32534876664,209400.63945749312,327105.8864233663
14511,"      Chemnitz, kreisfreie Stadt",2040,267326.5057014851,205798.36012898345,333630.9486658155
14521,      Erzgebirgskreis,2025,315799.6401184516,315329.81841941783,316310.8537463172
14521,      Erzgebirgskreis,2026,312917.72016350087,311714.1408848986,314070.8799368433
14521,      Erzgebirgskreis,2027,310035.80020855006,307805.3308183975,312160.6999950575
14521,      Erzgebirgskreis,2028,307145.9845824899,303613.3868701227,310400.4100971417
14521,      Erzgebirgskreis,2029,304264.06462753913,299262.36607154866,308904.4281495935
14521,      Erzgebirgskreis,2030,301382.1446725884,294462.0286545543,307673.0306771683
14521,      Erzgebirgskreis,2031,298500.22471763764,289855.16852543224,306677.6769838923
14521,      Erzgebirgskreis,2032,295610.40909157746,285172.0095334736,306035.57451425673
14521,      Erzgebirgskreis,2033,292728.48913662665,280312.3906351618,305432.5753824311
14521,      Erzgebirgskreis,2034,289846.5691816759,275428.7186383252,304525.7166826022
14521,      Erzgebirgskreis,2035,286964.6492267252,270188.7666600589,303995.5284902631
14521,      Erzgebirgskreis,2036,284074.833600665,264955.53335082653,302950.02589201264
14521,      Erzgebirgskreis,2037,281192.91364571423,259547.70632778064,302302.6286813121
14521,      Erzgebirgskreis,2038,278310.9936907635,253801.99644361177,302179.48375769856
14521,      Erzgebirgskreis,2039,275429.07373581274,248049.4545129189,301721.71524603164
14521,      Erzgebirgskreis,2040,272539.2581097525,242408.0746549164,301473.4422208523
14522,"      Mittelsachsen, Landkreis",2025,295824.1156227815,295492.0007451363,296153.21350061987
14522,"      Mittelsachsen, Landkreis",2026,295038.88650893007,294174.6410231268,295978.4416080812
14522,"      Mittelsachsen, Landkreis",2027,294253.6573950786,292512.25198267866,296029.45225448895
14522,"      Mittelsachsen, Landkreis",2028,293466.2769685865,290703.0033996905,296207.4099792959
14522,"      Mittelsachsen, Landkreis",2029,292681.04785473505,288845.82963460905,296521.9860256308
14522,"      Mittelsachsen, Landkreis",2030,291895.81874088367,286756.98312928027,296773.8036460477
14522,"      Mittelsachsen, Landkreis",2031,291110.58962703217,284572.8585431155,297284.1447449179
14522,"      Mittelsachsen, Landkreis",2032,290323.2092005401,282083.1312443275,298017.44971211394
14522,"      Mittelsachsen, Landkreis",2033,289537.98008668865,279493.90650756366,298819.430357746
14522,"      Mittelsachsen, Landkreis",2034,288752.7509728372,276903.6169352058,300148.2996822768
14522,"      Mittelsachsen, Landkreis",2035,287967.52185898577,274312.4979678695,300858.41663117456
14522,"      Mittelsachsen, Landkreis",2036,287180.14143249363,271518.27968549094,302039.50948576984
14522,"      Mittelsachsen, Landkreis",2037,286394.9123186422,268970.56238235376,303135.7382577716
14522,"      Mittelsachsen, Landkreis",2038,285609.68320479075,266012.7172222363,304389.3309427637
14522,"      Mittelsachsen, Landkreis",2039,284824.4540909393,263404.0455731998,305865.4203121191
14522,"      Mittelsachsen, Landkreis",2040,284037.07366444723,260611.13282260948,307201.3603750821
14523,      Vogtlandkreis,2025,218027.2408665244,217393.439687762,218617.787879544
14523,      Vogtlandkreis,2026,216721.08275574693,214931.8421913322,218410.56933376248
14523,      Vogtlandkreis,2027,215414.9246449695,211748.03141239463,218613.6678138646
14523,      Vogtlandkreis,2028,214105.18801882007,208275.7662460136,219222.2629708941
14523,      Vogtlandkreis,2029,212799.02990804263,204860.1803469496,219725.86192005617
14523,      Vogtlandkreis,2030,211492.8717972652,200722.07685671747,220835.8170077704
14523,      Vogtlandkreis,2031,210186.71368648772,196362.34858164468,222208.5128220945
14523,      Vogtlandkreis,2032,208876.9770603384,192339.7287636725,224299.22849668947
14523,      Vogtlandkreis,2033,207570.81894956093,187526.67314905644,225975.7335949128
14523,      Vogtlandkreis,2034,206264.66083878351,183013.047476018,228461.13442167125
14523,      Vogtlandkreis,2035,204958.5027280061,177911.10755630297,229916.77559803936
14523,      Vogtlandkreis,2036,203648.7661018567,172623.11497600438,232782.0008062034
14523,      Vogtlandkreis,2037,202342.60799107928,167026.93301802943,236049.6070920525
14523,      Vogtlandkreis,2038,201036.44988030184,161505.20245427464,239213.4485565859
14523,      Vogtlandkreis,2039,199730.29176952445,155483.76756554568,242689.7957088318
14523,      Vogtlandkreis,2040,198420.555143375,150376.77642213716,245250.5682137647
14524,"      Zwickau, Landkreis",2025,305459.66221492446,304659.69068586663,306280.8126459182
14524,"      Zwickau, Landkreis",2026,303678.5153216345,301426.5191259714,306150.77076914284
14524,"      Zwickau, Landkreis",2027,301897.3684283445,297853.4146394428,306460.0534664669
14524,"      Zwickau, Landkreis",2028,300111.34168055234,293796.0353499759,307232.0945359924
14524,"      Zwickau, Landkreis",2029,298330.1947872624,289031.60423276864,308155.64590373693
14524,"      Zwickau, Landkreis",2030,296549.0478939724,284346.44517351093,309715.34964265133
14524,"      Zwickau, Landkreis",2031,294767.90100068244,279248.9356103764,311228.55309000605
14524,"      Zwickau, Landkreis",2032,292981.8742528903,273958.20197129686,313848.37504135823
14524,"      Zwickau, Landkreis",2033,291200.7273596003,268457.49428873794,315925.33686687954
14524,"      Zwickau, Landkreis",2034,289419.5804663104,262870.9827167257,318777.6929501145
14524,"      Zwickau, Landkreis",2035,287638.4335730204,257089.92680759265,321324.6437331235
14524,"      Zwickau, Landkreis",2036,285852.40682522824,250570.22329489468,323708.89963590034
14524,"      Zwickau, Landkreis",2037,284071.25993193826,244174.91870448407,328122.7084061869
14524,"      Zwickau, Landkreis",2038,282290.1130386483,237656.39441451672,330943.22864216875
14524,"      Zwickau, Landkreis",2039,280508.96614535834,230003.0072367859,334685.64433660376
14524,"      Zwickau, Landkreis",2040,278722.9393975662,223102.16401145983,338708.465735666
14612,"      Dresden, kreisfreie Stadt",2025,567568.2351991112,566369.2819047922,568815.2049626926
14612,"      Dresden, kreisfreie Stadt",2026,570034.3176397599,566038.9366037517,574113.1805082961
14612,"      Dresden, kreisfreie Stadt",2027,572500.4000804083,564784.2203356535,580054.6945961724
14612,"      Dresden, kreisfreie Stadt",2028,574973.2389113053,562407.5430477089,586630.7224892484
14612,"      Dresden, kreisfreie Stadt",2029,577439.321351954,560247.7632064733,594794.1222028495
14612,"      Dresden, kreisfreie Stadt",2030,579905.4037926025,557021.02716095,602291.0187987132
14612,"      Dresden, kreisfreie Stadt",2031,582371.4862332512,553121.5788011086,610455.6268562472
14612,"      Dresden, kreisfreie Stadt",2032,584844.325064148,549193.4268320074,618848.1386059696
14612,"      Dresden, kreisfreie Stadt",2033,587310.4075047966,545872.2260544825,627204.5013134057
14612,"      Dresden, kreisfreie Stadt",2034,589776.4899454453,540063.8673932318,636246.4644166839
14612,"      Dresden, kreisfreie Stadt",2035,592242.5723860939,533410.6858823793,646923.6850265168
14612,"      Dresden, kreisfreie Stadt",2036,594715.4112169909,527690.6167003502,659214.6254121339
14612,"      Dresden, kreisfreie Stadt",2037,597181.4936576394,522706.1095556341,670703.3297175844
14612,"      Dresden, kreisfreie Stadt",2038,599647.5760982881,516915.3301081535,682614.6718188539
14612,"      Dresden, kreisfreie Stadt",2039,602113.6585389365,508907.1451995428,693922.8732262248
14612,"      Dresden, kreisfreie Stadt",2040,604586.4973698335,502629.1265625219,707075.0491145481
14625,"      Bautzen, Landkreis",2025,291137.40762337693,290641.2747097997,291598.0334776156
14625,"      Bautzen, Landkreis",2026,289498.8686275263,288106.2714853536,290903.7046351131
14625,"      Bautzen, Landkreis",2027,287860.3296316757,285132.4059220679,290520.492921075
14625,"      Bautzen, Landkreis",2028,286217.3014878912,281765.1723192691,290383.9874947329
14625,"      Bautzen, Landkreis",2029,284578.7624920405,278423.0037430625,290427.4651640508
14625,"      Bautzen, Landkreis",2030,282940.2234961899,274758.08194000955,291149.5392099101
14625,"      Bautzen, Landkreis",2031,281301.68450033927,270822.0337017209,291591.133176667
14625,"      Bautzen, Landkreis",2032,279658.6563565548,266540.4563018291,292345.40609982936
14625,"      Bautzen, Landkreis",2033,278020.1173607041,262306.5731794455,293697.52472408983
14625,"      Bautzen, Landkreis",2034,276381.57836485346,257667.50577292536,294601.60098958324
14625,"      Bautzen, Landkreis",2035,274743.03936900286,253202.9696699235,295459.3633925905
14625,"      Bautzen, Landkreis",2036,273100.0112252184,248500.2142042365,296383.14864486165
14625,"      Bautzen, Landkreis",2037,271461.4722293677,243755.57277389048,298332.4876438947
14625,"      Bautzen, Landkreis",2038,269822.93323351705,238608.55992348384,299908.6155010728
14625,"      Bautzen, Landkreis",2039,268184.3942376664,233576.4684987889,301250.25490306685
14625,"      Bautzen, Landkreis",2040,266541.36609388195,228068.9192990744,303009.7509341449
14626,"      Görlitz, Landkreis",2025,242591.4660127681,242357.22121818856,242816.2843678796
14626,"      Görlitz, Landkreis",2026,241088.6448111501,240452.7911743977,241673.49510173852
14626,"      Görlitz, Landkreis",2027,239585.823609532,238327.1382653661,240739.8967565443
14626,"      Görlitz, Landkreis",2028,238078.88508955337,236159.95041757825,239932.06420987324
14626,"      Görlitz, Landkreis",2029,236576.0638879353,233857.1654897172,239187.45081416308
14626,"      Görlitz, Landkreis",2030,235073.24268631724,231618.0900010283,238745.42865585457
14626,"      Görlitz, Landkreis",2031,233570.4214846992,229148.35812584343,238066.69307914065
14626,"      Görlitz, Landkreis",2032,232063.48296472052,226683.452093668,237609.51200922093
14626,"      Görlitz, Landkreis",2033,230560.6617631025,224157.5484049418,237025.366892556
14626,"      Görlitz, Landkreis",2034,229057.84056148448,221468.5851308361,236651.3787968261
14626,"      Görlitz, Landkreis",2035,227555.01935986645,218866.85633095383,236336.1133692769
14626,"      Görlitz, Landkreis",2036,226048.08083988776,216043.26678398,236173.539720448
14626,"      Görlitz, Landkreis",2037,224545.2596382697,213264.23828265927,235742.5186429002
14626,"      Görlitz, Landkreis",2038,223042.4384366517,210312.64739973447,235691.1145695994
14626,"      Görlitz, Landkreis",2039,221539.61723503363,207100.5960418442,235828.99845379192
14626,"      Görlitz, Landkreis",2040,220032.67871505496,204360.3290843452,235761.1846048788
14627,"      Meißen, Landkreis",2025,238767.2879535138,238145.0177648301,239371.10043968807
14627,"      Meißen, Landkreis",2026,238137.67847709608,236276.4983175588,240094.72870061776
14627,"      Meißen, Landkreis",2027,237508.0690006784,233866.88624118964,241252.6288458036
14627,"      Meißen, Landkreis",2028,236876.73456679092,231296.87201523923,242755.6110251627
14627,"      Meißen, Landkreis",2029,236247.12509037327,228593.6801795427,244524.92731753225
14627,"      Meißen, Landkreis",2030,235617.5156139556,225232.3140895588,246713.58756019303
14627,"      Meißen, Landkreis",2031,234987.90613753785,221443.72920735864,248834.9715883041
14627,"      Meißen, Landkreis",2032,234356.5717036505,217405.2546632691,251337.3620495012
14627,"      Meißen, Landkreis",2033,233726.96222723275,213786.1286493326,254338.32919204893
14627,"      Meißen, Landkreis",2034,233097.352750815,209592.659937288,257409.047501704
14627,"      Meißen, Landkreis",2035,232467.7432743973,205194.0518478177,259788.19244545844
14627,"      Meißen, Landkreis",2036,231836.40884050995,199874.29341868352,263272.7845827935
14627,"      Meißen, Landkreis",2037,231206.79936409224,195198.5590709948,266785.5251127884
14627,"      Meißen, Landkreis",2038,230577.18988767453,190346.5195003406,270421.9504033915
14627,"      Meißen, Landkreis",2039,229947.5804112568,184884.91128083304,273934.2551512092
14627,"      Meißen, Landkreis",2040,229316.24597736943,179479.95357315894,276895.7702713838
14628,"      Sächsische Schweiz-Osterzgebirge, Landkreis",2025,243528.03953228856,242878.08845923148,244261.7434274883
14628,"      Sächsische Schweiz-Osterzgebirge, Landkreis",2026,242887.9199450905,240801.9932918824,245034.15924142348
14628,"      Sächsische Schweiz-Osterzgebirge, Landkreis",2027,242247.80035789244,238010.30100568075,246612.3680869136
14628,"      Sächsische Schweiz-Osterzgebirge, Landkreis",2028,241605.9270184007,235161.08230568256,248299.1421081714
14628,"      Sächsische Schweiz-Osterzgebirge, Landkreis",2029,240965.80743120264,231954.6707432605,250472.84193588703
14628,"      Sächsische Schweiz-Osterzgebirge, Landkreis",2030,240325.6878440046,227996.06753012017,253070.1540225685
14628,"      Sächsische Schweiz-Osterzgebirge, Landkreis",2031,239685.56825680647,223664.8016950937,255488.03643849405
14628,"      Sächsische Schweiz-Osterzgebirge, Landkreis",2032,239043.6949173148,219879.70248367343,259152.2075753818
14628,"      Sächsische Schweiz-Osterzgebirge, Landkreis",2033,238403.5753301168,216025.9512116833,262673.2603509296
14628,"      Sächsische Schweiz-Osterzgebirge, Landkreis",2034,237763.45574291865,211387.8202192069,265975.7699057758
14628,"      Sächsische Schweiz-Osterzgebirge, Landkreis",2035,237123.3361557206,206007.6367649495,269851.38397286186
14628,"      Sächsische Schweiz-Osterzgebirge, Landkreis",2036,236481.4628162289,200600.1179790472,274158.4381201488
14628,"      Sächsische Schweiz-Osterzgebirge, Landkreis",2037,235841.3432290308,195272.4930046894,277329.6003204326
14628,"      Sächsische Schweiz-Osterzgebirge, Landkreis",2038,235201.2236418328,189959.2233413866,281109.4237601981
14628,"      Sächsische Schweiz-Osterzgebirge, Landkreis",2039,234561.1040546347,183977.35521100488,284274.5538289073
14628,"      Sächsische Schweiz-Osterzgebirge, Landkreis",2040,233919.2307151429,178373.3888124188,288870.22637356684
14713,"      Leipzig, kreisfreie Stadt",2025,616077.361751392,614995.3505164385,617116.1570581063
14713,"      Leipzig, kreisfreie Stadt",2026,620204.8300989628,616646.7103432424,623510.0192905408
14713,"      Leipzig, kreisfreie Stadt",2027,624332.2984465336,617298.9789632721,630975.1736549409
14713,"      Leipzig, kreisfreie Stadt",2028,628471.0749265634,617012.3111116524,639037.7742325942
14713,"      Leipzig, kreisfreie Stadt",2029,632598.5432741343,615697.3279266014,647191.1847180125
14713,"      Leipzig, kreisfreie Stadt",2030,636726.011621705,614423.2609280796,655856.948797891
14713,"      Leipzig, kreisfreie Stadt",2031,640853.4799692759,612360.0649947175,665590.0669422557
14713,"      Leipzig, kreisfreie Stadt",2032,644992.2564493058,610119.5388193282,675426.8991366635
14713,"      Leipzig, kreisfreie Stadt",2033,649119.7247968767,607973.451908038,685367.7245593929
14713,"      Leipzig, kreisfreie Stadt",2034,653247.1931444474,605517.8151990966,695984.4453193356
14713,"      Leipzig, kreisfreie Stadt",2035,657374.6614920183,602147.0112668547,707766.4580113334
14713,"      Leipzig, kreisfreie Stadt",2036,661513.4379720481,598859.2222323715,721022.4793478795
14713,"      Leipzig, kreisfreie Stadt",2037,665640.9063196189,596047.9179218117,734113.0059141611
14713,"      Leipzig, kreisfreie Stadt",2038,669768.3746671897,591433.4819590102,746359.9742528711
14713,"      Leipzig, kreisfreie Stadt",2039,673895.8430147605,585186.9849178925,759885.0418779254
14713,"      Leipzig, kreisfreie Stadt",2040,678034.6194947903,582183.712162873,774410.9043456464
14729,"      Leipzig, Landkreis",2025,260780.86724883792,260366.8054270805,261213.93564080977
14729,"      Leipzig, Landkreis",2026,261116.9308643435,260150.3496778552,262083.3557589529
14729,"      Leipzig, Landkreis",2027,261452.994479849,259709.97291659645,263179.14428457286
14729,"      Leipzig, Landkreis",2028,261789.9788175888,259098.67338778323,264652.6712523748
14729,"      Leipzig, Landkreis",2029,262126.04243309432,258336.62985905525,266164.79161488835
14729,"      Leipzig, Landkreis",2030,262462.1060485999,257342.72146220863,267877.5495144849
14729,"      Leipzig, Landkreis",2031,262798.1696641054,255970.52556670387,269712.9917989375
14729,"      Leipzig, Landkreis",2032,263135.1540018452,254667.75559994148,271528.6209803233
14729,"      Leipzig, Landkreis",2033,263471.2176173507,253235.9876551749,273615.51029035234
14729,"      Leipzig, Landkreis",2034,263807.2812328563,251806.61072741065,275757.30254652764
14729,"      Leipzig, Landkreis",2035,264143.3448483618,250214.2477988562,277739.9827619805
14729,"      Leipzig, Landkreis",2036,264480.3291861016,248873.47671531417,280093.89239086065
14729,"      Leipzig, Landkreis",2037,264816.39280160714,247007.77287189927,282738.79532852775
14729,"      Leipzig, Landkreis",2038,265152.45641711267,245084.38045858408,285367.2019736139
14729,"      Leipzig, Landkreis",2039,265488.5200326182,243302.7631590898,288295.6599907229
14729,"      Leipzig, Landkreis",2040,265825.504370358,241036.3314875294,290743.0827317038
14730,"      Nordsachsen, Landkreis",2025,199006.7162228071,198164.646528636,199691.3839222195
14730,"      Nordsachsen, Landkreis",2026,198349.57139899803,195789.9076987484,200362.19215034443
14730,"      Nordsachsen, Landkreis",2027,197692.42657518896,192883.90504242887,201717.5568005376
14730,"      Nordsachsen, Landkreis",2028,197033.48135460235,189364.71666745143,203674.1201317552
14730,"      Nordsachsen, Landkreis",2029,196376.33653079328,185196.75784493925,206047.06653775103
14730,"      Nordsachsen, Landkreis",2030,195719.19170698425,180890.43344526447,208423.54882811697
14730,"      Nordsachsen, Landkreis",2031,195062.04688317512,175933.7140793074,211244.95319778417
14730,"      Nordsachsen, Landkreis",2032,194403.10166258848,170797.82203066163,214124.74498265723
14730,"      Nordsachsen, Landkreis",2033,193745.9568387794,165199.252061547,217176.4858137332
14730,"      Nordsachsen, Landkreis",2034,193088.81201497035,160211.85192544933,220807.36953602728
14730,"      Nordsachsen, Landkreis",2035,192431.66719116128,154108.43116891614,225623.26909548583
14730,"      Nordsachsen, Landkreis",2036,191772.72197057467,148489.27704638007,230031.36595543337
14730,"      Nordsachsen, Landkreis",2037,191115.5771467656,142137.63298668075,233617.6148265884
14730,"      Nordsachsen, Landkreis",2038,190458.43232295653,132890.88350727866,238530.31524078507
14730,"      Nordsachsen, Landkreis",2039,189801.28749914747,125506.5210025766,244557.9829891812
14730,"      Nordsachsen, Landkreis",2040,189142.34227856083,118268.99770797868,250416.9741974128
15001,"      Dessau-Roßlau, kreisfreie Stadt",2025,75149.66860388733,74698.56463544976,75587.87067872965
15001,"      Dessau-Roßlau, kreisfreie Stadt",2026,74800.62503815506,73328.74728084629,76180.7103862712
15001,"      Dessau-Roßlau, kreisfreie Stadt",2027,74451.58147242278,71339.11995169408,77152.46611130664
15001,"      Dessau-Roßlau, kreisfreie Stadt",2028,74101.58162294877,69036.87486772459,78122.02670920714
15001,"      Dessau-Roßlau, kreisfreie Stadt",2029,73752.53805721649,66608.51123520157,79406.66821982614
15001,"      Dessau-Roßlau, kreisfreie Stadt",2030,73403.49449148419,64065.20557842622,80979.80998806577
15001,"      Dessau-Roßlau, kreisfreie Stadt",2031,73054.45092575191,61066.04177149256,82695.51497616817
15001,"      Dessau-Roßlau, kreisfreie Stadt",2032,72704.4510762779,57961.99693370309,84808.44216790085
15001,"      Dessau-Roßlau, kreisfreie Stadt",2033,72355.40751054563,54868.17719074729,87013.40540794416
15001,"      Dessau-Roßlau, kreisfreie Stadt",2034,72006.36394481333,52201.16529755767,89049.68260121437
15001,"      Dessau-Roßlau, kreisfreie Stadt",2035,71657.32037908105,48541.19981478642,91944.6637061893
15001,"      Dessau-Roßlau, kreisfreie Stadt",2036,71307.32052960704,45482.01828114544,94145.14510187646
15001,"      Dessau-Roßlau, kreisfreie Stadt",2037,70958.27696387476,41453.39541685114,96813.63257708204
15001,"      Dessau-Roßlau, kreisfreie Stadt",2038,70609.23339814247,37549.16376823551,99613.40637335546
15001,"      Dessau-Roßlau, kreisfreie Stadt",2039,70260.1898324102,33468.7473868473,101658.78133114
15001,"      Dessau-Roßlau, kreisfreie Stadt",2040,69910.1899829362,29781.978725821424,104133.90823982652
15002,"      Halle (Saale), kreisfreie Stadt",2025,222516.54906814772,220201.63983986268,224975.2686364872
15002,"      Halle (Saale), kreisfreie Stadt",2026,219507.8519213252,216819.33630881296,222048.51840105245
15002,"      Halle (Saale), kreisfreie Stadt",2027,216499.15477450265,213283.92814756525,219596.4202617753
15002,"      Halle (Saale), kreisfreie Stadt",2028,213482.2146217984,209316.7087493951,217313.5752249728
15002,"      Halle (Saale), kreisfreie Stadt",2029,210473.5174749758,205243.49320180688,215635.66807068547
15002,"      Halle (Saale), kreisfreie Stadt",2030,207464.8203281532,200685.4910213129,213832.39084591367
15002,"      Halle (Saale), kreisfreie Stadt",2031,204456.12318133068,195972.8336103048,212253.94571497216
15002,"      Halle (Saale), kreisfreie Stadt",2032,201439.1830286264,191736.87684510715,210774.3384060277
15002,"      Halle (Saale), kreisfreie Stadt",2033,198430.48588180385,186797.4448439598,209250.9301324324
15002,"      Halle (Saale), kreisfreie Stadt",2034,195421.78873498127,181924.92236684007,209356.61993538152
15002,"      Halle (Saale), kreisfreie Stadt",2035,192413.09158815868,176525.67340973165,207862.94474939065
15002,"      Halle (Saale), kreisfreie Stadt",2036,189396.1514354544,171392.67937043656,207602.6891041631
15002,"      Halle (Saale), kreisfreie Stadt",2037,186387.45428863185,166207.7010942977,206405.99131779096
15002,"      Halle (Saale), kreisfreie Stadt",2038,183378.7571418093,160569.48654551935,205578.62224731475
15002,"      Halle (Saale), kreisfreie Stadt",2039,180370.05999498675,155182.01598231564,205207.12375953764
15002,"      Halle (Saale), kreisfreie Stadt",2040,177353.11984228247,149378.82338714786,204616.61132198127
15003,"      Magdeburg, kreisfreie Stadt, Landeshauptstadt",2025,245468.21095040665,243989.93835702472,246989.89004984457
15003,"      Magdeburg, kreisfreie Stadt, Landeshauptstadt",2026,246777.32591803125,242162.2937964129,251725.2805947973
15003,"      Magdeburg, kreisfreie Stadt, Landeshauptstadt",2027,248086.440885656,239036.44719482915,257747.23005869312
15003,"      Magdeburg, kreisfreie Stadt, Landeshauptstadt",2028,249399.1424696302,235710.0409666288,264441.5560037388
15003,"      Magdeburg, kreisfreie Stadt, Landeshauptstadt",2029,250708.25743725488,231620.5381562849,273038.2749672476
15003,"      Magdeburg, kreisfreie Stadt, Landeshauptstadt",2030,252017.37240487948,227031.84410246383,281215.482638249
15003,"      Magdeburg, kreisfreie Stadt, Landeshauptstadt",2031,253326.48737250417,221464.2447213639,290845.5974467587
15003,"      Magdeburg, kreisfreie Stadt, Landeshauptstadt",2032,254639.18895647844,214201.8856612979,300732.0553287103
15003,"      Magdeburg, kreisfreie Stadt, Landeshauptstadt",2033,255948.30392410312,206448.62765836343,310484.04059000296
15003,"      Magdeburg, kreisfreie Stadt, Landeshauptstadt",2034,257257.4188917277,197871.31517548035,321846.2303553392
15003,"      Magdeburg, kreisfreie Stadt, Landeshauptstadt",2035,258566.5338593524,189305.01170479532,333372.1375628309
15003,"      Magdeburg, kreisfreie Stadt, Landeshauptstadt",2036,259879.2354433267,178932.79076358367,343774.023828373
15003,"      Magdeburg, kreisfreie Stadt, Landeshauptstadt",2037,261188.35041095136,168949.65458544163,354902.343596214
15003,"      Magdeburg, kreisfreie Stadt, Landeshauptstadt",2038,262497.465378576,160968.89268787377,367912.09680469154
15003,"      Magdeburg, kreisfreie Stadt, Landeshauptstadt",2039,263806.5803462007,152263.81554563338,377654.608744512
15003,"      Magdeburg, kreisfreie Stadt, Landeshauptstadt",2040,265119.2819301749,140856.60409444052,388014.948643498
15081,      Altmarkkreis Salzwedel,2025,79324.80624634726,79246.05899145374,79417.23376737992
15081,      Altmarkkreis Salzwedel,2026,78633.52295730636,78396.01250111856,78893.65148442956
15081,      Altmarkkreis Salzwedel,2027,77942.23966826547,77447.58009347439,78428.26473676215
15081,      Altmarkkreis Salzwedel,2028,77249.06245240525,76469.82416971627,78026.40193838636
15081,      Altmarkkreis Salzwedel,2029,76557.77916336436,75448.47662907712,77731.06255817127
15081,      Altmarkkreis Salzwedel,2030,75866.49587432346,74353.54087063517,77419.61431950313
15081,      Altmarkkreis Salzwedel,2031,75175.21258528256,73296.783989128,77132.79047295586
15081,      Altmarkkreis Salzwedel,2032,74482.03536942236,72215.21874480299,76984.58831855336
15081,      Altmarkkreis Salzwedel,2033,73790.75208038146,71128.22273493609,76771.16647742319
15081,      Altmarkkreis Salzwedel,2034,73099.46879134055,69979.75886289566,76533.6154783529
15081,      Altmarkkreis Salzwedel,2035,72408.18550229966,68841.10234982327,76355.45337399935
15081,      Altmarkkreis Salzwedel,2036,71715.00828643945,67547.46899664958,76179.92809465264
15081,      Altmarkkreis Salzwedel,2037,71023.72499739856,66313.28805549334,76097.7691293438
15081,      Altmarkkreis Salzwedel,2038,70332.44170835766,65134.66045728609,75914.29957089374
15081,      Altmarkkreis Salzwedel,2039,69641.15841931675,63822.11688039494,75871.11832904998
15081,      Altmarkkreis Salzwedel,2040,68947.98120345655,62642.60794209293,75719.72337739747
15082,"      Anhalt-Bitterfeld, Landkreis",2025,152401.8309048466,152219.91537537164,152589.33445817663
15082,"      Anhalt-Bitterfeld, Landkreis",2026,151736.11110774142,151183.12416389934,152330.81090034128
15082,"      Anhalt-Bitterfeld, Landkreis",2027,151070.39131063625,150020.19250350658,152184.12010924742
15082,"      Anhalt-Bitterfeld, Landkreis",2028,150402.84762367597,148739.15424390975,152159.64644607433
15082,"      Anhalt-Bitterfeld, Landkreis",2029,149737.12782657082,147451.8133907767,152155.81350887814
15082,"      Anhalt-Bitterfeld, Landkreis",2030,149071.40802946565,145930.53132901684,152231.15106241003
15082,"      Anhalt-Bitterfeld, Landkreis",2031,148405.68823236047,144421.17130676724,152457.88918493892
15082,"      Anhalt-Bitterfeld, Landkreis",2032,147738.14454540022,142961.0923401067,152651.88490992956
15082,"      Anhalt-Bitterfeld, Landkreis",2033,147072.42474829504,141534.86861258867,152941.27700820784
15082,"      Anhalt-Bitterfeld, Landkreis",2034,146406.70495118987,139933.22217278395,153374.00158839222
15082,"      Anhalt-Bitterfeld, Landkreis",2035,145740.98515408472,138148.6027976698,153903.97507752138
15082,"      Anhalt-Bitterfeld, Landkreis",2036,145073.44146712444,136346.8479595548,154465.83684909923
15082,"      Anhalt-Bitterfeld, Landkreis",2037,144407.72167001927,134412.13124698997,154814.41725407567
15082,"      Anhalt-Bitterfeld, Landkreis",2038,143742.00187291412,132541.04151037865,155197.45582867047
15082,"      Anhalt-Bitterfeld, Landkreis",2039,143076.2820758089,130770.29109955032,156038.7801366391
15082,"      Anhalt-Bitterfeld, Landkreis",2040,142408.7383888487,128638.61212560024,156674.71065467948
15083,"      Börde, Landkreis",2025,167458.1254049037,167244.30373615987,167682.94617299066
15083,"      Börde, Landkreis",2026,166942.2718715912,166212.91383011246,167672.87620044345
15083,"      Börde, Landkreis",2027,166426.41833827872,165040.28082034038,167933.5450349931
15083,"      Börde, Landkreis",2028,165909.15150761468,163718.96664929224,168321.6417070983
15083,"      Börde, Landkreis",2029,165393.2979743022,162205.55979355655,168883.7690903177
15083,"      Börde, Landkreis",2030,164877.4444409897,160533.37594800492,169343.63771165922
15083,"      Börde, Landkreis",2031,164361.59090767722,158779.927526013,170037.0454619277
15083,"      Börde, Landkreis",2032,163844.3240770132,156970.43493932104,170742.51928330172
15083,"      Börde, Landkreis",2033,163328.4705437007,155113.22149613558,171568.80639401346
15083,"      Börde, Landkreis",2034,162812.61701038823,153141.21910266255,172188.31902560202
15083,"      Börde, Landkreis",2035,162296.76347707573,151098.62731454513,173147.28625615875
15083,"      Börde, Landkreis",2036,161779.49664641172,148781.43051173905,174435.58552719784
15083,"      Börde, Landkreis",2037,161263.6431130992,146293.33679399051,175358.65331564692
15083,"      Börde, Landkreis",2038,160747.78957978674,144022.0242308534,176712.60423755887
15083,"      Börde, Landkreis",2039,160231.93604647423,141722.65434572814,177988.76379919314
15083,"      Börde, Landkreis",2040,159714.66921581022,139245.3182221501,179606.02161563566
15084,      Burgenlandkreis,2025,173155.8502596932,172859.04371023708,173481.5332997007
15084,      Burgenlandkreis,2026,172387.65071893283,171848.37667130795,172966.4570963932
15084,      Burgenlandkreis,2027,171619.45117817243,170694.05052401163,172535.00659345352
15084,      Burgenlandkreis,2028,170849.146981136,169435.136861076,172340.45397142775
15084,      Burgenlandkreis,2029,170080.9474403756,168050.37924321243,172139.3741621866
15084,      Burgenlandkreis,2030,169312.7478996152,166564.16895543126,172066.7533417391
15084,      Burgenlandkreis,2031,168544.54835885484,165060.6087761066,172012.9517775535
15084,      Burgenlandkreis,2032,167774.2441618184,163520.97422210267,172218.1549629848
15084,      Burgenlandkreis,2033,167006.044621058,161936.9237602651,172394.87471045248
15084,      Burgenlandkreis,2034,166237.8450802976,160583.17161803116,172311.1209488067
15084,      Burgenlandkreis,2035,165469.64553953725,159077.86319824384,172590.4508492962
15084,      Burgenlandkreis,2036,164699.34134250082,157459.5678325702,172632.42802345342
15084,      Burgenlandkreis,2037,163931.1418017404,155676.05719849386,172948.9335166272
15084,      Burgenlandkreis,2038,163162.94226098002,153955.47366186362,173307.891868407
15084,      Burgenlandkreis,2039,162394.74272021963,152122.43122873903,173487.438507958
15084,      Burgenlandkreis,2040,161624.4385231832,150014.8022893375,173692.5922291646
15085,"      Harz, Landkreis",2025,203936.0420178069,203173.54007284425,204758.1816345871
15085,"      Harz, Landkreis",2026,202363.5951010853,199878.7695545229,204922.0641220513
15085,"      Harz, Landkreis",2027,200791.14818436367,195947.80137703943,205734.5498830218
15085,"      Harz, Landkreis",2028,199214.3931938976,191454.5083652908,206912.78041704124
15085,"      Harz, Landkreis",2029,197641.946277176,186753.8581416653,208505.1728607228
15085,"      Harz, Landkreis",2030,196069.4993604544,181562.48109086067,210456.8621854778
15085,"      Harz, Landkreis",2031,194497.05244373268,176035.08690494878,212723.5058377693
15085,"      Harz, Landkreis",2032,192920.29745326663,169992.14876961877,214847.10957194405
15085,"      Harz, Landkreis",2033,191347.85053654492,163459.92919279943,217860.17319399284
15085,"      Harz, Landkreis",2034,189775.4036198233,157152.23106649512,220254.1933738576
15085,"      Harz, Landkreis",2035,188202.9567031017,151553.64787181362,223788.53435095985
15085,"      Harz, Landkreis",2036,186626.20171263564,144516.75892956232,227461.11431607127
15085,"      Harz, Landkreis",2037,185053.754795914,137997.45879320815,229710.1267453713
15085,"      Harz, Landkreis",2038,183481.3078791924,131564.68595066486,233349.6187064888
15085,"      Harz, Landkreis",2039,181908.8609624708,124562.29468499146,236860.8797602681
15085,"      Harz, Landkreis",2040,180332.1059720047,116506.5256859256,241090.75221458863
15086,"      Jerichower Land, Landkreis",2025,88223.77191346738,88058.39410130252,88382.94986564461
15086,"      Jerichower Land, Landkreis",2026,87963.31792330512,87439.07350392095,88459.83376398846
15086,"      Jerichower Land, Landkreis",2027,87702.86393314284,86718.2707985408,88732.64434352524
15086,"      Jerichower Land, Landkreis",2028,87441.69637040481,85874.27828806528,89083.79976914996
15086,"      Jerichower Land, Landkreis",2029,87181.24238024255,85075.74611749785,89563.12500971477
15086,"      Jerichower Land, Landkreis",2030,86920.78839008028,84179.51891056562,90300.17707137522
15086,"      Jerichower Land, Landkreis",2031,86660.33439991802,83145.91258373538,90788.27621302789
15086,"      Jerichower Land, Landkreis",2032,86399.16683717998,82000.66602707215,91387.54266766516
15086,"      Jerichower Land, Landkreis",2033,86138.71284701771,80798.4463878329,92082.93559948736
15086,"      Jerichower Land, Landkreis",2034,85878.25885685546,79558.50126969912,92839.45642006084
15086,"      Jerichower Land, Landkreis",2035,85617.8048666932,78130.25822172202,93521.6431137381
15086,"      Jerichower Land, Landkreis",2036,85356.63730395515,76683.39080043967,94290.33089890088
15086,"      Jerichower Land, Landkreis",2037,85096.18331379289,75314.63547799952,94796.25402718942
15086,"      Jerichower Land, Landkreis",2038,84835.72932363063,73966.97781283227,95559.60229998206
15086,"      Jerichower Land, Landkreis",2039,84575.27533346838,72500.90238765137,96452.3710031355
15086,"      Jerichower Land, Landkreis",2040,84314.10777073032,70887.09099199751,97515.66342728616
15087,"      Mansfeld-Südharz, Landkreis",2025,128021.4615280784,127911.84240145602,128131.51359438304
15087,"      Mansfeld-Südharz, Landkreis",2026,126983.47687229796,126611.67219029053,127328.80502495656
15087,"      Mansfeld-Südharz, Landkreis",2027,125945.49221651754,125240.47402820272,126573.3304635818
15087,"      Mansfeld-Südharz, Landkreis",2028,124904.66376715964,123821.33263314492,125916.92395756928
15087,"      Mansfeld-Südharz, Landkreis",2029,123866.6791113792,122298.90054680152,125354.16004195932
15087,"      Mansfeld-Südharz, Landkreis",2030,122828.69445559876,120776.3623782316,124857.6458916058
15087,"      Mansfeld-Südharz, Landkreis",2031,121790.70979981836,119231.76830826538,124327.7398598006
15087,"      Mansfeld-Südharz, Landkreis",2032,120749.88135046046,117688.66897660164,123849.99839366076
15087,"      Mansfeld-Südharz, Landkreis",2033,119711.89669468004,116038.97836118404,123378.5612773665
15087,"      Mansfeld-Südharz, Landkreis",2034,118673.9120388996,114407.50965935896,122940.02304855976
15087,"      Mansfeld-Südharz, Landkreis",2035,117635.92738311915,112725.08637494208,122673.50280543083
15087,"      Mansfeld-Südharz, Landkreis",2036,116595.09893376128,110956.03777975668,122300.78483247812
15087,"      Mansfeld-Südharz, Landkreis",2037,115557.11427798084,109240.21754304731,122115.62422516051
15087,"      Mansfeld-Südharz, Landkreis",2038,114519.1296222004,107475.8005302044,121800.8212296335
15087,"      Mansfeld-Südharz, Landkreis",2039,113481.14496641998,105539.18727844812,121642.5889800192
15087,"      Mansfeld-Südharz, Landkreis",2040,112440.31651706208,103566.93359425856,121333.31793349076
15088,      Saalekreis,2025,182562.56539891468,182390.6905078793,182761.5824253576
15088,      Saalekreis,2026,182590.80514364183,182106.79282569265,183138.82183300945
15088,      Saalekreis,2027,182619.04488836892,181653.14253562465,183686.71265799532
15088,      Saalekreis,2028,182647.36200225976,181123.97338607445,184322.26597761764
15088,      Saalekreis,2029,182675.6017469869,180444.0745317992,185129.16149607697
15088,      Saalekreis,2030,182703.8414917141,179709.32694908525,185920.2420939813
15088,      Saalekreis,2031,182732.0812364412,178909.26003336694,186985.7482386399
15088,      Saalekreis,2032,182760.398350332,178083.64320538507,187901.56517834103
15088,      Saalekreis,2033,182788.6380950592,177228.54735232366,189245.83446828145
15088,      Saalekreis,2034,182816.87783978632,176410.13561467358,190477.12954444613
15088,      Saalekreis,2035,182845.11758451344,175327.7446937052,191565.41324809863
15088,      Saalekreis,2036,182873.43469840425,174258.47406973547,192951.7955380904
15088,      Saalekreis,2037,182901.6744431314,173008.7069674177,194101.4767954679
15088,      Saalekreis,2038,182929.9141878585,171778.78244418086,195751.33259399625
15088,      Saalekreis,2039,182958.15393258567,170619.75340400613,197150.3253412463
15088,      Saalekreis,2040,182986.47104647648,169409.58687771793,198317.447759341
15089,      Salzlandkreis,2025,179309.84958247055,179093.8092450688,179537.36529204814
15089,      Salzlandkreis,2026,177833.78933925417,177107.3283827961,178594.5905250657
15089,      Salzlandkreis,2027,176357.72909603777,175005.1218214843,177837.3537438856
15089,      Salzlandkreis,2028,174877.62485215504,172666.20710796575,177189.84732501543
15089,      Salzlandkreis,2029,173401.56460893867,170222.8893286621,176528.7493826485
15089,      Salzlandkreis,2030,171925.50436572227,167843.02333410236,176312.32482087688
15089,      Salzlandkreis,2031,170449.4441225059,164965.95464181597,175949.87083871412
15089,      Salzlandkreis,2032,168969.33987862317,161997.24457395665,175626.20658973895
15089,      Salzlandkreis,2033,167493.27963540677,159023.4620742833,175573.7389298055
15089,      Salzlandkreis,2034,166017.2193921904,155945.60062830852,175320.517650723
15089,      Salzlandkreis,2035,164541.159148974,153122.6062323445,175390.0702734685
15089,      Salzlandkreis,2036,163061.05490509127,150117.97788867087,175497.06838938344
15089,      Salzlandkreis,2037,161584.9946618749,147095.4526447136,175339.5337236189
15089,      Salzlandkreis,2038,160108.9344186585,143823.77394841486,175734.3205979894
15089,      Salzlandkreis,2039,158632.87417544212,140565.76552000453,176454.81746136778
15089,      Salzlandkreis,2040,157152.7699315594,137553.00768482083,177208.9934616709
15090,"      Stendal, Landkreis",2025,105996.9991374946,105551.11303309115,106390.0517043913
15090,"      Stendal, Landkreis",2026,105528.90590795613,104144.84509663469,106873.9354000018
15090,"      Stendal, Landkreis",2027,105060.8126784176,102387.56694006456,107772.62299275777
15090,"      Stendal, Landkreis",2028,104591.43700167489,100326.45564522712,108835.55929343782
15090,"      Stendal, Landkreis",2029,104123.3437721364,98254.32776056534,110412.85757000928
15090,"      Stendal, Landkreis",2030,103655.25054259787,95938.135138218,111635.4046010866
15090,"      Stendal, Landkreis",2031,103187.15731305938,93227.38547240332,113074.5737118748
15090,"      Stendal, Landkreis",2032,102717.78163631666,90553.60596484806,115187.49150050904
15090,"      Stendal, Landkreis",2033,102249.68840677816,87471.04712048217,117018.1081146597
15090,"      Stendal, Landkreis",2034,101781.59517723968,84158.08479236445,119109.5801495412
15090,"      Stendal, Landkreis",2035,101313.50194770117,80495.420142251,121897.58199479428
15090,"      Stendal, Landkreis",2036,100844.12627095844,77163.02331542569,124535.47944999026
15090,"      Stendal, Landkreis",2037,100376.03304141994,73758.06508979561,127429.3356822884
15090,"      Stendal, Landkreis",2038,99907.93981188144,70128.91850343568,130428.28080883811
15090,"      Stendal, Landkreis",2039,99439.84658234294,65893.22130798348,133027.80485437313
15090,"      Stendal, Landkreis",2040,98970.47090560022,62679.55721264101,136378.82580811958
15091,"      Wittenberg, Landkreis",2025,121130.62971372956,121004.92289093218,121255.78925466826
15091,"      Wittenberg, Landkreis",2026,120574.46748502436,120162.83670272773,120964.6661817959
15091,"      Wittenberg, Landkreis",2027,120018.30525631914,119199.30604484904,120758.0775052148
15091,"      Wittenberg, Landkreis",2028,119460.6192954805,118159.08353067435,120649.39758046607
15091,"      Wittenberg, Landkreis",2029,118904.45706677529,117074.71862276545,120623.070788136
15091,"      Wittenberg, Landkreis",2030,118348.29483807008,115954.34714324938,120609.8982669724
15091,"      Wittenberg, Landkreis",2031,117792.13260936488,114787.7295998914,120699.4470859197
15091,"      Wittenberg, Landkreis",2032,117234.44664852622,113448.06660575872,120850.96955523912
15091,"      Wittenberg, Landkreis",2033,116678.28441982102,112197.6596246664,121135.02947562476
15091,"      Wittenberg, Landkreis",2034,116122.1221911158,111036.38437203884,121557.79865729048
15091,"      Wittenberg, Landkreis",2035,115565.9599624106,109663.4893159682,121957.83912313324
15091,"      Wittenberg, Landkreis",2036,115008.27400157196,108244.14479257687,122361.12404208716
15091,"      Wittenberg, Landkreis",2037,114452.11177286672,106935.6112837226,122779.91191866464
15091,"      Wittenberg, Landkreis",2038,113895.94954416154,105638.60109139366,122933.94313165951
15091,"      Wittenberg, Landkreis",2039,113339.78731545631,104231.46289932952,123320.36706437674
15091,"      Wittenberg, Landkreis",2040,112782.10135461768,102805.74385652892,124029.60273591887
16051,"      Erfurt, kreisfreie Stadt",2025,221343.3053249475,219907.5652276477,222813.39194670293
16051,"      Erfurt, kreisfreie Stadt",2026,222827.95337210663,221325.90968217488,224290.02609423955
16051,"      Erfurt, kreisfreie Stadt",2027,224312.60141926585,222698.93973554764,225908.6106184327
16051,"      Erfurt, kreisfreie Stadt",2028,225801.3169953213,224156.04380836943,227613.0514970249
16051,"      Erfurt, kreisfreie Stadt",2029,227285.9650424805,225443.7438628085,229175.5023278033
16051,"      Erfurt, kreisfreie Stadt",2030,228770.6130896397,226758.2034973502,230855.038006886
16051,"      Erfurt, kreisfreie Stadt",2031,230255.26113679883,227984.47291345347,232592.45480451325
16051,"      Erfurt, kreisfreie Stadt",2032,231743.97671285432,229165.71082969249,234271.84008810096
16051,"      Erfurt, kreisfreie Stadt",2033,233228.6247600135,230169.20593413428,236200.18222066807
16051,"      Erfurt, kreisfreie Stadt",2034,234713.27280717267,231444.5408918605,238027.22216911928
16051,"      Erfurt, kreisfreie Stadt",2035,236197.92085433184,232443.0670071063,240076.3313527778
16051,"      Erfurt, kreisfreie Stadt",2036,237686.63643038733,233282.8378166089,242176.8280492311
16051,"      Erfurt, kreisfreie Stadt",2037,239171.2844775465,234459.2683541948,243950.0717790804
16051,"      Erfurt, kreisfreie Stadt",2038,240655.93252470563,235307.6301564256,246010.31873661024
16051,"      Erfurt, kreisfreie Stadt",2039,242140.5805718648,236388.5923223493,248104.97265031992
16051,"      Erfurt, kreisfreie Stadt",2040,243629.2961479204,237533.47389037392,250150.04440281133
16052,"      Gera, kreisfreie Stadt",2025,97477.00367396142,96685.99895884484,98233.5110995811
16052,"      Gera, kreisfreie Stadt",2026,98754.32374231998,97700.48157673968,99679.71395750606
16052,"      Gera, kreisfreie Stadt",2027,100031.6438106785,98544.39203196549,101495.43669474272
16052,"      Gera, kreisfreie Stadt",2028,101312.46338607366,99267.09045941448,103385.66394371116
16052,"      Gera, kreisfreie Stadt",2029,102589.7834544322,99715.7306500278,105238.48902476828
16052,"      Gera, kreisfreie Stadt",2030,103867.10352279076,100324.58840319996,107432.16937646344
16052,"      Gera, kreisfreie Stadt",2031,105144.4235911493,100722.72914093404,109764.75191118364
16052,"      Gera, kreisfreie Stadt",2032,106425.24316654446,100859.6746175287,111851.25889345216
16052,"      Gera, kreisfreie Stadt",2033,107702.563234903,101177.88709275988,114314.99617493092
16052,"      Gera, kreisfreie Stadt",2034,108979.88330326157,101450.1709395343,116954.40681908184
16052,"      Gera, kreisfreie Stadt",2035,110257.20337162013,101490.3542803999,119575.46122864452
16052,"      Gera, kreisfreie Stadt",2036,111538.02294701524,101553.87611708928,122200.9755120069
16052,"      Gera, kreisfreie Stadt",2037,112815.3430153738,101851.66081150604,124430.80380958325
16052,"      Gera, kreisfreie Stadt",2038,114092.66308373236,102005.27872299272,127140.2798820624
16052,"      Gera, kreisfreie Stadt",2039,115369.98315209088,101904.80310090558,129842.36714384664
16052,"      Gera, kreisfreie Stadt",2040,116650.80272748602,102062.28433329164,132321.2536747505
16053,"      Jena, kreisfreie Stadt",2025,109345.81503701714,109125.67532059202,109573.13469329268
16053,"      Jena, kreisfreie Stadt",2026,108973.9132333504,108222.41541771758,109734.5186406603
16053,"      Jena, kreisfreie Stadt",2027,108602.01142968364,107134.69821248612,110103.61868137593
16053,"      Jena, kreisfreie Stadt",2028,108229.09071696576,105884.85840001468,110576.18103335776
16053,"      Jena, kreisfreie Stadt",2029,107857.18891329905,104485.64122932892,111207.46212978632
16053,"      Jena, kreisfreie Stadt",2030,107485.28710963228,103012.44408430048,111903.41474212072
16053,"      Jena, kreisfreie Stadt",2031,107113.38530596557,101496.02448827669,112558.44518298798
16053,"      Jena, kreisfreie Stadt",2032,106740.46459324766,99814.50194652502,113424.54477561508
16053,"      Jena, kreisfreie Stadt",2033,106368.56278958092,97894.5705173262,114309.13179787074
16053,"      Jena, kreisfreie Stadt",2034,105996.66098591418,96177.7151935242,115156.3294089652
16053,"      Jena, kreisfreie Stadt",2035,105624.75918224744,94271.09403387776,116230.4684621368
16053,"      Jena, kreisfreie Stadt",2036,105251.83846952955,92480.78570747533,117323.2307721622
16053,"      Jena, kreisfreie Stadt",2037,104879.9366658628,90697.16309354294,118442.23073409472
16053,"      Jena, kreisfreie Stadt",2038,104508.03486219607,88327.40045349007,119678.26951186008
16053,"      Jena, kreisfreie Stadt",2039,104136.13305852932,86594.64695702083,120915.11608746435
16053,"      Jena, kreisfreie Stadt",2040,103763.21234581144,84311.93564806387,122473.9891333255
16054,"      Suhl, kreisfreie Stadt",2025,35728.53959179026,34826.04320657644,36622.403418283306
16054,"      Suhl, kreisfreie Stadt",2026,35698.41110708581,34730.601600642454,36627.96938488913
16054,"      Suhl, kreisfreie Stadt",2027,35668.28262238137,34790.54210077491,36577.38445472275
16054,"      Suhl, kreisfreie Stadt",2028,35638.071593883215,34640.62761334898,36632.79820949524
16054,"      Suhl, kreisfreie Stadt",2029,35607.94310917877,34653.08467249395,36547.313146614
16054,"      Suhl, kreisfreie Stadt",2030,35577.814624474326,34695.276669462495,36538.163863049056
16054,"      Suhl, kreisfreie Stadt",2031,35547.68613976988,34642.368257351816,36510.304249433306
16054,"      Suhl, kreisfreie Stadt",2032,35517.47511127172,34627.9758215942,36450.60709877335
16054,"      Suhl, kreisfreie Stadt",2033,35487.34662656728,34528.01548325163,36481.273601739296
16054,"      Suhl, kreisfreie Stadt",2034,35457.21814186283,34494.83367761522,36402.19901610829
16054,"      Suhl, kreisfreie Stadt",2035,35427.08965715839,34452.83202577315,36372.41432052987
16054,"      Suhl, kreisfreie Stadt",2036,35396.878628660226,34420.20022754663,36392.32540278062
16054,"      Suhl, kreisfreie Stadt",2037,35366.75014395578,34446.272309996995,36339.62838947865
16054,"      Suhl, kreisfreie Stadt",2038,35336.62165925134,34438.55632387334,36246.31011015221
16054,"      Suhl, kreisfreie Stadt",2039,35306.49317454689,34382.568380716366,36155.65726063491
16054,"      Suhl, kreisfreie Stadt",2040,35276.28214604873,34347.54981715107,36275.76981752851
16055,"      Weimar, kreisfreie Stadt",2025,66129.44251149523,65946.04663936909,66319.0685823779
16055,"      Weimar, kreisfreie Stadt",2026,66365.23356171382,65826.47095374644,66888.20509909137
16055,"      Weimar, kreisfreie Stadt",2027,66601.02461193241,65579.93763303942,67555.05141275562
16055,"      Weimar, kreisfreie Stadt",2028,66837.4616650283,65235.905506595554,68379.01513701583
16055,"      Weimar, kreisfreie Stadt",2029,67073.2527152469,64821.445701055854,69173.02236675363
16055,"      Weimar, kreisfreie Stadt",2030,67309.04376546547,64333.067925858646,70186.45833049722
16055,"      Weimar, kreisfreie Stadt",2031,67544.83481568407,63772.74903204368,71365.15797656956
16055,"      Weimar, kreisfreie Stadt",2032,67781.27186877995,63190.86081857115,72457.71707879436
16055,"      Weimar, kreisfreie Stadt",2033,68017.06291899855,62555.0001647565,73568.49697053013
16055,"      Weimar, kreisfreie Stadt",2034,68252.85396921712,61814.02745225598,74694.6513865191
16055,"      Weimar, kreisfreie Stadt",2035,68488.64501943572,61180.29932566142,76098.96940904522
16055,"      Weimar, kreisfreie Stadt",2036,68725.0820725316,60441.43266656218,77401.0787144954
16055,"      Weimar, kreisfreie Stadt",2037,68960.8731227502,59740.22318606895,78690.77036003138
16055,"      Weimar, kreisfreie Stadt",2038,69196.66417296877,58741.83038655359,80319.35134755884
16055,"      Weimar, kreisfreie Stadt",2039,69432.45522318737,57740.59161600771,81841.24823583878
16055,"      Weimar, kreisfreie Stadt",2040,69668.89227628325,56907.911758009264,83380.70165919332
16061,"      Eichsfeld, Landkreis",2025,106084.16646122855,105605.47998613522,106550.01402481575
16061,"      Eichsfeld, Landkreis",2026,108165.96610784596,107388.95656322138,109009.12217871116
16061,"      Eichsfeld, Landkreis",2027,110247.76575446333,108791.20248217102,111791.97115965377
16061,"      Eichsfeld, Landkreis",2028,112335.26896175636,110073.50390234166,114839.9112183203
16061,"      Eichsfeld, Landkreis",2029,114417.06860837372,111201.72022089166,117833.6721505738
16061,"      Eichsfeld, Landkreis",2030,116498.86825499107,112051.9051449394,121078.37612252844
16061,"      Eichsfeld, Landkreis",2031,118580.66790160848,112917.03699148718,124312.44075531149
16061,"      Eichsfeld, Landkreis",2032,120668.17110890149,113876.23138855908,127581.69526869968
16061,"      Eichsfeld, Landkreis",2033,122749.97075551888,114526.07859990706,130899.33795778488
16061,"      Eichsfeld, Landkreis",2034,124831.77040213624,114996.88368331143,134511.91176463084
16061,"      Eichsfeld, Landkreis",2035,126913.57004875358,115272.03082755038,138017.32080933446
16061,"      Eichsfeld, Landkreis",2036,129001.07325604664,115328.8502014138,141704.81805605855
16061,"      Eichsfeld, Landkreis",2037,131082.872902664,115169.31849512468,145473.8105851204
16061,"      Eichsfeld, Landkreis",2038,133164.67254928136,115321.09154889271,149243.39398829057
16061,"      Eichsfeld, Landkreis",2039,135246.47219589874,115145.64161019804,153199.81870058132
16061,"      Eichsfeld, Landkreis",2040,137333.97540319178,114975.83181342516,157381.85192703005
16062,"      Nordhausen, Landkreis",2025,80326.00196689529,80044.26230480088,80623.51011515109
16062,"      Nordhausen, Landkreis",2026,79812.64911257458,78962.4610141731,80801.4344427553
16062,"      Nordhausen, Landkreis",2027,79299.29625825387,77559.65445081193,81236.71573915116
16062,"      Nordhausen, Landkreis",2028,78784.53695775695,75823.16220100634,81891.61843840702
16062,"      Nordhausen, Landkreis",2029,78271.18410343624,74278.6607175872,82529.11064045168
16062,"      Nordhausen, Landkreis",2030,77757.83124911555,72359.74752758029,83294.19862052912
16062,"      Nordhausen, Landkreis",2031,77244.47839479485,70436.60714929797,84488.19687476827
16062,"      Nordhausen, Landkreis",2032,76729.71909429792,68357.2162015161,85796.52881103102
16062,"      Nordhausen, Landkreis",2033,76216.36623997721,66111.84177339656,87078.28808010739
16062,"      Nordhausen, Landkreis",2034,75703.01338565651,63813.97349717856,88453.60008863732
16062,"      Nordhausen, Landkreis",2035,75189.6605313358,61199.25289857276,89688.0476721391
16062,"      Nordhausen, Landkreis",2036,74674.90123083888,58858.040229241546,91700.55434405274
16062,"      Nordhausen, Landkreis",2037,74161.54837651819,55814.086342919145,93747.4919937044
16062,"      Nordhausen, Landkreis",2038,73648.19552219748,53007.93586266471,96123.7301752531
16062,"      Nordhausen, Landkreis",2039,73134.84266787677,50517.887202819365,97697.89977055164
16062,"      Nordhausen, Landkreis",2040,72620.08336737985,47600.03002598544,99585.06879083782
16063,      Wartburgkreis,2025,161484.66207518554,147440.7156272598,173928.80402394777
16063,      Wartburgkreis,2026,166087.2329564605,152394.078167503,179935.71463586873
16063,      Wartburgkreis,2027,170689.8038377354,156207.009621934,185918.5838343098
16063,      Wartburgkreis,2028,175304.98450224672,162055.5955166219,190229.69004436905
16063,      Wartburgkreis,2029,179907.55538352166,167765.8169030486,193691.1152664149
16063,      Wartburgkreis,2030,184510.12626479665,170790.33864257025,198407.71533867627
16063,      Wartburgkreis,2031,189112.6971460716,175663.65096292563,202325.74809192817
16063,      Wartburgkreis,2032,193727.87781058287,181184.3856609169,207543.7164978432
16063,      Wartburgkreis,2033,198330.4486918578,184597.1807130714,211725.47339935016
16063,      Wartburgkreis,2034,202933.0195731328,190231.54295582685,215679.22828367868
16063,      Wartburgkreis,2035,207535.59045440768,193840.7007823735,220305.4288883308
16063,      Wartburgkreis,2036,212150.771118919,197971.11450266067,225704.14442855664
16063,      Wartburgkreis,2037,216753.34200019395,202712.6207910139,230456.7872207405
16063,      Wartburgkreis,2038,221355.9128814689,207660.4765837134,235447.5154575412
16063,      Wartburgkreis,2039,225958.48376274385,212107.7733458769,239573.99665642693
16063,      Wartburgkreis,2040,230573.6644272552,216168.04313638672,244749.12622270867
16064,      Unstrut-Hainich-Kreis,2025,91495.99863517746,91025.43843877572,91980.78395290067
16064,      Unstrut-Hainich-Kreis,2026,88662.3672531811,87763.67957319785,89664.8625958449
16064,      Unstrut-Hainich-Kreis,2027,85828.73587118478,84184.89077840079,87670.08804907402
16064,      Unstrut-Hainich-Kreis,2028,82987.34111553912,80431.85001781162,85743.65099014677
16064,      Unstrut-Hainich-Kreis,2029,80153.70973354278,76633.90693202011,84113.62598172016
16064,      Unstrut-Hainich-Kreis,2030,77320.07835154644,72541.08227134509,82468.64089445281
16064,      Unstrut-Hainich-Kreis,2031,74486.44696955012,68436.62493670992,80911.26553661544
16064,      Unstrut-Hainich-Kreis,2032,71645.05221390446,64205.85674568183,79736.58758156431
16064,      Unstrut-Hainich-Kreis,2033,68811.42083190812,59917.83003393094,78272.82147464105
16064,      Unstrut-Hainich-Kreis,2034,65977.78944991178,55468.71594510534,77321.37594163026
16064,      Unstrut-Hainich-Kreis,2035,63144.15806791544,50885.17393375623,76536.75255251874
16064,      Unstrut-Hainich-Kreis,2036,60302.76331226981,46235.25231131588,75575.4400227083
16064,      Unstrut-Hainich-Kreis,2037,57469.131930273456,41742.62156431396,74863.20141123034
16064,      Unstrut-Hainich-Kreis,2038,54635.50054827713,37193.5883994044,74023.91741267801
16064,      Unstrut-Hainich-Kreis,2039,51801.86916628079,32936.5978896468,73031.31106040982
16064,      Unstrut-Hainich-Kreis,2040,48960.47441063514,28228.884109572693,72554.29972918888
16065,      Kyffhäuserkreis,2025,71166.53576589095,70961.51178161275,71393.77508397165
16065,      Kyffhäuserkreis,2026,70532.68825698546,69882.25283572108,71189.81310944368
16065,      Kyffhäuserkreis,2027,69898.84074807998,68618.18554911671,71191.00250806572
16065,      Kyffhäuserkreis,2028,69263.25667065695,67215.93925653842,71287.39993780351
16065,      Kyffhäuserkreis,2029,68629.40916175146,65631.8754637586,71575.02388468928
16065,      Kyffhäuserkreis,2030,67995.56165284598,64081.370893012805,71780.01477801111
16065,      Kyffhäuserkreis,2031,67361.71414394051,62461.496304115935,72329.43098635376
16065,      Kyffhäuserkreis,2032,66726.13006651746,60831.23798212168,72975.51611610282
16065,      Kyffhäuserkreis,2033,66092.28255761198,59098.29551590414,73488.92622623591
16065,      Kyffhäuserkreis,2034,65458.435048706495,57070.34070340234,73833.93858792928
16065,      Kyffhäuserkreis,2035,64824.58753980102,54928.04549325093,74450.3259118533
16065,      Kyffhäuserkreis,2036,64189.00346237798,53108.07055376106,75404.6199830072
16065,      Kyffhäuserkreis,2037,63555.155953472495,51001.35124214,76132.21734562336
16065,      Kyffhäuserkreis,2038,62921.30844456701,49044.64363799909,76764.57523292529
16065,      Kyffhäuserkreis,2039,62287.46093566154,46848.80654699187,77787.97863573593
16065,      Kyffhäuserkreis,2040,61651.8768582385,44235.76196014121,78879.17658396819
16066,"      Schmalkalden-Meiningen, Landkreis",2025,119470.63118690424,118589.18412527122,120329.531699176
16066,"      Schmalkalden-Meiningen, Landkreis",2026,118679.960398197,115697.23848353954,121506.38094278
16066,"      Schmalkalden-Meiningen, Landkreis",2027,117889.28960948982,112272.04045275893,123285.93348182824
16066,"      Schmalkalden-Meiningen, Landkreis",2028,117096.45259944368,108535.97642651109,125470.27163890185
16066,"      Schmalkalden-Meiningen, Landkreis",2029,116305.78181073647,103956.70375435308,128158.84546240392
16066,"      Schmalkalden-Meiningen, Landkreis",2030,115515.11102202928,98834.55326109304,130665.89684040911
16066,"      Schmalkalden-Meiningen, Landkreis",2031,114724.44023332208,93050.92527241264,133248.04366987242
16066,"      Schmalkalden-Meiningen, Landkreis",2032,113931.60322327596,87149.12369566216,136748.9935517132
16066,"      Schmalkalden-Meiningen, Landkreis",2033,113140.93243456876,81500.55141655168,140656.50083808482
16066,"      Schmalkalden-Meiningen, Landkreis",2034,112350.26164586157,75735.00093368324,144273.2272509554
16066,"      Schmalkalden-Meiningen, Landkreis",2035,111559.59085715434,69642.60880437493,149458.22958110253
16066,"      Schmalkalden-Meiningen, Landkreis",2036,110766.75384710822,63033.56072759217,154231.52681099263
16066,"      Schmalkalden-Meiningen, Landkreis",2037,109976.083058401,56518.21538377297,159981.26710560257
16066,"      Schmalkalden-Meiningen, Landkreis",2038,109185.4122696938,50171.91611485119,164787.76082381725
16066,"      Schmalkalden-Meiningen, Landkreis",2039,108394.7414809866,43678.58123539848,169943.91072660053
16066,"      Schmalkalden-Meiningen, Landkreis",2040,107601.90447094048,37709.92701944438,175260.71673935206
16067,"      Gotha, Landkreis",2025,137125.2739420551,136033.47041513267,138153.5332919042
16067,"      Gotha, Landkreis",2026,137598.0623614962,136511.68608874537,138605.7706208873
16067,"      Gotha, Landkreis",2027,138070.8507809373,136882.570460582,139135.77876375066
16067,"      Gotha, Landkreis",2028,138544.93451111662,137201.57293195164,139802.4597080067
16067,"      Gotha, Landkreis",2029,139017.7229305577,137474.2280811112,140501.000214721
16067,"      Gotha, Landkreis",2030,139490.51134999882,137586.95457741094,141189.04731722252
16067,"      Gotha, Landkreis",2031,139963.2997694399,137748.85602757832,142183.16025737996
16067,"      Gotha, Landkreis",2032,140437.3834996192,137839.8435835828,142963.81046896096
16067,"      Gotha, Landkreis",2033,140910.17191906032,137915.52978475558,143729.13190665876
16067,"      Gotha, Landkreis",2034,141382.9603385014,137932.04322334097,144731.9892488985
16067,"      Gotha, Landkreis",2035,141855.74875794252,137819.81637150078,145631.50020341747
16067,"      Gotha, Landkreis",2036,142329.8324881218,137687.82166322274,146562.4265403304
16067,"      Gotha, Landkreis",2037,142802.6209075629,137692.94877899482,147425.28320972616
16067,"      Gotha, Landkreis",2038,143275.40932700402,137510.46562516072,148534.99836264094
16067,"      Gotha, Landkreis",2039,143748.1977464451,137167.39060763756,149482.67941119726
16067,"      Gotha, Landkreis",2040,144222.28147662443,137141.72131074072,150773.50142841955
16068,"      Sömmerda, Landkreis",2025,67408.80373924562,67319.61848029567,67507.5934651104
16068,"      Sömmerda, Landkreis",2026,67092.3275496635,66820.30460568576,67397.06222897104
16068,"      Sömmerda, Landkreis",2027,66775.85136008139,66245.32514317059,67332.75679555454
16068,"      Sömmerda, Landkreis",2028,66458.50811244562,65610.95225742896,67368.83945523639
16068,"      Sömmerda, Landkreis",2029,66142.0319228635,64923.60622049736,67405.38147786331
16068,"      Sömmerda, Landkreis",2030,65825.55573328139,64140.94038560379,67506.30762402885
16068,"      Sömmerda, Landkreis",2031,65509.07954369927,63307.67423405206,67727.50175747275
16068,"      Sömmerda, Landkreis",2032,65191.7362960635,62431.98625116123,68014.20722669459
16068,"      Sömmerda, Landkreis",2033,64875.260106481386,61639.670587135326,68325.38266642911
16068,"      Sömmerda, Landkreis",2034,64558.78391689927,60732.910786068736,68592.35211614563
16068,"      Sömmerda, Landkreis",2035,64242.30772731715,59752.061852996325,69070.13111886157
16068,"      Sömmerda, Landkreis",2036,63924.96447968138,58854.26391641896,69521.52234519663
16068,"      Sömmerda, Landkreis",2037,63608.48829009927,57855.56722734202,69833.66278728865
16068,"      Sömmerda, Landkreis",2038,63292.01210051716,56785.83969577941,70219.11182101337
16068,"      Sömmerda, Landkreis",2039,62975.53591093504,55886.00970728183,70665.42160868744
16068,"      Sömmerda, Landkreis",2040,62658.19266329927,54873.28985174469,71119.55896405599
16069,"      Hildburghausen, Landkreis",2025,59364.56541947019,59285.511419792914,59444.827714132975
16069,"      Hildburghausen, Landkreis",2026,58722.36841546439,58469.28327495752,58968.05430348671
16069,"      Hildburghausen, Landkreis",2027,58080.17141145859,57572.14892846241,58579.22880000108
16069,"      Hildburghausen, Landkreis",2028,57436.21496360619,56599.34181640129,58233.655046252585
16069,"      Hildburghausen, Landkreis",2029,56794.0179596004,55569.41561698948,57937.16530297788
16069,"      Hildburghausen, Landkreis",2030,56151.82095559458,54556.48654480734,57700.64604958101
16069,"      Hildburghausen, Landkreis",2031,55509.62395158878,53478.8046818772,57456.974860325245
16069,"      Hildburghausen, Landkreis",2032,54865.66750373639,52461.38815007894,57280.09443369255
16069,"      Hildburghausen, Landkreis",2033,54223.47049973059,51327.94570874258,57136.40343230073
16069,"      Hildburghausen, Landkreis",2034,53581.27349572478,50239.83109964603,57000.493843381
16069,"      Hildburghausen, Landkreis",2035,52939.07649171897,49066.87650628464,56849.96567797834
16069,"      Hildburghausen, Landkreis",2036,52295.12004386658,47764.06212313428,56803.989087064256
16069,"      Hildburghausen, Landkreis",2037,51652.923039860776,46597.259758947606,56911.7206276921
16069,"      Hildburghausen, Landkreis",2038,51010.72603585498,45378.041016445335,56866.92575690221
16069,"      Hildburghausen, Landkreis",2039,50368.529031849175,44115.22945886837,56734.50023292511
16069,"      Hildburghausen, Landkreis",2040,49724.57258399679,42795.716163751735,56749.22724375449
16070,      Ilm-Kreis,2025,106568.9909968844,105632.72808279555,107379.86360870668
16070,      Ilm-Kreis,2026,106415.91689705088,103500.6020261736,108879.14461197428
16070,      Ilm-Kreis,2027,106262.84279721737,100808.24897939348,111165.16109921872
16070,      Ilm-Kreis,2028,106109.34931628844,97366.64559486147,114188.65633000972
16070,      Ilm-Kreis,2029,105956.27521645487,94021.41130513942,117659.29854616305
16070,      Ilm-Kreis,2030,105803.20111662136,89789.67527892574,121446.47166353965
16070,      Ilm-Kreis,2031,105650.12701678784,86072.24067431125,124848.49872152186
16070,      Ilm-Kreis,2032,105496.63353585888,81273.41951020081,129033.92991595838
16070,      Ilm-Kreis,2033,105343.55943602536,76688.08285465406,134214.37532873233
16070,      Ilm-Kreis,2034,105190.48533619184,71765.9187098457,138999.8855357241
16070,      Ilm-Kreis,2035,105037.41123635833,66684.972919329,144761.9909288907
16070,      Ilm-Kreis,2036,104883.91775542936,61475.72206704439,149742.09622457015
16070,      Ilm-Kreis,2037,104730.84365559585,55860.341693748735,156025.06342879817
16070,      Ilm-Kreis,2038,104577.76955576232,49551.70507013734,161655.83744628905
16070,      Ilm-Kreis,2039,104424.6954559288,41923.74855903016,165562.15582406777
16070,      Ilm-Kreis,2040,104271.20197499984,35425.35728056065,173635.86159801212
16071,"      Weimarer Land, Landkreis",2025,82050.14710559894,81667.05107217176,82418.49418563314
16071,"      Weimarer Land, Landkreis",2026,81674.69132227305,80390.68323025512,82872.7271891408
16071,"      Weimarer Land, Landkreis",2027,81299.23553894718,78926.72452751122,83669.48812974703
16071,"      Weimarer Land, Landkreis",2028,80922.75110963959,77293.94933770971,84627.12673202246
16071,"      Weimarer Land, Landkreis",2029,80547.29532631372,75374.21294814342,85752.52809355479
16071,"      Weimarer Land, Landkreis",2030,80171.83954298783,73142.74344599515,86960.19922827043
16071,"      Weimarer Land, Landkreis",2031,79796.38375966194,70436.88699975745,88475.03477486341
16071,"      Weimarer Land, Landkreis",2032,79419.89933035435,67836.15450361218,90343.14034937813
16071,"      Weimarer Land, Landkreis",2033,79044.44354702848,65433.57073427743,92448.6875140972
16071,"      Weimarer Land, Landkreis",2034,78668.98776370261,62740.95963011378,94355.43568865769
16071,"      Weimarer Land, Landkreis",2035,78293.53198037672,59557.412173417964,96189.39065934785
16071,"      Weimarer Land, Landkreis",2036,77917.04755106913,56453.38598467681,97945.26190971864
16071,"      Weimarer Land, Landkreis",2037,77541.59176774324,53811.445773929,100731.96766826745
16071,"      Weimarer Land, Landkreis",2038,77166.13598441737,50690.20410463759,102688.13040119412
16071,"      Weimarer Land, Landkreis",2039,76790.6802010915,48097.57899072336,105444.28506337503
16071,"      Weimarer Land, Landkreis",2040,76414.1957717839,45085.05667003765,107421.08690904955
16072,"      Sonneberg, Landkreis",2025,54375.83048917989,53870.53891705137,54837.02663353117
16072,"      Sonneberg, Landkreis",2026,53681.66444321688,52113.47787188706,55160.41024546205
16072,"      Sonneberg, Landkreis",2027,52987.49839725386,50121.83275136902,55982.38468490393
16072,"      Sonneberg, Landkreis",2028,52291.43052650739,47847.74905875595,56947.49701179226
16072,"      Sonneberg, Landkreis",2029,51597.26448054438,45502.42255589369,57951.444406256975
16072,"      Sonneberg, Landkreis",2030,50903.09843458136,42835.0849610677,59139.532612019735
16072,"      Sonneberg, Landkreis",2031,50208.93238861836,40340.376258575634,60805.59874821376
16072,"      Sonneberg, Landkreis",2032,49512.86451787188,37527.1386614894,62367.92725642662
16072,"      Sonneberg, Landkreis",2033,48818.69847190887,34467.67182686035,64277.408636190725
16072,"      Sonneberg, Landkreis",2034,48124.53242594586,31649.80055193245,66540.72773714663
16072,"      Sonneberg, Landkreis",2035,47430.36637998284,28316.682723765098,69357.12219845207
16072,"      Sonneberg, Landkreis",2036,46734.29850923637,25195.003597327806,71809.92956598657
16072,"      Sonneberg, Landkreis",2037,46040.13246327335,21164.68559252845,73945.88661724943
16072,"      Sonneberg, Landkreis",2038,45345.96641731034,17263.089494931188,76926.43992119058
16072,"      Sonneberg, Landkreis",2039,44651.80037134732,13522.711571196684,79204.25480808386
16072,"      Sonneberg, Landkreis",2040,43955.73250060085,9531.132437786277,82485.70388462744
16073,"      Saalfeld-Rudolstadt, Landkreis",2025,99494.64185206812,98802.17641731996,100209.2145323286
16073,"      Saalfeld-Rudolstadt, Landkreis",2026,98783.64968013478,96546.0369727431,101207.1613096106
16073,"      Saalfeld-Rudolstadt, Landkreis",2027,98072.65750820146,93466.78800397553,102773.77718333296
16073,"      Saalfeld-Rudolstadt, Landkreis",2028,97359.71741250942,90327.96905282116,104568.60001021996
16073,"      Saalfeld-Rudolstadt, Landkreis",2029,96648.7252405761,86881.56165586706,106779.03451505992
16073,"      Saalfeld-Rudolstadt, Landkreis",2030,95937.73306864276,82736.61260207489,109416.8777352016
16073,"      Saalfeld-Rudolstadt, Landkreis",2031,95226.74089670944,78488.98511013204,112000.26767433538
16073,"      Saalfeld-Rudolstadt, Landkreis",2032,94513.8008010174,74181.64589022471,115774.42554172895
16073,"      Saalfeld-Rudolstadt, Landkreis",2033,93802.80862908407,69273.48424211063,120270.55014474117
16073,"      Saalfeld-Rudolstadt, Landkreis",2034,93091.81645715074,64533.04116242704,123715.07874310415
16073,"      Saalfeld-Rudolstadt, Landkreis",2035,92380.82428521742,59383.971822805535,129107.2178789795
16073,"      Saalfeld-Rudolstadt, Landkreis",2036,91667.88418952536,54321.13868824714,133007.83841516703
16073,"      Saalfeld-Rudolstadt, Landkreis",2037,90956.89201759204,48687.67605453076,136584.63841235408
16073,"      Saalfeld-Rudolstadt, Landkreis",2038,90245.89984565871,41701.93905982564,139805.84314346538
16073,"      Saalfeld-Rudolstadt, Landkreis",2039,89534.90767372539,35211.10378280984,143085.04270357898
16073,"      Saalfeld-Rudolstadt, Landkreis",2040,88821.96757803335,30540.185279278,148880.8085629819
16074,      Saale-Holzland-Kreis,2025,83549.45817630853,83157.27529778266,83944.1010919923
16074,      Saale-Holzland-Kreis,2026,83515.26823395105,82532.57421005481,84618.36013607307
16074,      Saale-Holzland-Kreis,2027,83481.07829159359,81519.54696893197,85641.84458323488
16074,      Saale-Holzland-Kreis,2028,83446.79467816114,80363.6770301659,86830.38053828952
16074,      Saale-Holzland-Kreis,2029,83412.60473580366,78966.75375351823,88187.99044606817
16074,      Saale-Holzland-Kreis,2030,83378.41479344618,77251.46864661544,89633.34498178923
16074,      Saale-Holzland-Kreis,2031,83344.2248510887,75295.6803169064,91238.52278962184
16074,      Saale-Holzland-Kreis,2032,83309.94123765627,73433.33266371653,93203.95893789384
16074,      Saale-Holzland-Kreis,2033,83275.75129529879,71514.56100705669,95394.56429547085
16074,      Saale-Holzland-Kreis,2034,83241.56135294131,69529.58136289413,97536.6374158402
16074,      Saale-Holzland-Kreis,2035,83207.37141058383,67210.44223415568,99830.74261216994
16074,      Saale-Holzland-Kreis,2036,83173.0877971514,64659.02095741415,102279.10170513528
16074,      Saale-Holzland-Kreis,2037,83138.89785479392,61842.58326294534,105075.07491701822
16074,      Saale-Holzland-Kreis,2038,83104.70791243644,59087.636189248544,107557.45818226357
16074,      Saale-Holzland-Kreis,2039,83070.51797007896,56433.54363248105,109945.81338382392
16074,      Saale-Holzland-Kreis,2040,83036.23435664653,53534.1240851062,112626.2293684738
16075,      Saale-Orla-Kreis,2025,76805.42539159584,76711.47270915825,76889.76936843224
16075,      Saale-Orla-Kreis,2026,76274.61506045058,75984.62759948055,76553.91218007127
16075,      Saale-Orla-Kreis,2027,75743.80472930532,75177.25797329366,76309.60052312966
16075,      Saale-Orla-Kreis,2028,75211.54012328021,74323.33711533864,76103.15429235753
16075,      Saale-Orla-Kreis,2029,74680.72979213495,73393.11559555316,75966.41804050322
16075,      Saale-Orla-Kreis,2030,74149.9194609897,72501.11136381685,75811.00459675166
16075,      Saale-Orla-Kreis,2031,73619.10912984442,71548.09708536604,75790.88143827303
16075,      Saale-Orla-Kreis,2032,73086.84452381931,70579.32183251041,75722.66023606174
16075,      Saale-Orla-Kreis,2033,72556.03419267405,69615.42949222248,75684.35737515247
16075,      Saale-Orla-Kreis,2034,72025.2238615288,68551.29589558329,75700.48514166118
16075,      Saale-Orla-Kreis,2035,71494.41353038352,67447.66581262182,75838.15544921989
16075,      Saale-Orla-Kreis,2036,70962.14892435842,66273.9438855246,76021.41896510555
16075,      Saale-Orla-Kreis,2037,70431.33859321316,65128.17167700911,76177.7799446841
16075,      Saale-Orla-Kreis,2038,69900.5282620679,64103.89214210223,76307.84365110683
16075,      Saale-Orla-Kreis,2039,69369.71793092263,62961.66611365657,76458.04574636953
16075,      Saale-Orla-Kreis,2040,68837.45332489753,61860.48340461351,76578.0885259307
16076,"      Greiz, Landkreis",2025,92918.71060194584,92690.05740816104,93123.1491128166
16076,"      Greiz, Landkreis",2026,92132.78156389792,91384.87936497972,92837.12138600032
16076,"      Greiz, Landkreis",2027,91346.85252585,89738.03502592025,92786.507039925
16076,"      Greiz, Landkreis",2028,90558.77025756084,87914.28877727684,92845.447748603
16076,"      Greiz, Landkreis",2029,89772.84121951292,86139.82424654975,93083.08691522604
16076,"      Greiz, Landkreis",2030,88986.912181465,84249.19358387057,93343.4031812518
16076,"      Greiz, Landkreis",2031,88200.98314341706,82156.67782062737,93912.89237770408
16076,"      Greiz, Landkreis",2032,87412.90087512792,79851.7848392827,94600.99696904418
16076,"      Greiz, Landkreis",2033,86626.97183708,77412.6441229768,95199.41527786064
16076,"      Greiz, Landkreis",2034,85841.04279903207,75281.7120367763,95932.6364730084
16076,"      Greiz, Landkreis",2035,85055.11376098415,73060.52080467384,96550.18003393608
16076,"      Greiz, Landkreis",2036,84267.031492695,70652.13659995649,97244.32850472594
16076,"      Greiz, Landkreis",2037,83481.10245464707,67964.47620442027,98096.89795253788
16076,"      Greiz, Landkreis",2038,82695.17341659915,65313.63083503101,99019.3913096064
16076,"      Greiz, Landkreis",2039,81909.24437855123,62820.58288033739,100050.34896422325
16076,"      Greiz, Landkreis",2040,81121.16211026207,60441.9347593905,101263.01124254748
16077,"      Altenburger Land, Landkreis",2025,87317.08446990133,87025.75581041556,87561.09083098482
16077,"      Altenburger Land, Landkreis",2026,87061.22027438263,86201.96896490849,87891.11574944454
16077,"      Altenburger Land, Landkreis",2027,86805.35607886394,85114.94826268575,88550.69481996878
16077,"      Altenburger Land, Landkreis",2028,86548.79088554932,83869.95891447032,89371.12514011972
16077,"      Altenburger Land, Landkreis",2029,86292.92669003062,82364.94816376995,90135.99612329884
16077,"      Altenburger Land, Landkreis",2030,86037.06249451195,80784.8335759622,91171.60153482213
16077,"      Altenburger Land, Landkreis",2031,85781.19829899326,79073.9970652814,92321.559481933
16077,"      Altenburger Land, Landkreis",2032,85524.63310567863,77369.85914133614,93887.82367754444
16077,"      Altenburger Land, Landkreis",2033,85268.76891015994,75565.0571371343,95287.0573419796
16077,"      Altenburger Land, Landkreis",2034,85012.90471464126,73334.45198010099,96848.871098185
16077,"      Altenburger Land, Landkreis",2035,84757.04051912256,71067.13566216263,98228.58657775026
16077,"      Altenburger Land, Landkreis",2036,84500.47532580794,68756.73476980282,100096.26397380055
16077,"      Altenburger Land, Landkreis",2037,84244.61113028925,66543.36816393964,102094.91692090144
16077,"      Altenburger Land, Landkreis",2038,83988.74693477058,64054.80565045137,103978.9519667078
16077,"      Altenburger Land, Landkreis",2039,83732.88273925187,61206.13040565918,105728.0594605024
16077,"      Altenburger Land, Landkreis",2040,83476.31754593724,58809.18339838664,107498.03280194964
