AGS,Region,Year,Total,Male,Female,Homes,FullStay_Beds,Home_Personnel,Versorgungsquote,Care_Home_Personnel,Care_Home_Places_per_Pop,Care_Service_Personnel,Commuter_Balance,Debtor_Rate,Employment_Rate_55plus,Female_Employment_Rate,GPs_per_Pop,Hospital_Beds_per_1k,Population_Density,Premature_Mortality,Purchasing_Power,Residents_per_Doctor,Single_Person_Households_Pct,Welfare_Rate_SGBII
01001,"      Flensburg, kreisfreie Stadt",2015,85942.0,42767.0,43175.0,17.0,1094.0,840.0,0.0127295152544739,"88,05","127,30","67,77","29,42","16,21","44,71","84,23","7,21","9,10","1514,66","3,51","20233,58","461,64","48,89","15,07"
01001,"      Flensburg, kreisfreie Stadt",2017,88519.0,44086.0,44433.0,19.0,1097.0,888.0,0.0123928196206464,"87,57","123,93","50,93","27,68","16,21","48,56","84,54","7,32","9,10","1560,36","3,26","21225,55","461,64","50,73","16,16"
01001,"      Flensburg, kreisfreie Stadt",2019,90164.0,44904.0,45260.0,19.0,1067.0,944.0,0.0118339913934608,"96,52","118,34","40,80","27,50","16,33","51,35","85,99","7,08","9,10","1700,57","3,39","20920,62","470,22","57,64","15,25"
01001,"      Flensburg, kreisfreie Stadt",2021,91113.0,45336.0,45777.0,19.0,1082.0,886.0,0.0118753635595359,"90,41","118,75","37,17","23,67","14,79","53,03","82,74","6,61","9,10","1606,08","3,67","22555,19","482,72","58,68","14,08"
01001,"      Flensburg, kreisfreie Stadt",2023,96431.0,47553.0,48878.0,18.0,1043.0,913.0,0.0108160238927315,"92,50","108,16","42,84","23,94","1272,99","54,24","77,93","6,61","9,10","1699,82","3,14","26301,48","482,72","53,65","12,93"
01002,"      Kiel, kreisfreie Stadt",2015,246306.0,119835.0,126471.0,34.0,2211.0,1558.0,0.0089766388151323,"80,39","89,77","113,49","29,03","12,17","45,73","73,02","6,36","9,83","2075,90","2,91","20288,53","434,61","55,92","16,41"
01002,"      Kiel, kreisfreie Stadt",2017,247943.0,120809.0,127134.0,36.0,2196.0,1849.0,0.0088568743622526,"91,99","88,57","76,26","27,07","12,16","48,93","75,55","6,73","9,83","2089,70","2,91","21568,05","434,61","55,94","16,91"
01002,"      Kiel, kreisfreie Stadt",2019,246794.0,120198.0,126596.0,35.0,2200.0,1799.0,0.0089143172038218,"90,54","89,14","65,16","26,73","11,92","53,09","77,44","6,57","9,83","2080,02","3,06","21222,14","438,94","56,23","15,49"
01002,"      Kiel, kreisfreie Stadt",2021,246243.0,119860.0,126383.0,34.0,2149.0,1790.0,0.0087271516347672,"90,18","87,27","55,01","26,10","10,51","55,24","77,03","6,76","9,83","2075,37","3,03","22918,42","423,35","52,05","14,25"
01002,"      Kiel, kreisfreie Stadt",2023,251751.0,123080.0,128671.0,34.0,2074.0,1705.0,0.0082382989541253,"87,80","82,38","59,41","25,68","895,58","57,92","77,24","6,76","9,83","2121,80","2,98","26792,26","423,35","53,94","14,03"
01003,"      Lübeck, kreisfreie Stadt, Hansestadt",2015,216253.0,103683.0,112570.0,47.0,3518.0,2723.0,0.0162679824094925,"90,32","162,68","68,84","18,67","15,26","44,15","74,30","6,31","9,15","1009,54","3,50","21291,05","461,23","48,80","16,38"
01003,"      Lübeck, kreisfreie Stadt, Hansestadt",2017,216318.0,103884.0,112434.0,45.0,3376.0,2596.0,0.0156066531680211,"82,52","156,07","55,41","17,88","15,04","48,37","76,96","6,78","9,15","1009,94","3,58","22673,06","461,23","50,10","16,06"
01003,"      Lübeck, kreisfreie Stadt, Hansestadt",2019,216530.0,104032.0,112498.0,44.0,3385.0,2678.0,0.015632937699164,"84,91","156,33","46,34","19,16","14,48","51,39","78,51","6,86","9,15","1010,92","3,51","22350,78","460,21","48,97","14,30"
01003,"      Lübeck, kreisfreie Stadt, Hansestadt",2021,216277.0,104005.0,112272.0,46.0,3390.0,2835.0,0.0156743435501694,"91,72","156,74","47,78","19,00","12,45","54,14","78,62","6,81","9,15","1009,74","3,43","24127,79","445,69","50,09","12,96"
01003,"      Lübeck, kreisfreie Stadt, Hansestadt",2023,217061.0,104263.0,112798.0,45.0,3223.0,2836.0,0.0148483605990942,"92,83","148,48","44,99","19,53","1117,53","57,76","78,68","6,81","9,15","1013,40","3,57","28153,49","445,69","52,05","13,11"
01004,"      Neumünster, kreisfreie Stadt",2015,79197.0,39118.0,40079.0,18.0,1231.0,968.0,0.0155435180625528,"85,89","155,44","58,22","23,48","17,09","45,10","75,61","5,24","8,52","1105,64","3,42","20417,12","612,63","42,42","16,11"
01004,"      Neumünster, kreisfreie Stadt",2017,79335.0,39190.0,40145.0,18.0,1258.0,1004.0,0.015856809730888,"88,85","158,57","48,58","25,88","17,80","50,52","77,20","6,14","8,52","1107,10","3,93","22228,84","612,63","41,02","15,60"
01004,"      Neumünster, kreisfreie Stadt",2019,80196.0,39723.0,40473.0,22.0,1356.0,1128.0,0.0169085739937153,"93,07","169,09","41,49","26,12","18,65","54,81","78,54","6,02","8,52","1119,12","3,61","21988,87","650,68","40,25","14,16"
01004,"      Neumünster, kreisfreie Stadt",2021,79496.0,39382.0,40114.0,23.0,1341.0,1178.0,0.0168687732716111,"94,85","168,69","45,56","27,62","16,95","57,34","79,96","5,82","8,52","1109,35","3,72","23764,92","659,72","41,21","13,37"
01004,"      Neumünster, kreisfreie Stadt",2023,79461.0,39444.0,40017.0,21.0,1055.0,882.0,0.0132769534740312,"88,64","132,77","39,42","27,06","1596,69","60,79","79,29","5,82","8,52","1108,86","4,00","27680,96","659,72","46,70","13,44"
01051,"      Dithmarschen, Kreis",2015,132917.0,65512.0,67405.0,34.0,1768.0,1726.0,0.01330153404004,"108,76","133,02","48,82","-14,77","12,43","40,76","73,81","6,23","5,46","93,07","3,81","21347,54","779,25","38,06","11,15"
01051,"      Dithmarschen, Kreis",2017,133447.0,65911.0,67536.0,38.0,1746.0,1680.0,0.0130838460212668,"101,94","130,84","44,95","-14,96","12,78","45,19","75,84","6,61","5,46","93,44","3,47","23069,19","779,25","35,97","11,78"
01051,"      Dithmarschen, Kreis",2019,133193.0,65718.0,67475.0,38.0,1732.0,1796.0,0.0130036863799148,"109,71","130,04","39,70","-14,50","12,74","48,82","78,39","6,63","5,46","93,26","3,59","22804,74","765,48","34,38","10,10"
01051,"      Dithmarschen, Kreis",2021,133969.0,66046.0,67923.0,39.0,1736.0,1722.0,0.0129582216781494,"104,11","129,58","32,66","-14,22","10,89","51,99","78,99","6,36","5,46","93,80","3,79","25035,42","764,45","33,07","8,95"
01051,"      Dithmarschen, Kreis",2023,133514.0,65867.0,67647.0,41.0,1891.0,1770.0,0.0141633087166888,"102,73","141,63","37,07","-14,79","990,83","57,47","81,91","6,36","5,46","93,49","3,82","29218,63","764,45","43,61","9,28"
01053,"      Herzogtum Lauenburg, Kreis",2015,192999.0,94684.0,98315.0,60.0,2572.0,2181.0,0.0133264939196576,"94,21","133,26","65,57","-56,68","9,73","48,08","78,53","5,37","2,82","152,81","2,79","23912,45","795,43","34,46","8,33"
01053,"      Herzogtum Lauenburg, Kreis",2017,196074.0,96281.0,99793.0,60.0,2474.0,2178.0,0.0126176851596846,"93,72","126,18","53,97","-53,86","10,17","51,19","78,46","6,03","2,82","155,24","2,93","25586,42","795,43","40,29","8,63"
01053,"      Herzogtum Lauenburg, Kreis",2019,198019.0,97165.0,100854.0,61.0,2434.0,2123.0,0.0122917497815866,"91,31","122,92","49,50","-54,68","10,12","54,85","79,26","6,05","2,82","156,78","2,94","25236,75","791,28","40,60","7,45"
01053,"      Herzogtum Lauenburg, Kreis",2021,200819.0,98622.0,102197.0,62.0,2453.0,2122.0,0.0122149796582992,"94,14","122,15","45,18","-54,32","8,72","57,56","79,29","6,36","2,82","158,99","2,95","27154,13","768,69","37,67","7,02"
01053,"      Herzogtum Lauenburg, Kreis",2023,205445.0,100450.0,104995.0,56.0,2324.0,2101.0,0.0113120299836939,"95,15","113,12","45,92","-57,89","760,90","61,75","79,20","6,36","2,82","162,66","2,74","31717,70","768,69","37,99","7,73"
01054,"      Nordfriesland, Kreis",2015,163960.0,80319.0,83641.0,41.0,1851.0,1558.0,0.0112893388631373,"93,41","112,89","40,33","-3,43","9,71","44,61","86,02","6,91","3,99","78,70","3,27","21577,29","752,10","39,90","7,51"
01054,"      Nordfriesland, Kreis",2017,165462.0,81108.0,84354.0,44.0,1845.0,1637.0,0.0111505965115857,"93,44","111,51","43,38","-2,64","9,82","49,50","87,63","7,30","3,99","79,41","3,16","23387,53","752,10","44,50","8,08"
01054,"      Nordfriesland, Kreis",2019,165951.0,81286.0,84665.0,45.0,1939.0,1672.0,0.0116841718338545,"93,62","116,84","39,03","-3,40","10,05","52,42","89,38","7,28","3,99","79,65","3,52","23139,86","749,21","45,02","6,61"
01054,"      Nordfriesland, Kreis",2021,167560.0,82039.0,85521.0,45.0,1898.0,1763.0,0.0113272857483886,"97,13","113,27","35,79","-2,25","9,18","55,54","87,72","6,71","3,99","80,42","3,42","25573,58","761,64","43,61","5,84"
01054,"      Nordfriesland, Kreis",2023,170048.0,82926.0,87122.0,45.0,1825.0,1779.0,0.0107322638313887,"104,71","107,32","30,51","-2,75","821,35","60,64","88,03","6,71","3,99","81,61","3,30","29796,03","761,64","47,01","6,42"
01055,"      Ostholstein, Kreis",2015,199574.0,96412.0,103162.0,56.0,3588.0,2544.0,0.0179782937657209,"84,04","179,78","48,44","-19,90","10,41","44,79","80,12","6,39","8,48","143,31","3,57","22534,76","658,73","43,04","8,29"
01055,"      Ostholstein, Kreis",2017,200584.0,96850.0,103734.0,56.0,3547.0,2690.0,0.0176833645754397,"82,14","176,83","40,44","-18,05","10,62","48,90","81,68","7,21","8,48","143,99","3,67","24285,71","658,73","43,25","8,38"
01055,"      Ostholstein, Kreis",2019,200539.0,96689.0,103850.0,53.0,3384.0,2476.0,0.0168745231600835,"78,65","168,75","34,79","-18,23","10,45","52,15","83,66","7,12","8,48","143,96","3,71","23897,10","655,89","42,44","7,23"
01055,"      Ostholstein, Kreis",2021,202014.0,97423.0,104591.0,58.0,3474.0,2573.0,0.0171968279426178,"83,81","171,97","34,96","-18,79","9,08","55,14","83,44","6,81","8,48","145,02","3,58","26149,91","699,59","40,66","5,97"
01055,"      Ostholstein, Kreis",2023,201529.0,96902.0,104627.0,57.0,3488.0,2579.0,0.0173076827652595,"84,56","173,08","33,70","-21,27","791,82","60,01","84,73","6,81","8,48","144,67","3,81","30418,79","699,59","47,89","6,59"
01056,"      Pinneberg, Kreis",2015,307471.0,150455.0,157016.0,58.0,3711.0,2628.0,0.0120694309382023,"79,76","120,69","50,92","-39,49","9,53","51,77","80,92","5,21","2,52","462,88","2,77","24877,25","780,19","37,12","8,01"
01056,"      Pinneberg, Kreis",2017,312662.0,153401.0,159261.0,57.0,3608.0,2690.0,0.0115396178621002,"83,62","115,40","42,38","-36,21","9,60","55,43","81,91","5,92","2,52","470,70","2,62","26167,90","780,19","37,78","8,72"
01056,"      Pinneberg, Kreis",2019,316103.0,155123.0,160980.0,55.0,3636.0,2691.0,0.0115025798553003,"82,60","115,03","41,47","-38,67","9,61","58,94","83,14","5,97","2,52","475,88","2,79","25713,46","779,54","38,01","8,04"
01056,"      Pinneberg, Kreis",2021,318326.0,156244.0,162082.0,53.0,3753.0,2646.0,0.0117898003933074,"83,81","117,90","42,82","-37,20","8,32","61,09","83,32","6,20","2,52","479,23","2,80","27512,12","762,00","36,67","7,94"
01056,"      Pinneberg, Kreis",2023,323762.0,158688.0,165074.0,55.0,3608.0,2645.0,0.0111439884853688,"80,89","111,44","46,25","-40,87","734,46","64,55","82,57","6,20","2,52","487,41","2,82","32018,63","762,00","40,76","8,43"
01057,"      Plön, Kreis",2015,128304.0,62349.0,65955.0,27.0,1330.0,1157.0,0.0103660057363761,"99,48","103,66","48,09","-70,45","8,64","46,55","78,99","6,47","2,88","118,45","3,08","22429,95","797,78","34,94","7,01"
01057,"      Plön, Kreis",2017,128842.0,62670.0,66172.0,25.0,1286.0,1131.0,0.009981217304916,"93,32","99,81","41,75","-66,43","8,95","49,93","79,64","6,67","2,88","118,91","2,71","24280,24","797,78","34,77","7,73"
01057,"      Plön, Kreis",2019,128686.0,62487.0,66199.0,25.0,1289.0,1122.0,0.0100166296256002,"92,96","100,17","35,66","-65,33","8,81","54,12","81,93","7,23","2,88","118,76","2,79","23979,68","779,92","34,15","6,82"
01057,"      Plön, Kreis",2021,129687.0,62753.0,66934.0,26.0,1456.0,1155.0,0.0112270312367469,"90,87","112,27","40,83","-65,81","7,69","57,62","82,44","7,00","2,88","119,69","2,90","26221,78","780,07","31,03","6,12"
01057,"      Plön, Kreis",2023,130635.0,62849.0,67786.0,25.0,1489.0,1144.0,0.0113981704749875,"88,41","113,98","43,87","-68,59","675,31","60,58","82,77","7,00","2,88","120,56","3,15","30506,28","780,07","39,58","6,62"
01058,"      Rendsburg-Eckernförde, Kreis",2015,270378.0,133002.0,137376.0,68.0,3289.0,2834.0,0.0121644512497318,"96,66","121,64","49,97","-27,75","8,99","46,69","77,17","6,27","3,41","123,51","2,74","22974,60","746,98","36,04","6,88"
01058,"      Rendsburg-Eckernförde, Kreis",2017,273022.0,134407.0,138615.0,68.0,3313.0,2883.0,0.0121345532594442,"92,64","121,35","37,71","-26,08","9,41","50,46","77,91","6,82","3,41","124,68","2,90","24822,38","746,98","35,60","7,50"
01058,"      Rendsburg-Eckernförde, Kreis",2019,274098.0,134970.0,139128.0,65.0,3384.0,2814.0,0.0123459492590241,"93,36","123,46","32,40","-25,24","9,28","54,16","80,34","6,85","3,41","125,17","3,31","24535,05","736,33","36,49","6,58"
01058,"      Rendsburg-Eckernförde, Kreis",2021,276053.0,135883.0,140170.0,68.0,3440.0,2741.0,0.0124613751707099,"88,91","124,61","38,31","-25,42","8,02","56,97","80,39","6,70","3,41","126,06","3,22","26678,59","786,48","35,08","5,80"
01058,"      Rendsburg-Eckernförde, Kreis",2023,277888.0,136510.0,141378.0,65.0,3354.0,2832.0,0.0120696107784431,"94,94","120,70","36,42","-24,66","705,50","60,97","81,17","6,70","3,41","126,90","3,02","30948,16","786,48","39,78","6,20"
01059,"      Schleswig-Flensburg, Kreis",2015,196839.0,97496.0,99343.0,72.0,2929.0,2604.0,0.0148801812648916,"102,24","148,80","59,70","-23,50","10,33","43,35","81,70","6,13","3,53","95,03","3,33","21636,26","859,93","35,33","8,77"
01059,"      Schleswig-Flensburg, Kreis",2017,199503.0,98846.0,100657.0,74.0,2948.0,2608.0,0.0147767201495716,"94,60","147,77","54,13","-23,40","10,64","47,01","82,37","6,77","3,53","96,32","3,30","23253,26","859,93","35,90","8,62"
01059,"      Schleswig-Flensburg, Kreis",2019,201156.0,99557.0,101599.0,76.0,3032.0,2758.0,0.0150728787607627,"97,22","150,73","45,92","-24,82","10,60","50,77","84,60","6,43","3,53","97,12","3,17","23251,19","896,02","33,65","6,86"
01059,"      Schleswig-Flensburg, Kreis",2021,203799.0,100681.0,103118.0,78.0,2972.0,2805.0,0.0145829959911481,"102,19","145,83","39,24","-22,67","9,48","52,73","82,89","6,18","3,53","98,39","3,24","25368,48","929,53","32,10","5,85"
01059,"      Schleswig-Flensburg, Kreis",2023,204761.0,100867.0,103894.0,76.0,2883.0,2755.0,0.0140798296550612,"102,76","140,80","37,93","-22,34","855,66","57,68","84,39","6,18","3,53","98,86","3,76","29503,67","929,53","38,77","6,49"
01060,"      Segeberg, Kreis",2015,267503.0,131777.0,135726.0,64.0,4084.0,3126.0,0.0152671184996056,"91,54","152,67","59,78","-23,01","9,68","50,94","80,10","5,69","6,37","198,97","2,75","23347,61","851,01","37,79","6,68"
01060,"      Segeberg, Kreis",2017,274025.0,135470.0,138555.0,63.0,3963.0,3237.0,0.0144621841072894,"87,49","144,62","46,21","-20,90","9,86","54,78","80,84","5,99","6,37","203,82","2,97","24801,57","851,01","35,95","7,21"
01060,"      Segeberg, Kreis",2019,277175.0,137054.0,140121.0,61.0,3801.0,3162.0,0.0137133579868314,"91,23","137,13","41,58","-21,69","9,71","58,63","82,68","5,93","6,37","206,16","2,79","24431,14","851,54","37,37","6,35"
01060,"      Segeberg, Kreis",2021,280400.0,138337.0,142063.0,68.0,3930.0,3336.0,0.0140156918687589,"96,89","140,16","37,98","-22,38","8,25","61,15","82,82","5,77","6,37","208,56","2,87","26349,96","846,49","35,77","5,96"
01060,"      Segeberg, Kreis",2023,282268.0,139146.0,143122.0,66.0,3856.0,3077.0,0.0136607762835319,"95,41","136,61","44,13","-22,71","723,33","65,48","83,77","5,77","6,37","209,95","3,02","30640,57","846,49","37,81","6,39"
01061,"      Steinburg, Kreis",2015,131457.0,65047.0,66410.0,33.0,1804.0,1526.0,0.0137231185863057,"90,56","137,23","50,97","-29,06","11,85","45,98","77,15","6,47","4,65","124,47","3,31","21515,57","736,30","40,22","8,83"
01061,"      Steinburg, Kreis",2017,131613.0,65054.0,66559.0,34.0,1898.0,1642.0,0.0144210678276462,"87,67","144,21","50,59","-29,38","12,18","49,87","78,22","6,34","4,65","124,67","3,39","23281,32","736,30","37,96","9,73"
01061,"      Steinburg, Kreis",2019,131013.0,64747.0,66266.0,34.0,1865.0,1611.0,0.0142352285651042,"88,61","142,35","56,83","-29,94","12,09","53,83","80,21","6,22","4,65","124,10","3,70","22988,75","735,00","38,73","8,77"
01061,"      Steinburg, Kreis",2021,130843.0,64611.0,66232.0,37.0,1793.0,1615.0,0.0137034461148093,"93,35","137,03","58,58","-28,75","10,50","57,34","81,56","6,06","4,65","123,94","3,65","25032,53","731,99","37,74","7,47"
01061,"      Steinburg, Kreis",2023,132447.0,65509.0,66938.0,38.0,1828.0,1627.0,0.0138017471139399,"94,92","138,02","51,39","-28,77","954,28","60,77","81,77","6,06","4,65","125,46","3,33","29202,50","731,99","40,66","7,90"
01062,"      Stormarn, Kreis",2015,239614.0,117002.0,122612.0,57.0,3860.0,2798.0,0.0161092423648033,"90,03","161,09","53,40","-13,13","7,65","50,88","79,71","5,85","4,34","312,69","2,49","26435,49","785,33","34,60","5,21"
01062,"      Stormarn, Kreis",2017,242472.0,118568.0,123904.0,55.0,3767.0,2884.0,0.0155358144445544,"86,22","155,36","47,80","-10,11","7,63","54,75","80,39","6,24","4,34","316,46","2,56","27815,92","785,33","35,66","5,91"
01062,"      Stormarn, Kreis",2019,244156.0,119230.0,124926.0,54.0,3696.0,2898.0,0.0151378626779599,"88,09","151,38","50,16","-10,39","7,48","58,38","82,11","6,24","4,34","318,67","2,31","27281,32","780,67","35,46","5,55"
01062,"      Stormarn, Kreis",2021,245406.0,119842.0,125564.0,54.0,3580.0,2945.0,0.0145880703813272,"92,58","145,88","50,51","-7,90","6,19","61,35","83,17","6,05","4,34","320,28","2,63","29157,87","782,79","33,24","5,09"
01062,"      Stormarn, Kreis",2023,246201.0,119834.0,126367.0,51.0,3453.0,2800.0,0.0140251258118366,"89,43","140,25","46,05","-8,57","546,54","65,12","83,13","6,05","4,34","321,31","2,61","33715,12","782,79","37,14","5,93"
03101,"      Braunschweig, kreisfreie Stadt",2015,251364.0,125001.0,126363.0,33.0,3147.0,2224.0,0.0125196925574067,"75,52","125,20","44,17","22,26","10,22","49,67","76,91","6,31","6,76","1307,96","2,95","23323,22","503,34","52,68","9,35"
03101,"      Braunschweig, kreisfreie Stadt",2017,248023.0,122721.0,125302.0,34.0,3127.0,2365.0,0.0126077017050838,"78,13","126,08","40,37","22,61","9,61","53,34","78,84","6,64","6,76","1287,09","2,79","24776,64","503,34","53,39","9,08"
03101,"      Braunschweig, kreisfreie Stadt",2019,249406.0,123630.0,125776.0,34.0,3185.0,2342.0,0.0127703423333841,"81,57","127,70","40,02","22,20","9,60","57,80","80,02","6,57","6,76","1294,27","2,88","24568,56","506,41","55,14","8,47"
03101,"      Braunschweig, kreisfreie Stadt",2021,248823.0,123441.0,125382.0,38.0,3159.0,2650.0,0.0126957716931312,"88,54","126,96","40,71","21,89","8,03","60,69","80,90","6,62","6,76","1291,25","3,10","26389,90","520,28","55,43","8,26"
03101,"      Braunschweig, kreisfreie Stadt",2023,253527.0,125666.0,127861.0,40.0,3215.0,2663.0,0.0126810951101855,"90,76","126,81","40,04","22,25","734,13","61,94","79,55","6,62","6,76","1315,66","3,09","30460,26","520,28","51,19","9,09"
03102,"      Salzgitter, kreisfreie Stadt",2015,101079.0,49898.0,51181.0,18.0,1379.0,1120.0,0.013642794250042,"89,46","136,43","40,11","23,64","12,85","48,49","70,90","6,53","3,93","451,41","3,88","20347,91","589,83","39,75","13,61"
03102,"      Salzgitter, kreisfreie Stadt",2017,104548.0,51990.0,52558.0,21.0,1623.0,1202.0,0.0155239698511688,"84,95","155,24","36,66","20,39","13,24","52,79","71,61","6,24","3,93","465,71","3,59","21776,86","589,83","42,92","17,37"
03102,"      Salzgitter, kreisfreie Stadt",2019,104291.0,51831.0,52460.0,21.0,1560.0,1293.0,0.0149581459569857,"87,48","149,58","36,56","19,65","13,66","56,56","73,92","6,42","3,93","464,57","3,94","21615,47","576,99","43,85","16,79"
03102,"      Salzgitter, kreisfreie Stadt",2021,103694.0,51539.0,52155.0,20.0,1500.0,1283.0,0.0144656392848187,"91,91","144,66","34,39","18,17","12,33","59,64","74,82","5,64","3,93","461,91","3,87","23439,67","622,79","43,26","15,76"
03102,"      Salzgitter, kreisfreie Stadt",2023,105056.0,52558.0,52498.0,22.0,1454.0,1225.0,0.0138402375875723,"91,15","138,40","31,71","18,37","1149,77","60,44","73,39","5,64","3,93","467,98","3,84","27319,60","622,79","43,81","15,78"
03103,"      Wolfsburg, kreisfreie Stadt",2015,124045.0,61581.0,62464.0,16.0,1235.0,1003.0,0.0099560643314926,"81,68","99,56","35,58","57,71","8,03","52,09","74,41","5,34","4,41","607,80","2,93","24350,16","590,07","43,53","7,47"
03103,"      Wolfsburg, kreisfreie Stadt",2017,123914.0,61559.0,62355.0,18.0,1271.0,1060.0,0.0102571138047355,"86,25","102,57","41,93","56,95","7,69","56,11","76,40","5,69","4,41","605,61","2,99","25763,48","590,07","43,63","8,55"
03103,"      Wolfsburg, kreisfreie Stadt",2019,124371.0,61973.0,62398.0,18.0,1271.0,1111.0,0.0102194241422839,"92,51","102,19","36,51","56,71","7,88","60,23","77,64","5,71","4,41","607,84","2,88","25430,74","580,49","44,38","8,15"
03103,"      Wolfsburg, kreisfreie Stadt",2021,123949.0,61765.0,62184.0,20.0,1343.0,1161.0,0.0108351015336953,"94,47","108,35","41,24","55,77","6,85","63,49","79,29","5,79","4,41","605,75","3,01","27251,93","596,63","43,75","8,67"
03103,"      Wolfsburg, kreisfreie Stadt",2023,129347.0,64619.0,64728.0,20.0,1291.0,1232.0,0.0099809040797235,"107,41","99,81","36,24","54,97","651,20","64,27","75,10","5,79","4,41","632,13","2,78","31628,11","596,63","45,35","9,65"
03151,"      Gifhorn, Landkreis",2015,174205.0,87129.0,87076.0,29.0,1746.0,1294.0,0.0100226744352917,"81,23","100,23","38,41","-72,15","8,81","49,61","73,09","5,25","2,13","111,47","2,61","22892,93","1035,97","31,31","5,73"
03151,"      Gifhorn, Landkreis",2017,175079.0,87743.0,87336.0,34.0,1931.0,1480.0,0.0110293067700866,"84,38","110,29","45,41","-71,13","8,85","53,31","75,00","5,28","2,13","111,69","2,75","24918,05","1035,97","33,27","5,94"
03151,"      Gifhorn, Landkreis",2019,176523.0,88295.0,88228.0,36.0,1933.0,1675.0,0.0109504143935917,"92,75","109,50","40,91","-68,86","8,54","57,63","76,11","5,34","2,13","112,61","2,94","24891,16","979,32","31,19","5,60"
03151,"      Gifhorn, Landkreis",2021,177919.0,88884.0,89035.0,40.0,1948.0,1763.0,0.0109488025449783,"100,06","109,49","43,96","-66,67","7,06","60,24","77,67","5,51","2,13","113,50","3,36","27037,06","956,55","28,33","5,24"
03151,"      Gifhorn, Landkreis",2023,175876.0,87370.0,88506.0,41.0,1912.0,1789.0,0.0108712956855966,"104,68","108,71","44,09","-66,92","653,08","63,73","79,78","5,51","2,13","112,20","3,06","31425,10","956,55","34,83","6,30"
03153,"      Goslar, Landkreis",2015,138236.0,68245.0,69991.0,48.0,3298.0,2418.0,0.0238577505136143,"91,14","238,58","31,03","-5,65","12,82","44,92","75,76","6,67","7,82","143,21","3,54","21449,47","681,00","44,40","11,13"
03153,"      Goslar, Landkreis",2017,137563.0,68022.0,69541.0,49.0,3244.0,2543.0,0.0235819224646162,"89,17","235,82","32,28","-6,50","12,47","48,73","76,73","6,96","7,82","142,30","3,82","23262,81","681,00","47,58","11,82"
03153,"      Goslar, Landkreis",2019,136292.0,67599.0,68693.0,52.0,3384.0,2624.0,0.024829043524198,"87,32","248,29","30,13","-7,47","12,49","52,51","78,27","6,86","7,82","140,98","4,12","22947,75","679,76","47,47","10,28"
03153,"      Goslar, Landkreis",2021,134050.0,66486.0,67564.0,55.0,3380.0,2684.0,0.0252144722118612,"94,14","252,14","36,17","-9,89","11,36","55,55","80,34","7,03","7,82","138,67","4,40","24951,54","676,17","46,52","9,84"
03153,"      Goslar, Landkreis",2023,127712.0,62949.0,64763.0,48.0,3061.0,2397.0,0.0239679904785767,"90,42","239,68","30,03","-11,63","1119,28","61,66","84,32","7,03","7,82","132,11","4,94","28865,33","676,17","47,75","10,98"
03154,"      Helmstedt, Landkreis",2015,91500.0,45354.0,46146.0,22.0,1700.0,1281.0,0.0185792349726775,"80,31","185,79","42,63","-65,05","11,17","46,43","75,04","5,41","10,00","135,75","3,68","22306,60","847,30","37,19","8,92"
03154,"      Helmstedt, Landkreis",2017,91720.0,45467.0,46253.0,22.0,1711.0,1234.0,0.0186546009594417,"76,17","186,55","46,14","-63,08","11,04","49,20","77,08","5,75","10,00","135,65","3,75","24200,67","847,30","41,34","9,46"
03154,"      Helmstedt, Landkreis",2019,91297.0,45273.0,46024.0,23.0,1764.0,1260.0,0.0193215549251344,"78,75","193,22","40,17","-61,73","11,46","53,94","79,27","5,70","10,00","135,02","4,31","24201,85","863,33","40,06","8,52"
03154,"      Helmstedt, Landkreis",2021,91379.0,45304.0,46075.0,24.0,1728.0,1372.0,0.0189102529027457,"89,03","189,10","30,74","-59,30","9,93","58,49","80,68","5,99","10,00","135,15","4,08","26265,08","815,88","37,52","7,76"
03154,"      Helmstedt, Landkreis",2023,90692.0,44844.0,45848.0,23.0,1546.0,1279.0,0.0170467075375997,"90,26","170,47","29,26","-52,20","937,49","62,96","81,13","5,99","10,00","134,14","3,64","30321,73","815,88","40,27","8,78"
03155,"      Northeim, Landkreis",2015,134896.0,66394.0,68502.0,38.0,2302.0,1857.0,0.0170649982208516,"88,18","170,65","31,46","-13,71","10,89","48,37","77,83","7,67","2,86","106,46","3,16","21564,73","709,58","33,21","8,47"
03155,"      Northeim, Landkreis",2017,133046.0,65497.0,67549.0,37.0,2328.0,1930.0,0.0174977075597913,"87,93","174,98","29,75","-11,80","10,66","52,84","79,96","7,82","2,86","104,86","3,64","23176,52","709,58","33,82","8,86"
03155,"      Northeim, Landkreis",2019,132285.0,65290.0,66995.0,40.0,2394.0,2077.0,0.0180972899421703,"94,32","180,97","29,32","-12,36","10,66","57,02","81,37","7,54","2,86","104,26","3,42","22816,54","729,85","33,40","8,13"
03155,"      Northeim, Landkreis",2021,131765.0,64911.0,66854.0,42.0,2352.0,2133.0,0.0178499601563389,"103,54","178,50","24,36","-14,20","9,42","59,99","82,62","7,74","2,86","103,85","3,99","25064,04","673,13","31,72","7,51"
03155,"      Northeim, Landkreis",2023,126310.0,62281.0,64029.0,42.0,2335.0,2195.0,0.0184862639537645,"104,13","184,86","25,87","-14,41","887,04","66,46","87,16","7,74","2,86","99,55","4,07","29008,51","673,13","41,11","9,07"
03157,"      Peine, Landkreis",2015,132320.0,65493.0,66827.0,33.0,1981.0,1488.0,0.0149712817412333,"85,62","149,71","38,82","-65,55","10,14","48,94","75,75","5,71","1,84","247,34","2,96","22170,86","848,13","36,75","8,74"
03157,"      Peine, Landkreis",2017,133368.0,65947.0,67421.0,31.0,2065.0,1590.0,0.0154834742966828,"86,79","154,83","31,78","-65,64","10,33","53,00","76,65","5,75","1,84","248,59","3,06","23705,73","848,13","39,59","9,35"
03157,"      Peine, Landkreis",2019,134801.0,66753.0,68048.0,33.0,2019.0,1574.0,0.0149776336970793,"84,62","149,78","36,73","-64,09","10,43","57,54","78,17","5,82","1,84","251,26","2,75","23491,56","853,17","38,15","8,42"
03157,"      Peine, Landkreis",2021,136960.0,67861.0,69099.0,35.0,2121.0,1679.0,0.0154862733644859,"90,12","154,86","37,75","-66,60","8,78","60,41","79,30","5,82","1,84","255,28","3,11","25241,02","823,82","36,60","8,03"
03157,"      Peine, Landkreis",2023,136983.0,67929.0,69054.0,34.0,1968.0,1645.0,0.0143667462385843,"96,88","143,67","31,85","-69,77","794,24","63,95","81,10","5,82","1,84","255,33","3,07","29245,80","823,82","34,87","9,13"
03158,"      Wolfenbüttel, Landkreis",2015,120981.0,59846.0,61135.0,17.0,1575.0,1238.0,0.0130185731643811,"82,48","130,19","42,56","-86,15","9,19","47,84","74,45","5,04","2,48","167,43","3,31","23034,02","879,10","40,58","7,67"
03158,"      Wolfenbüttel, Landkreis",2017,120437.0,59569.0,60868.0,17.0,1558.0,1254.0,0.0129362239178989,"82,34","129,36","36,40","-85,27","9,10","51,99","76,10","5,75","2,48","166,28","3,07","24817,15","879,10","43,70","8,02"
03158,"      Wolfenbüttel, Landkreis",2019,119622.0,59212.0,60410.0,17.0,1571.0,1298.0,0.0131330357292136,"86,71","131,33","35,15","-87,28","9,05","56,25","79,23","5,58","2,48","165,16","3,18","24665,68","911,41","42,63","7,21"
03158,"      Wolfenbüttel, Landkreis",2021,119224.0,59013.0,60211.0,19.0,1610.0,1292.0,0.0135039924847346,"87,12","135,04","33,65","-80,45","7,71","59,04","81,22","5,85","2,48","164,60","3,17","26632,22","783,08","40,80","6,77"
03158,"      Wolfenbüttel, Landkreis",2023,118540.0,58530.0,60010.0,19.0,1577.0,1326.0,0.0133035262358697,"90,76","133,04","27,99","-79,32","702,20","63,84","82,33","5,85","2,48","163,66","3,53","30835,33","783,08","39,00","8,17"
03159,"      Göttingen, Landkreis",2017,328036.0,161209.0,166827.0,87.0,5323.0,4193.0,0.0162268775378312,"86,79","162,27","33,02","6,78","9,58","51,54","75,72","7,02","10,61","186,86","3,01","23304,78","575,25","50,99","8,10"
03159,"      Göttingen, Landkreis",2019,326041.0,160023.0,166018.0,89.0,5299.0,4571.0,0.0162525571937271,"94,11","162,53","37,14","6,34","9,42","55,59","77,95","7,21","10,61","185,73","3,02","22922,76","562,87","50,84","7,40"
03159,"      Göttingen, Landkreis",2021,323661.0,158925.0,164736.0,92.0,5191.0,4579.0,0.0160383858419766,"100,88","160,38","35,36","7,26","8,33","58,52","79,53","7,08","10,61","184,38","3,23","24957,04","560,94","49,18","7,14"
03159,"      Göttingen, Landkreis",2023,328657.0,161531.0,167126.0,89.0,5131.0,4680.0,0.0156120210432152,"103,02","156,12","33,64","6,29","761,36","61,63","79,20","7,08","10,61","187,23","3,23","28814,58","560,94","48,12","7,88"
03241,"      Region Hannover, Landkreis",2015,1144481.0,559775.0,584706.0,210.0,15145.0,11176.0,0.0132330724581709,"85,63","132,33","52,78","12,76","11,83","48,83","76,97","6,23","5,97","499,59","2,85","23120,83","613,29","45,01","12,91"
03241,"      Region Hannover, Landkreis",2017,1152675.0,563810.0,588865.0,218.0,15267.0,11633.0,0.0132448435161689,"85,42","132,45","52,77","12,70","11,50","52,75","77,96","6,48","5,97","501,79","2,84","24615,14","613,29","45,67","13,03"
03241,"      Region Hannover, Landkreis",2019,1157115.0,566626.0,590489.0,230.0,15362.0,12378.0,0.0132761220794821,"88,39","132,76","54,74","12,37","11,29","56,73","79,47","6,45","5,97","503,72","2,81","24186,69","609,65","46,28","11,88"
03241,"      Region Hannover, Landkreis",2021,1157541.0,566956.0,590585.0,238.0,15055.0,12586.0,0.0130060187932868,"92,52","130,06","57,29","12,55","9,50","59,53","81,01","6,56","5,97","503,91","2,99","25940,20","618,10","45,19","11,57"
03241,"      Region Hannover, Landkreis",2023,1138943.0,557533.0,581410.0,241.0,15272.0,13142.0,0.0134089238882016,"96,75","134,09","61,07","12,79","873,63","64,15","83,04","6,56","5,97","495,81","3,05","30088,43","618,10","47,36","12,43"
03251,"      Diepholz, Landkreis",2015,213976.0,106475.0,107501.0,65.0,2607.0,2332.0,0.0121836093767525,"100,52","121,84","45,79","-25,89","9,28","51,58","80,11","5,13","2,21","107,63","3,01","23015,47","968,66","33,89","6,72"
03251,"      Diepholz, Landkreis",2017,216012.0,107287.0,108725.0,66.0,2553.0,2367.0,0.0118187878451197,"102,33","118,19","41,82","-25,86","9,41","56,06","81,89","5,35","2,21","108,49","2,88","24560,76","968,66","36,26","7,34"
03251,"      Diepholz, Landkreis",2019,217089.0,107876.0,109213.0,68.0,2504.0,2508.0,0.0115344397919747,"112,32","115,34","40,61","-25,12","9,42","59,68","84,08","5,38","2,21","109,03","3,24","24204,65","974,59","36,77","6,58"
03251,"      Diepholz, Landkreis",2021,218839.0,108750.0,110089.0,67.0,2403.0,2383.0,0.0109806752909673,"112,25","109,81","39,03","-25,42","8,50","62,12","85,18","5,31","2,21","109,91","3,17","26169,34","976,96","35,13","5,92"
03251,"      Diepholz, Landkreis",2023,220743.0,109278.0,111465.0,70.0,2638.0,2560.0,0.0119505488282754,"114,34","119,51","40,55","-25,67","778,67","66,63","85,99","5,31","2,21","110,87","3,01","30344,00","976,96","35,90","6,74"
03252,"      Hameln-Pyrmont, Landkreis",2015,148281.0,71606.0,76675.0,49.0,2762.0,2303.0,0.01862679642031,"97,96","186,27","37,26","-6,30","12,48","47,38","78,38","6,76","7,38","186,25","3,65","21780,42","679,48","47,70","11,55"
03252,"      Hameln-Pyrmont, Landkreis",2017,148296.0,71625.0,76671.0,54.0,2760.0,2491.0,0.0186114257970545,"99,12","186,11","33,01","-6,44","12,78","51,94","79,78","6,91","7,38","185,94","3,40","23434,48","679,48","49,40","12,12"
03252,"      Hameln-Pyrmont, Landkreis",2019,148549.0,71880.0,76669.0,55.0,2774.0,2588.0,0.0186739728978316,"104,40","186,74","38,58","-8,47","12,83","55,52","80,71","6,88","7,38","186,26","3,47","23068,30","682,20","48,46","11,24"
03252,"      Hameln-Pyrmont, Landkreis",2021,148963.0,72157.0,76806.0,56.0,2846.0,2632.0,0.0191054154387331,"108,81","191,05","37,15","-8,77","10,79","58,70","81,66","6,49","7,38","186,78","3,98","24771,19","654,06","47,44","10,13"
03252,"      Hameln-Pyrmont, Landkreis",2023,150535.0,73146.0,77389.0,54.0,2807.0,2573.0,0.0186468263194605,"108,47","186,47","34,63","-9,40","978,53","61,55","82,26","6,49","7,38","188,75","4,03","28882,80","654,06","43,45","11,48"
03254,"      Hildesheim, Landkreis",2015,277055.0,135007.0,142048.0,71.0,4358.0,3517.0,0.0157297287542184,"92,94","157,30","44,14","-15,17","11,03","47,87","76,59","6,69","6,18","229,72","3,25","22259,05","677,62","42,29","9,68"
03254,"      Hildesheim, Landkreis",2017,276640.0,134841.0,141799.0,75.0,4305.0,3605.0,0.0155617408906882,"92,22","155,62","42,55","-13,87","10,80","52,42","78,08","6,72","6,18","228,94","3,32","23810,12","677,62","42,94","9,85"
03254,"      Hildesheim, Landkreis",2019,275817.0,134547.0,141270.0,74.0,4152.0,3524.0,0.0150534593589227,"95,42","150,53","38,60","-13,84","10,58","56,33","79,97","6,68","6,18","228,26","3,33","23428,78","687,82","42,55","9,07"
03254,"      Hildesheim, Landkreis",2021,274773.0,134208.0,140565.0,77.0,4011.0,3485.0,0.0145975041215839,"99,89","145,98","39,94","-13,95","9,39","59,09","81,08","6,85","6,18","227,40","3,49","25205,88","666,92","40,91","8,65"
03254,"      Hildesheim, Landkreis",2023,268318.0,131074.0,137244.0,80.0,4286.0,3727.0,0.0159735835836581,"103,18","159,74","37,62","-14,95","879,01","64,58","83,75","6,85","6,18","222,06","3,76","29202,69","666,92","43,66","9,86"
03255,"      Holzminden, Landkreis",2015,71659.0,35481.0,36178.0,27.0,1322.0,1060.0,0.0184484851867874,"91,62","184,48","37,30","-16,03","12,04","44,76","75,22","6,42","2,91","103,46","3,22","20891,22","813,07","39,68","9,64"
03255,"      Holzminden, Landkreis",2017,71144.0,35219.0,35925.0,28.0,1381.0,1093.0,0.0194113347576745,"85,39","194,11","32,35","-16,00","12,18","49,42","76,88","6,54","2,91","102,48","3,57","22440,49","813,07","39,85","10,25"
03255,"      Holzminden, Landkreis",2019,70458.0,34911.0,35547.0,26.0,1388.0,1130.0,0.0196996792415339,"90,54","197,00","30,65","-13,43","12,38","54,28","79,08","6,88","2,91","101,49","4,14","22123,53","782,87","37,87","9,22"
03255,"      Holzminden, Landkreis",2021,69862.0,34701.0,35161.0,26.0,1314.0,1090.0,0.0188085082018837,"90,16","188,09","30,40","-14,02","10,97","58,25","80,36","7,09","2,91","100,63","4,13","24095,83","761,44","35,47","8,36"
03255,"      Holzminden, Landkreis",2023,66088.0,32919.0,33169.0,25.0,1300.0,1057.0,0.0196707420409151,"93,37","196,71","27,89","-11,95","1090,99","65,00","86,27","7,09","2,91","95,19","4,64","28038,59","761,44","42,96","10,40"
03256,"      Nienburg (Weser), Landkreis",2015,120632.0,59947.0,60685.0,35.0,1927.0,1547.0,0.0159742025333244,"93,53","159,74","39,59","-22,59","10,47","50,07","79,00","5,64","2,92","86,23","3,24","21000,64","932,59","42,09","8,84"
03256,"      Nienburg (Weser), Landkreis",2017,121470.0,60379.0,61091.0,36.0,1942.0,1701.0,0.0159874866222112,"96,87","159,87","34,96","-22,32","10,90","53,50","80,77","5,04","2,92","86,71","3,51","22711,16","932,59","42,57","9,68"
03256,"      Nienburg (Weser), Landkreis",2019,121390.0,60299.0,61091.0,39.0,1938.0,1759.0,0.0159650712579289,"99,60","159,65","38,29","-18,25","11,04","57,23","82,18","5,35","2,92","86,66","3,35","22409,15","923,12","42,67","9,06"
03256,"      Nienburg (Weser), Landkreis",2021,121773.0,60359.0,61414.0,41.0,1946.0,1750.0,0.0159805539815886,"103,86","159,81","27,00","-18,42","9,83","59,96","82,99","5,56","2,92","86,93","3,82","24426,51","871,36","40,42","8,43"
03256,"      Nienburg (Weser), Landkreis",2023,121723.0,60298.0,61425.0,39.0,1969.0,1825.0,0.0161760719009554,"106,29","161,76","25,96","-22,46","923,34","63,58","83,44","5,56","2,92","86,89","3,68","28207,69","871,36","36,84","9,68"
03257,"      Schaumburg, Landkreis",2015,156206.0,76229.0,79977.0,57.0,3387.0,2655.0,0.0216829059063032,"91,05","216,83","48,11","-29,63","11,70","47,16","76,60","6,21","3,36","231,22","3,56","22574,65","816,99","40,18","8,98"
03257,"      Schaumburg, Landkreis",2017,157883.0,77206.0,80677.0,60.0,3281.0,2720.0,0.0207812114033809,"90,28","207,81","45,56","-29,76","11,79","51,45","77,23","5,96","3,36","233,67","3,60","24098,41","816,99","40,18","9,56"
03257,"      Schaumburg, Landkreis",2019,157820.0,77266.0,80554.0,61.0,3302.0,2755.0,0.0209225700164744,"93,39","209,23","37,77","-30,68","11,57","55,26","79,35","5,92","3,36","233,58","3,25","23928,61","825,20","40,80","8,42"
03257,"      Schaumburg, Landkreis",2021,158108.0,77495.0,80613.0,61.0,3227.0,2796.0,0.020410099425709,"101,34","204,10","32,29","-29,38","9,93","58,34","80,80","6,28","3,36","234,00","3,67","25689,19","778,86","38,49","7,16"
03257,"      Schaumburg, Landkreis",2023,157051.0,76875.0,80176.0,66.0,3430.0,2730.0,0.0218400392229275,"99,31","218,40","30,63","-31,02","896,11","63,05","82,74","6,28","3,36","232,44","3,74","29864,12","778,86","39,88","7,93"
03351,"      Celle, Landkreis",2015,177971.0,87543.0,90428.0,56.0,2768.0,2177.0,0.0155530957290794,"85,88","155,53","38,18","-12,32","12,06","46,46","76,33","6,38","3,15","115,18","3,29","22206,62","715,06","39,87","10,04"
03351,"      Celle, Landkreis",2017,178764.0,87877.0,90887.0,56.0,2834.0,2335.0,0.0158533037971851,"89,67","158,53","36,89","-14,50","11,96","50,18","77,73","6,74","3,15","115,27","3,12","23883,69","715,06","43,39","10,77"
03351,"      Celle, Landkreis",2019,179011.0,88101.0,90910.0,54.0,2727.0,2347.0,0.0152337007223019,"92,44","152,34","32,93","-14,89","11,71","55,02","79,78","6,55","3,15","115,43","3,48","23619,45","724,74","45,26","9,87"
03351,"      Celle, Landkreis",2021,179915.0,88410.0,91505.0,54.0,2768.0,2351.0,0.0153850429369424,"94,46","153,85","37,47","-16,47","9,88","57,49","80,64","6,34","3,15","116,01","3,29","25349,83","736,60","45,22","8,66"
03351,"      Celle, Landkreis",2023,172871.0,84431.0,88440.0,57.0,2898.0,2443.0,0.0167639453696687,"94,32","167,64","33,19","-19,78","895,95","64,47","84,78","6,34","3,15","111,47","3,72","29449,16","736,60","41,14","9,66"
03352,"      Cuxhaven, Landkreis",2015,198103.0,97064.0,101039.0,61.0,2540.0,2451.0,0.0128216129992983,"104,12","128,22","40,90","-54,98","10,89","45,32","76,54","5,43","3,02","96,27","3,32","22312,73","921,40","36,11","8,20"
03352,"      Cuxhaven, Landkreis",2017,198100.0,97085.0,101015.0,65.0,2575.0,2633.0,0.0129984856133266,"108,44","129,98","39,31","-54,80","10,77","49,06","78,37","5,89","3,02","96,21","3,80","23938,05","921,40","37,83","9,06"
03352,"      Cuxhaven, Landkreis",2019,198038.0,96867.0,101171.0,67.0,2763.0,2822.0,0.013951867823347,"108,75","139,52","40,50","-49,45","10,75","53,23","80,74","5,49","3,02","96,18","3,41","23609,09","945,29","38,18","7,73"
03352,"      Cuxhaven, Landkreis",2021,199603.0,97551.0,102052.0,69.0,2800.0,2890.0,0.0140278452728666,"114,14","140,28","32,97","-46,03","9,27","55,87","82,18","5,92","3,02","96,94","3,52","25707,05","875,45","37,44","7,05"
03352,"      Cuxhaven, Landkreis",2023,199390.0,97572.0,101818.0,69.0,2945.0,2740.0,0.0147700486483775,"107,16","147,70","34,87","-44,53","822,25","59,49","83,40","5,92","3,02","96,84","3,78","29772,74","875,45","38,62","7,48"
03353,"      Harburg, Landkreis",2015,248122.0,122089.0,126033.0,38.0,2378.0,1991.0,0.0095839949702162,"90,29","95,84","49,47","-67,31","7,92","51,00","79,99","4,94","3,00","199,29","2,42","26219,16","919,60","34,43","6,00"
03353,"      Harburg, Landkreis",2017,251511.0,123912.0,127599.0,41.0,2572.0,2141.0,0.0102261928901718,"89,73","102,26","43,50","-60,23","7,93","54,70","80,78","5,40","3,00","201,46","2,39","27561,10","919,60","34,83","5,88"
03353,"      Harburg, Landkreis",2019,254431.0,125373.0,129058.0,44.0,2512.0,2238.0,0.0098730107573369,"93,95","98,73","40,99","-55,95","7,94","58,33","82,09","5,60","3,00","203,80","2,39","27159,54","898,26","34,79","5,17"
03353,"      Harburg, Landkreis",2021,257548.0,126845.0,130703.0,40.0,2251.0,2107.0,0.0087401183468712,"97,59","87,40","45,29","-53,59","6,87","60,92","83,31","6,03","3,00","206,29","2,56","28831,68","832,81","33,69","5,03"
03353,"      Harburg, Landkreis",2023,264767.0,131451.0,133316.0,40.0,2297.0,2012.0,0.0086755524668859,"97,62","86,76","40,51","-51,98","597,23","63,49","83,73","6,03","3,00","212,08","2,51","33581,89","832,81","36,46","5,75"
03354,"      Lüchow-Dannenberg, Landkreis",2015,50128.0,24991.0,25137.0,18.0,882.0,729.0,0.0175949569103096,"94,68","175,95","41,75","-12,30","10,94","40,53","69,85","6,43","2,19","41,06","3,43","20605,62","732,68","35,53","10,23"
03354,"      Lüchow-Dannenberg, Landkreis",2017,48357.0,23750.0,24607.0,18.0,880.0,807.0,0.0181979858138428,"94,50","181,98","38,64","-12,47","11,54","45,11","73,00","7,13","2,19","39,40","4,59","22355,72","732,68","38,68","10,42"
03354,"      Lüchow-Dannenberg, Landkreis",2019,48412.0,23783.0,24629.0,19.0,906.0,841.0,0.0187143683384284,"96,22","187,14","35,98","-12,94","12,10","48,95","75,34","6,92","2,19","39,44","4,04","22175,35","774,59","39,52","9,41"
03354,"      Lüchow-Dannenberg, Landkreis",2021,48472.0,23701.0,24771.0,21.0,1007.0,922.0,0.0207748803432909,"110,02","207,75","39,13","-15,28","10,45","50,72","76,96","6,60","2,19","39,49","4,03","24330,94","760,35","37,99","8,55"
03354,"      Lüchow-Dannenberg, Landkreis",2023,46815.0,22800.0,24015.0,22.0,999.0,934.0,0.0213393143223325,"104,01","213,39","31,37","-16,62","988,82","55,60","80,95","6,60","2,19","38,14","4,19","28346,69","760,35","45,36","9,73"
03355,"      Lüneburg, Landkreis",2015,180719.0,88448.0,92271.0,43.0,2417.0,1958.0,0.0133743546611037,"89,49","133,74","40,85","-19,79","9,71","47,00","75,73","6,72","4,83","136,53","2,81","22443,73","681,94","38,56","8,17"
03355,"      Lüneburg, Landkreis",2017,182930.0,89412.0,93518.0,42.0,2396.0,2013.0,0.0130979063029574,"91,21","130,98","42,38","-18,41","9,47","49,95","75,87","6,40","4,83","137,77","2,72","24187,39","681,94","42,40","8,43"
03355,"      Lüneburg, Landkreis",2019,184139.0,89803.0,94336.0,41.0,2407.0,1963.0,0.013071646962349,"92,86","130,72","33,77","-17,51","9,38","54,34","77,88","6,49","4,83","138,68","2,94","23884,27","657,64","43,50","7,87"
03355,"      Lüneburg, Landkreis",2021,185129.0,90292.0,94837.0,42.0,2353.0,1957.0,0.0127100562310605,"95,32","127,10","31,09","-17,92","8,08","56,59","79,55","6,45","4,83","139,43","2,92","25638,57","661,18","42,78","6,95"
03355,"      Lüneburg, Landkreis",2023,179403.0,86935.0,92468.0,37.0,2133.0,1712.0,0.0118894332870687,"92,69","118,89","30,68","-17,79","727,41","62,27","82,99","6,45","4,83","135,11","2,94","29751,81","661,18","43,02","7,87"
03356,"      Osterholz, Landkreis",2015,113579.0,56098.0,57481.0,30.0,1411.0,1232.0,0.0124230711663247,"97,31","124,23","36,19","-75,61","8,86","49,71","77,12","5,92","2,06","174,52","2,98","23574,09","880,19","34,93","5,12"
03356,"      Osterholz, Landkreis",2017,113105.0,55621.0,57484.0,31.0,1456.0,1261.0,0.0128729941205074,"93,34","128,73","42,29","-70,53","8,55","54,08","79,33","6,01","2,06","173,30","3,16","24948,64","880,19","35,50","5,58"
03356,"      Osterholz, Landkreis",2019,113928.0,55926.0,58002.0,34.0,1495.0,1336.0,0.0131223228705849,"96,39","131,22","38,36","-65,93","8,30","57,36","80,75","6,03","2,06","174,56","2,98","24528,86","859,83","36,11","4,78"
03356,"      Osterholz, Landkreis",2021,115054.0,56317.0,58737.0,34.0,1451.0,1277.0,0.0126114693969788,"103,07","126,11","35,71","-64,68","7,15","60,18","81,87","6,13","2,06","176,28","3,23","26695,58","857,01","35,50","4,40"
03356,"      Osterholz, Landkreis",2023,113784.0,55520.0,58264.0,34.0,1418.0,1243.0,0.0124622090979399,"98,73","124,62","41,17","-63,36","638,65","64,71","83,78","6,13","2,06","174,34","3,39","30775,60","857,01","34,68","5,40"
03357,"      Rotenburg (Wümme), Landkreis",2015,163253.0,82229.0,81024.0,39.0,1842.0,1606.0,0.0112831004636974,"93,92","112,83","35,49","-19,47","9,28","49,26","78,95","5,67","5,44","78,85","2,80","21869,86","833,56","33,32","5,18"
03357,"      Rotenburg (Wümme), Landkreis",2017,163377.0,82180.0,81197.0,45.0,1996.0,1763.0,0.0122171419477649,"97,19","122,17","35,40","-17,88","9,29","54,01","81,12","6,03","5,44","78,74","3,20","23498,12","833,56","35,71","5,77"
03357,"      Rotenburg (Wümme), Landkreis",2019,163782.0,82317.0,81465.0,51.0,2146.0,1904.0,0.0131027829676032,"98,19","131,03","34,92","-19,17","9,27","58,26","83,28","5,50","5,44","78,94","3,18","23333,06","868,87","34,88","4,76"
03357,"      Rotenburg (Wümme), Landkreis",2021,165001.0,82752.0,82249.0,53.0,2110.0,2034.0,0.0127878012860528,"109,06","127,88","28,87","-17,91","8,10","61,16","84,59","5,70","5,44","79,53","3,18","25455,94","819,88","33,35","4,08"
03357,"      Rotenburg (Wümme), Landkreis",2023,165561.0,82887.0,82674.0,51.0,1979.0,1831.0,0.0119532981801269,"102,06","119,53","35,26","-19,21","730,27","65,76","85,42","5,70","5,44","79,80","3,20","29480,35","819,88","36,52","5,04"
03358,      Heidekreis,2015,140264.0,70371.0,69893.0,28.0,1823.0,1419.0,0.0129969200935379,"87,32","129,97","38,24","-13,22","10,80","48,14","78,86","5,51","2,91","74,86","2,96","21369,80","836,69","36,12","8,37"
03358,      Heidekreis,2017,139099.0,69426.0,69673.0,28.0,1838.0,1489.0,0.013213610450111,"86,22","132,14","38,36","-13,46","10,92","51,72","79,94","5,77","2,91","73,93","3,11","22842,09","836,69","40,22","8,70"
03358,      Heidekreis,2019,140673.0,70251.0,70422.0,32.0,1873.0,1596.0,0.0133145664057779,"92,95","133,15","33,33","-13,38","11,34","55,86","81,68","5,42","2,91","74,77","3,14","17758,02","856,46","40,66","7,82"
03358,      Heidekreis,2021,142912.0,71543.0,71369.0,32.0,1913.0,1630.0,0.0133858598298253,"92,98","133,86","40,99","-15,30","10,13","58,79","81,73","5,79","2,91","75,96","3,39","24438,34","815,48","41,07","6,99"
03358,      Heidekreis,2023,141627.0,70148.0,71479.0,35.0,2003.0,1729.0,0.0141427835087942,"95,26","141,43","31,39","-14,73","902,58","62,17","83,61","5,79","2,91","75,28","3,69","28449,54","815,48","40,00","7,90"
03359,"      Stade, Landkreis",2015,200054.0,99894.0,100160.0,35.0,2251.0,2075.0,0.011251961970268,"97,97","112,52","37,80","-29,51","9,07","48,35","76,91","5,06","4,57","158,02","2,81","24126,19","800,34","36,20","8,63"
03359,"      Stade, Landkreis",2017,201887.0,100430.0,101457.0,37.0,2320.0,2249.0,0.011491576971276,"99,16","114,92","31,67","-30,40","9,28","52,89","78,14","5,32","4,57","159,29","2,66","25508,55","800,34","38,95","9,52"
03359,"      Stade, Landkreis",2019,204512.0,101831.0,102681.0,38.0,2307.0,2241.0,0.0112805116570176,"98,55","112,81","36,93","-30,91","9,35","56,93","80,03","5,60","4,57","161,37","2,89","25171,02","781,33","38,76","8,45"
03359,"      Stade, Landkreis",2021,206496.0,102726.0,103770.0,40.0,2296.0,2246.0,0.0111188594452192,"102,18","111,19","36,98","-31,10","8,02","59,32","81,88","5,59","4,57","162,93","2,94","27015,62","819,43","37,28","8,18"
03359,"      Stade, Landkreis",2023,207659.0,103045.0,104614.0,43.0,2404.0,2240.0,0.01157667136989,"104,33","115,77","42,96","-34,04","748,56","63,11","82,16","5,59","4,57","163,85","3,11","31298,36","819,43","38,65","9,06"
03360,"      Uelzen, Landkreis",2015,93131.0,45631.0,47500.0,34.0,1733.0,1226.0,0.0186081970557601,"77,64","186,08","46,09","-12,03","11,80","44,38","75,34","6,52","8,26","64,04","3,57","21588,56","697,32","37,97","7,76"
03360,"      Uelzen, Landkreis",2017,92744.0,45361.0,47383.0,37.0,1781.0,1356.0,0.019203398602605,"79,34","192,03","42,62","-12,97","11,77","48,30","76,73","6,39","8,26","63,41","3,75","23236,66","697,32","42,03","8,29"
03360,"      Uelzen, Landkreis",2019,92389.0,45137.0,47252.0,37.0,1819.0,1477.0,0.0196884910541298,"87,09","196,88","45,00","-13,75","11,99","52,11","78,96","6,55","8,26","63,17","3,71","23005,35","698,59","43,53","7,04"
03360,"      Uelzen, Landkreis",2021,92894.0,45374.0,47520.0,37.0,1809.0,1503.0,0.0194738088574073,"93,70","194,74","39,53","-12,59","10,65","54,56","79,91","6,65","8,26","63,51","4,04","24968,02","679,30","43,08","6,54"
03360,"      Uelzen, Landkreis",2023,91832.0,45049.0,46783.0,36.0,1866.0,1611.0,0.0203197142608241,"101,19","203,20","32,72","-14,90","977,69","59,24","81,83","6,65","8,26","62,79","4,46","28821,54","679,30","42,97","8,06"
03361,"      Verden, Landkreis",2015,134645.0,66140.0,68505.0,35.0,1829.0,1575.0,0.0135838686917449,"98,56","135,84","39,07","-16,25","8,89","50,56","78,29","6,54","1,83","170,88","2,62","23565,05","791,83","32,67","7,14"
03361,"      Verden, Landkreis",2017,136590.0,67173.0,69417.0,34.0,1844.0,1600.0,0.013500256241306,"95,64","135,00","34,04","-15,51","8,94","54,43","79,19","6,37","1,83","173,05","3,10","25283,70","791,83","38,02","7,59"
03361,"      Verden, Landkreis",2019,137133.0,67299.0,69834.0,32.0,1843.0,1653.0,0.0134395076312776,"100,36","134,40","34,79","-13,53","8,66","58,15","80,90","6,47","1,83","173,73","2,96","24964,09","801,95","39,04","6,56"
03361,"      Verden, Landkreis",2021,138507.0,68048.0,70459.0,33.0,1972.0,1769.0,0.0142375475607731,"103,39","142,38","33,13","-10,39","7,48","61,49","81,45","6,46","1,83","175,47","3,11","27008,36","793,74","39,13","5,29"
03361,"      Verden, Landkreis",2023,138273.0,67873.0,70400.0,36.0,2117.0,1954.0,0.0153102919586614,"103,83","153,10","29,25","-8,77","683,27","65,98","83,04","6,46","1,83","175,18","2,91","31281,52","793,74","36,16","6,11"
03401,"      Delmenhorst, kreisfreie Stadt",2015,76323.0,37823.0,38500.0,9.0,620.0,561.0,0.0081233704125886,"100,18","81,23","46,40","-34,02","15,46","47,86","74,07","6,39","3,69","1223,91","3,06","20407,28","709,57","39,73","17,17"
03401,"      Delmenhorst, kreisfreie Stadt",2017,77521.0,38383.0,39138.0,9.0,620.0,554.0,0.0079978328452935,"101,65","79,98","43,41","-28,97","15,34","51,74","73,73","6,13","3,69","1241,33","3,42","21667,02","709,57","40,19","18,35"
03401,"      Delmenhorst, kreisfreie Stadt",2019,77559.0,38313.0,39246.0,9.0,634.0,546.0,0.0081744220528887,"96,64","81,74","37,23","-27,87","15,71","54,36","73,14","6,16","3,69","1241,94","3,88","21261,66","708,30","40,70","16,93"
03401,"      Delmenhorst, kreisfreie Stadt",2021,77522.0,38263.0,39259.0,11.0,802.0,666.0,0.010345450323779,"101,83","103,45","34,94","-22,11","14,17","56,45","71,55","6,00","3,69","1241,35","3,31","23189,33","630,26","40,71","15,31"
03401,"      Delmenhorst, kreisfreie Stadt",2023,81746.0,40382.0,41364.0,11.0,809.0,735.0,0.0098965086976732,"104,70","98,97","26,97","-29,47","1250,15","57,71","68,83","6,00","3,69","1308,98","3,19","26968,13","630,26","40,87","14,54"
03402,"      Emden, kreisfreie Stadt",2015,50694.0,25249.0,25445.0,9.0,482.0,452.0,0.009508028563538,"101,12","95,08","33,81","48,24","13,81","42,59","73,54","6,46","8,70","451,17","3,64","20494,18","617,16","38,26","12,20"
03402,"      Emden, kreisfreie Stadt",2017,50607.0,25339.0,25268.0,10.0,542.0,513.0,0.0107099808326911,"100,98","107,10","30,19","46,49","13,80","46,10","76,92","6,32","8,70","450,48","3,91","21998,23","617,16","40,78","14,29"
03402,"      Emden, kreisfreie Stadt",2019,49913.0,24884.0,25029.0,12.0,550.0,652.0,0.0110191733616492,"126,85","110,19","23,66","45,04","14,19","49,82","78,54","6,06","8,70","444,30","3,73","21652,53","635,83","42,98","14,02"
03402,"      Emden, kreisfreie Stadt",2021,49523.0,24672.0,24851.0,13.0,582.0,578.0,0.0117521151788058,"121,17","117,52","29,49","43,36","13,07","52,38","78,42","6,21","8,70","440,83","4,20","23410,31","613,29","42,93","13,01"
03402,"      Emden, kreisfreie Stadt",2023,49701.0,24659.0,25042.0,13.0,536.0,621.0,0.0107844912577211,"119,65","107,84","32,28","43,50","1264,86","58,32","79,50","6,21","8,70","442,42","4,17","27218,43","613,29","47,19","13,68"
03403,"      Oldenburg (Oldenburg), kreisfreie Stadt",2015,163830.0,78259.0,85571.0,28.0,1771.0,1346.0,0.0108099859610571,"85,51","108,10","79,92","24,81","10,94","47,27","76,23","6,93","9,47","1590,74","2,75","22231,59","476,01","50,36","12,53"
03403,"      Oldenburg (Oldenburg), kreisfreie Stadt",2017,167081.0,79833.0,87248.0,28.0,1773.0,1429.0,0.0106116195138884,"87,88","106,12","76,01","23,81","10,60","50,76","76,68","6,58","9,47","1620,73","2,65","23627,92","476,01","50,36","13,18"
03403,"      Oldenburg (Oldenburg), kreisfreie Stadt",2019,169077.0,81019.0,88058.0,29.0,1783.0,1558.0,0.0105454911076018,"96,05","105,45","64,04","22,42","10,12","54,57","79,20","6,42","9,47","1640,09","3,04","23272,25","488,31","51,52","11,91"
03403,"      Oldenburg (Oldenburg), kreisfreie Stadt",2021,170389.0,81715.0,88674.0,32.0,1818.0,1598.0,0.010669702856405,"101,85","106,70","70,70","22,88","9,00","57,89","80,51","6,28","9,47","1652,82","2,47","25124,98","472,32","50,66","11,28"
03403,"      Oldenburg (Oldenburg), kreisfreie Stadt",2023,176242.0,85222.0,91020.0,32.0,1748.0,1548.0,0.0099181806833785,"105,74","99,18","60,82","22,64","811,86","59,76","80,22","6,28","9,47","1709,59","3,02","29137,26","472,32","49,23","11,12"
03404,"      Osnabrück, kreisfreie Stadt",2015,162403.0,78275.0,84128.0,25.0,1366.0,1344.0,0.0084111746704186,"101,05","84,11","55,30","33,90","11,04","50,16","75,01","6,90","11,94","1355,62","2,30","21976,64","438,04","53,12","12,72"
03404,"      Osnabrück, kreisfreie Stadt",2017,164374.0,79505.0,84869.0,27.0,1386.0,1537.0,0.0084319904607784,"114,19","84,32","56,79","31,55","11,06","54,12","77,68","6,90","11,94","1372,07","2,25","23380,98","438,04","53,48","12,86"
03404,"      Osnabrück, kreisfreie Stadt",2019,165251.0,79881.0,85370.0,30.0,1531.0,1449.0,0.0092646943134988,"108,30","92,65","46,68","31,58","11,71","58,34","79,30","6,72","11,94","1379,39","2,47","23034,60","445,42","55,31","11,22"
03404,"      Osnabrück, kreisfreie Stadt",2021,165034.0,79834.0,85200.0,30.0,1675.0,1435.0,0.010149423755105,"111,76","101,49","38,48","31,51","11,08","61,55","80,55","6,82","11,94","1377,58","2,59","24777,55","466,53","54,45","10,40"
03404,"      Osnabrück, kreisfreie Stadt",2023,165686.0,80487.0,85199.0,31.0,1424.0,1672.0,0.0085945704525427,"119,94","85,95","32,19","31,57","1056,44","64,79","81,78","6,82","11,94","1383,02","2,71","28588,45","466,53","50,26","10,99"
03405,"      Wilhelmshaven, kreisfreie Stadt",2015,75995.0,37244.0,38751.0,26.0,964.0,839.0,0.0126850450687545,"91,69","126,85","43,69","16,45","16,80","45,13","75,79","6,97","6,66","710,83","4,28","20884,86","508,77","47,18","18,06"
03405,"      Wilhelmshaven, kreisfreie Stadt",2017,76316.0,37572.0,38744.0,26.0,1179.0,937.0,0.015448922899523,"84,64","154,49","42,58","15,94","17,03","48,83","77,24","6,94","6,66","712,77","4,76","21968,76","508,77","47,49","20,22"
03405,"      Wilhelmshaven, kreisfreie Stadt",2019,76089.0,37444.0,38645.0,26.0,1323.0,1119.0,0.0173875330205417,"91,95","173,88","33,51","15,57","17,07","52,18","78,27","6,97","6,66","710,65","4,30","21603,32","514,98","49,89","18,70"
03405,"      Wilhelmshaven, kreisfreie Stadt",2021,75027.0,36856.0,38171.0,26.0,1321.0,1113.0,0.0176069948151998,"97,04","176,07","38,65","15,87","15,57","54,64","79,76","6,90","6,66","700,47","4,23","23527,88","515,65","50,28","17,99"
03405,"      Wilhelmshaven, kreisfreie Stadt",2023,76010.0,37895.0,38115.0,26.0,1360.0,1185.0,0.0178923825812393,"100,59","178,92","35,71","13,79","1471,25","57,27","79,11","6,90","6,66","709,64","4,54","27254,64","515,65","54,09","18,49"
03451,"      Ammerland, Landkreis",2015,121435.0,59587.0,61848.0,20.0,1162.0,911.0,0.0095689051756083,"85,94","95,69","47,33","-13,59","8,60","48,52","78,82","7,06","8,37","166,72","2,87","23233,04","803,76","32,52","6,04"
03451,"      Ammerland, Landkreis",2017,123377.0,60385.0,62992.0,23.0,1339.0,1082.0,0.0108529142384723,"90,02","108,53","51,74","-11,55","8,39","52,70","79,62","7,15","8,37","168,86","2,50","24661,78","803,76","32,22","6,92"
03451,"      Ammerland, Landkreis",2019,124859.0,60906.0,63953.0,25.0,1366.0,1213.0,0.0109403407043144,"100,08","109,40","40,37","-10,66","8,23","56,46","81,10","7,21","8,37","170,89","2,47","24445,08","776,73","31,55","5,83"
03451,"      Ammerland, Landkreis",2021,126475.0,61706.0,64769.0,28.0,1381.0,1242.0,0.0109191539830005,"113,22","109,19","39,92","-8,23","7,17","59,61","82,91","7,21","8,37","173,10","2,77","26421,50","739,62","31,60","5,35"
03451,"      Ammerland, Landkreis",2023,127292.0,62289.0,65003.0,29.0,1343.0,1317.0,0.0105505452031549,"114,22","105,51","38,79","-8,31","640,16","63,91","85,16","7,21","8,37","174,22","2,68","30661,07","739,62","35,64","6,17"
03452,"      Aurich, Landkreis",2015,189199.0,93212.0,95987.0,38.0,1768.0,1499.0,0.009344658269864,"100,07","93,45","47,01","-16,62","10,47","39,01","74,80","6,20","3,70","146,97","3,76","20146,56","780,08","35,88","9,15"
03452,"      Aurich, Landkreis",2017,189949.0,93703.0,96246.0,40.0,1815.0,1782.0,0.0095551963948217,"111,58","95,55","48,47","-13,75","10,67","42,92","77,08","6,17","3,70","147,55","3,64","21881,39","780,08","35,97","9,33"
03452,"      Aurich, Landkreis",2019,189694.0,93316.0,96378.0,44.0,1811.0,1957.0,0.0095469545689373,"119,77","95,47","44,58","-15,63","10,75","47,23","79,67","6,25","3,70","147,35","3,56","21702,17","781,44","36,88","8,73"
03452,"      Aurich, Landkreis",2021,190425.0,93549.0,96876.0,47.0,1834.0,2213.0,0.0096310883549954,"123,42","96,31","38,77","-17,77","9,93","50,18","81,31","6,28","3,70","147,92","3,60","23804,70","800,11","36,14","8,23"
03452,"      Aurich, Landkreis",2023,188960.0,92794.0,96166.0,43.0,1754.0,1996.0,0.0092823878069432,"125,61","92,82","43,81","-17,65","903,08","54,80","83,89","6,28","3,70","146,78","3,96","27563,63","800,11","38,13","8,61"
03453,"      Cloppenburg, Landkreis",2015,164734.0,83274.0,81460.0,28.0,1484.0,1773.0,0.0090084621268226,"123,38","90,08","32,08","-8,67","9,13","46,36","75,01","5,40","3,16","116,14","2,48","19860,65","1013,12","30,89","6,31"
03453,"      Cloppenburg, Landkreis",2017,167925.0,84931.0,82994.0,33.0,1716.0,1951.0,0.010218847699866,"126,61","102,19","33,55","-6,74","9,33","50,32","76,58","5,20","3,16","118,23","2,46","21624,31","1013,12","32,02","6,56"
03453,"      Cloppenburg, Landkreis",2019,170682.0,86436.0,84246.0,40.0,1875.0,2188.0,0.010985341160755,"133,66","109,85","44,57","-6,59","9,58","54,22","78,87","5,24","3,16","120,17","2,64","21457,36","1045,53","29,51","5,35"
03453,"      Cloppenburg, Landkreis",2021,173980.0,88060.0,85920.0,41.0,1880.0,2314.0,0.0108058397516955,"139,57","108,06","48,64","-5,93","8,78","57,61","81,11","5,12","3,16","122,49","2,95","23261,30","1002,77","28,18","4,80"
03453,"      Cloppenburg, Landkreis",2023,176540.0,89818.0,86722.0,41.0,1931.0,2476.0,0.0109380310411238,"140,44","109,38","40,70","-5,71","828,16","62,46","83,62","5,12","3,16","124,29","2,80","27013,97","1002,77","30,89","5,62"
03454,"      Emsland, Landkreis",2015,319488.0,162482.0,157006.0,60.0,2410.0,2676.0,0.0075433193108974,"118,77","75,43","44,46","4,53","8,51","43,86","75,95","5,40","5,26","110,85","2,71","20822,67","834,11","29,66","4,86"
03454,"      Emsland, Landkreis",2017,323636.0,164534.0,159102.0,69.0,2567.0,2786.0,0.0079317504851129,"113,53","79,32","36,91","4,53","8,86","48,12","78,20","5,69","5,26","112,23","2,70","22560,59","834,11","31,81","5,35"
03454,"      Emsland, Landkreis",2019,326954.0,166332.0,160622.0,76.0,2729.0,3170.0,0.0083467399083663,"123,39","83,47","40,27","4,38","9,02","52,70","80,81","5,63","5,26","113,38","2,68","22363,58","838,34","31,74","4,48"
03454,"      Emsland, Landkreis",2021,331397.0,168010.0,163387.0,76.0,2679.0,3212.0,0.0080839597220252,"129,94","80,84","38,11","4,47","8,15","56,53","82,43","5,62","5,26","114,92","2,90","24495,34","820,80","30,04","3,94"
03454,"      Emsland, Landkreis",2023,334203.0,169535.0,164668.0,77.0,2765.0,3214.0,0.008273414661149,"124,96","82,73","39,59","3,75","747,27","62,11","85,30","5,62","5,26","115,90","3,00","28319,22","820,80","33,33","4,69"
03455,"      Friesland, Landkreis",2015,97900.0,47771.0,50129.0,21.0,1215.0,1051.0,0.0124106230847803,"96,60","124,11","49,24","-22,74","9,96","46,70","77,20","6,59","5,15","161,04","3,33","21712,89","729,70","35,29","7,49"
03455,"      Friesland, Landkreis",2017,98509.0,48109.0,50400.0,23.0,1226.0,1166.0,0.0124455633495416,"102,91","124,46","41,95","-23,02","10,14","49,18","78,31","6,83","5,15","161,61","3,03","23352,35","729,70","39,13","7,88"
03455,"      Friesland, Landkreis",2019,98704.0,48179.0,50525.0,25.0,1230.0,1271.0,0.0124615010536553,"110,43","124,62","43,75","-23,50","9,91","53,81","80,71","6,56","5,15","161,93","3,30","23168,20","735,23","40,07","6,35"
03455,"      Friesland, Landkreis",2021,98971.0,48171.0,50800.0,27.0,1234.0,1428.0,0.0124682987945963,"128,65","124,68","37,21","-24,53","8,62","56,42","82,53","7,30","5,15","162,37","3,57","25360,22","689,69","39,83","5,64"
03455,"      Friesland, Landkreis",2023,100461.0,48839.0,51622.0,29.0,1194.0,1528.0,0.0118852091856541,"137,41","118,85","29,00","-25,43","768,92","59,72","81,94","7,30","5,15","164,82","3,37","29296,25","689,69","40,64","6,27"
03456,"      Grafschaft Bentheim, Landkreis",2015,135662.0,67780.0,67882.0,32.0,1351.0,1526.0,0.0099585735135852,"119,69","99,59","49,88","-6,23","8,69","44,00","78,52","6,04","4,18","138,31","2,58","20223,91","825,89","38,35","6,37"
03456,"      Grafschaft Bentheim, Landkreis",2017,135859.0,67945.0,67914.0,34.0,1375.0,1745.0,0.0101207869923965,"131,01","101,21","49,48","-6,32","8,72","49,09","80,80","5,41","4,18","138,38","2,70","21924,14","825,89","42,79","6,45"
03456,"      Grafschaft Bentheim, Landkreis",2019,137162.0,68658.0,68504.0,37.0,1432.0,1932.0,0.0104402093874396,"145,81","104,40","43,54","-5,94","8,65","53,05","82,35","5,49","4,18","139,71","2,43","21779,67","811,61","42,91","5,35"
03456,"      Grafschaft Bentheim, Landkreis",2021,138722.0,69384.0,69338.0,41.0,1578.0,1999.0,0.0113752685226568,"141,67","113,75","44,41","-5,51","7,62","56,51","83,08","5,48","4,18","141,29","2,61","24009,18","778,24","41,74","4,86"
03456,"      Grafschaft Bentheim, Landkreis",2023,144212.0,72085.0,72127.0,41.0,1449.0,2029.0,0.0100477075416747,"148,43","100,48","45,06","-6,32","681,78","59,19","82,09","5,48","4,18","146,89","2,60","27741,30","778,24","34,01","5,83"
03457,"      Leer, Landkreis",2015,167548.0,83431.0,84117.0,34.0,1532.0,1710.0,0.0091436483873278,"118,83","91,44","52,76","-26,97","10,52","38,63","71,55","5,85","4,29","154,28","3,01","20061,95","765,33","31,58","6,94"
03457,"      Leer, Landkreis",2017,168946.0,84297.0,84649.0,33.0,1677.0,1733.0,0.0099262486238206,"112,46","99,26","43,80","-28,99","10,62","42,50","74,02","5,87","4,29","155,61","3,27","21540,23","765,33","33,67","7,35"
03457,"      Leer, Landkreis",2019,170756.0,85211.0,85545.0,36.0,1705.0,1867.0,0.0099850078474548,"119,30","99,85","35,55","-29,91","10,81","46,34","76,06","5,91","4,29","157,27","3,14","21400,78","748,93","34,15","6,28"
03457,"      Leer, Landkreis",2021,172421.0,85910.0,86511.0,37.0,1792.0,2029.0,0.0103931655656793,"127,53","103,93","32,61","-29,88","9,81","49,03","77,57","6,25","4,29","158,81","3,45","23497,16","808,54","33,79","6,07"
03457,"      Leer, Landkreis",2023,169111.0,83351.0,85760.0,42.0,1800.0,2065.0,0.0106438966122842,"127,08","106,44","32,21","-31,64","912,46","55,28","80,64","6,25","4,29","155,76","3,75","27150,51","808,54","37,68","6,98"
03458,"      Oldenburg, Landkreis",2015,128608.0,63988.0,64620.0,37.0,1666.0,1476.0,0.0129540930579746,"94,43","129,54","49,69","-51,49","8,85","49,25","79,68","5,91","1,94","120,97","2,62","22585,93","923,08","32,92","6,31"
03458,"      Oldenburg, Landkreis",2017,129924.0,64502.0,65422.0,37.0,1712.0,1716.0,0.0131769342076906,"104,38","131,77","49,73","-53,05","8,59","54,25","81,43","6,06","1,94","122,01","2,71","24421,86","923,08","31,88","6,54"
03458,"      Oldenburg, Landkreis",2019,130890.0,64873.0,66017.0,38.0,1763.0,1751.0,0.0134693253877301,"104,85","134,69","46,80","-50,75","8,44","58,82","83,39","6,13","1,94","122,92","2,76","24236,91","888,90","30,82","5,39"
03458,"      Oldenburg, Landkreis",2021,132091.0,65542.0,66549.0,39.0,1758.0,1740.0,0.0133090066696444,"109,23","133,09","53,43","-43,36","7,46","62,02","86,00","6,09","1,94","124,05","3,18","26268,96","876,23","30,16","4,79"
03458,"      Oldenburg, Landkreis",2023,131965.0,65139.0,66826.0,39.0,1831.0,1775.0,0.0138748910696017,"110,52","138,75","47,07","-40,88","694,95","67,17","87,53","6,09","1,94","123,93","2,94","30459,74","876,23","34,30","5,52"
03459,"      Osnabrück, Landkreis",2015,358079.0,178475.0,179604.0,81.0,3667.0,4127.0,0.0102407569279404,"116,88","102,41","45,12","-20,63","8,65","52,23","79,86","6,33","4,44","168,78","2,34","21684,17","828,23","32,94","5,19"
03459,"      Osnabrück, Landkreis",2017,356140.0,176869.0,179271.0,90.0,3718.0,4305.0,0.0104397147189307,"117,53","104,40","39,16","-18,65","8,40","56,49","82,15","6,33","4,44","167,85","2,49","23353,50","828,23","33,96","5,05"
03459,"      Osnabrück, Landkreis",2019,358080.0,177737.0,180343.0,96.0,3814.0,4459.0,0.0106512511170688,"120,64","106,51","36,69","-16,80","8,51","61,11","83,91","6,33","4,44","168,76","2,60","23134,22","826,97","34,39","4,05"
03459,"      Osnabrück, Landkreis",2021,361550.0,179587.0,181963.0,102.0,3832.0,4628.0,0.010598810676255,"129,53","105,99","40,25","-19,94","7,56","64,26","85,27","6,09","4,44","170,40","2,84","25385,69","791,14","32,77","3,57"
03459,"      Osnabrück, Landkreis",2023,356194.0,176110.0,180084.0,101.0,3979.0,4731.0,0.0111708787907713,"128,70","111,71","40,77","-21,67","707,66","69,38","88,07","6,09","4,44","167,87","2,90","29253,53","791,14","34,60","4,56"
03460,"      Vechta, Landkreis",2015,137866.0,69535.0,68331.0,28.0,1257.0,1223.0,0.0091175489243178,"109,29","91,18","42,48","11,69","8,12","55,23","83,44","5,60","6,80","169,65","1,60","21829,12","791,77","33,25","5,24"
03460,"      Vechta, Landkreis",2017,140540.0,71135.0,69405.0,29.0,1266.0,1392.0,0.0090081115696598,"118,47","90,08","41,04","11,28","8,14","58,91","85,96","5,85","6,80","172,61","1,80","23231,26","791,77","30,22","6,25"
03460,"      Vechta, Landkreis",2019,142814.0,72095.0,70719.0,31.0,1346.0,1456.0,0.0094248463035836,"120,33","94,25","30,62","11,13","8,44","62,42","86,54","5,85","6,80","175,40","2,03","22951,46","793,41","28,95","5,67"
03460,"      Vechta, Landkreis",2021,144805.0,73010.0,71795.0,34.0,1353.0,1676.0,0.0093436000138116,"132,70","93,44","40,06","10,63","7,75","65,03","87,67","5,77","6,80","177,85","2,59","24929,88","771,26","25,91","5,13"
03460,"      Vechta, Landkreis",2023,146400.0,73484.0,72916.0,35.0,1414.0,1772.0,0.0096584699453551,"134,04","96,58","35,64","10,03","719,36","70,15","87,59","5,77","6,80","179,81","2,30","28921,87","771,26","32,72","5,72"
03461,"      Wesermarsch, Landkreis",2015,89239.0,44649.0,44590.0,27.0,1412.0,1067.0,0.0158226784253521,"84,28","158,23","55,09","-15,48","11,17","48,17","73,94","5,91","2,30","108,56","3,41","20957,66","858,04","39,75","10,13"
03461,"      Wesermarsch, Landkreis",2017,89022.0,44632.0,44390.0,29.0,1372.0,1165.0,0.0154119206488283,"91,73","154,12","46,83","-15,57","11,25","51,28","76,24","5,81","2,30","107,93","3,46","22700,10","858,04","39,14","10,39"
03461,"      Wesermarsch, Landkreis",2019,88583.0,44415.0,44168.0,32.0,1353.0,1219.0,0.015273811002111,"95,23","152,74","44,75","-14,06","11,05","55,00","78,48","5,67","2,30","107,40","3,48","22464,93","874,89","40,03","9,27"
03461,"      Wesermarsch, Landkreis",2021,88430.0,44226.0,44204.0,31.0,1339.0,1216.0,0.0151419201628406,"98,06","151,42","44,82","-14,22","9,78","57,70","79,74","6,02","2,30","107,22","3,72","24565,66","844,20","39,38","8,55"
03461,"      Wesermarsch, Landkreis",2023,89316.0,44546.0,44770.0,30.0,1357.0,1277.0,0.0151932464508038,"100,55","151,93","37,71","-13,49","922,95","60,80","80,89","6,02","2,30","108,29","3,49","28567,42","844,20","39,56","9,32"
03462,"      Wittmund, Landkreis",2015,57173.0,28071.0,29102.0,11.0,675.0,635.0,0.011806272191419,"99,22","118,06","66,07","-29,51","10,49","41,79","74,52","6,43","3,03","87,07","3,48","20140,50","949,47","32,90","8,29"
03462,"      Wittmund, Landkreis",2017,56731.0,27884.0,28847.0,12.0,656.0,630.0,0.0115633427931818,"104,13","115,63","30,86","-29,70","10,55","45,78","77,65","6,48","3,03","86,37","3,81","21981,51","949,47","36,09","7,80"
03462,"      Wittmund, Landkreis",2019,56926.0,27900.0,29026.0,13.0,666.0,670.0,0.01169939922004,"107,54","116,99","58,92","-26,20","10,60","49,01","78,89","6,50","3,03","86,66","3,87","21657,86","896,47","36,27","6,62"
03462,"      Wittmund, Landkreis",2021,57455.0,28138.0,29317.0,13.0,596.0,622.0,0.01037333565399,"116,48","103,73","61,33","-28,55","9,60","51,84","79,64","6,87","3,03","87,47","3,63","23912,38","797,99","35,18","6,49"
03462,"      Wittmund, Landkreis",2023,56013.0,27397.0,28616.0,16.0,594.0,659.0,0.0106046810561833,"129,72","106,05","45,02","-30,80","911,57","58,14","82,59","6,87","3,03","85,27","3,91","27575,64","797,99","38,79","8,61"
04011,"      Bremen, kreisfreie Stadt",2015,557464.0,274119.0,283345.0,89.0,5716.0,5564.0,0.0102535769125898,"104,18","102,54","72,27","27,03","12,76","48,15","73,85","6,60","7,32","1709,07","3,03","21499,16","547,09","50,15","16,93"
04011,"      Bremen, kreisfreie Stadt",2017,568006.0,280484.0,287522.0,132.0,5692.0,6031.0,0.0100210209047087,"115,82","100,21","60,50","26,41","12,60","51,70","74,18","6,35","7,32","1741,39","2,92","22914,28","547,09","49,89","17,92"
04011,"      Bremen, kreisfreie Stadt",2019,567559.0,280381.0,287178.0,132.0,5751.0,5547.0,0.0101328672437579,"105,66","101,33","55,67","25,71","12,53","55,39","76,72","6,54","7,32","1739,32","2,94","22541,23","546,26","49,93","17,24"
04011,"      Bremen, kreisfreie Stadt",2021,563290.0,278085.0,285205.0,133.0,5872.0,5778.0,0.010424470521401,"114,37","104,24","51,51","24,56","11,40","58,09","79,46","6,23","7,32","1727,04","3,18","24417,36","557,16","50,39","16,56"
04011,"      Bremen, kreisfreie Stadt",2023,584332.0,288208.0,296124.0,128.0,5519.0,5664.0,0.0094449730632585,"114,63","94,45","49,19","26,61","1038,50","60,56","76,18","6,23","7,32","1836,37","3,15","28360,78","557,16","48,23","16,30"
04012,"      Bremerhaven, kreisfreie Stadt",2015,114025.0,56776.0,57249.0,13.0,1029.0,808.0,0.0090243367682525,"84,96","90,24","57,71","27,17","20,82","46,10","73,42","5,46","8,39","1217,44","4,48","19246,71","519,06","49,62","23,79"
04012,"      Bremerhaven, kreisfreie Stadt",2017,113026.0,56181.0,56845.0,14.0,854.0,723.0,0.0075557836250066,"99,04","75,56","44,10","24,89","20,79","50,29","75,49","5,93","8,39","1205,35","3,95","20742,26","519,06","48,17","23,41"
04012,"      Bremerhaven, kreisfreie Stadt",2019,113643.0,56620.0,57023.0,20.0,1026.0,871.0,0.0090282727488714,"94,37","90,28","44,58","22,75","21,67","53,88","76,61","5,92","8,39","1211,93","4,22","20694,42","522,50","50,42","21,21"
04012,"      Bremerhaven, kreisfreie Stadt",2021,113173.0,56234.0,56939.0,20.0,908.0,889.0,0.0080231150539439,"104,47","80,23","33,89","21,53","19,96","56,04","77,82","6,12","8,39","1206,92","4,77","22244,77","531,95","47,65","20,70"
04012,"      Bremerhaven, kreisfreie Stadt",2023,118323.0,58936.0,59387.0,22.0,1028.0,908.0,0.0086880826212993,"107,46","86,88","33,56","7,51","1850,50","58,44","74,86","6,12","8,39","1166,78","4,56","25736,53","531,95","50,69","21,08"
05111,"      Düsseldorf, kreisfreie Stadt",2015,612178.0,295896.0,316282.0,64.0,5106.0,4375.0,0.0083407113617281,"90,08","83,41","47,33","42,49","12,35","46,12","74,68","6,53","7,30","2815,78","2,68","27137,06","538,17","50,25","12,66"
05111,"      Düsseldorf, kreisfreie Stadt",2017,617280.0,298330.0,318950.0,65.0,5074.0,4315.0,0.0082199326075686,"89,45","82,20","50,67","41,34","12,12","50,12","76,14","6,45","7,30","2839,24","2,62","28741,69","538,17","50,78","12,27"
05111,"      Düsseldorf, kreisfreie Stadt",2019,621877.0,300507.0,321370.0,68.0,4812.0,4501.0,0.0077378645616416,"96,96","77,38","48,40","40,70","12,09","53,88","77,58","6,38","7,30","2860,39","2,65","28075,39","542,89","50,59","10,93"
05111,"      Düsseldorf, kreisfreie Stadt",2021,619477.0,299583.0,319894.0,78.0,4918.0,4650.0,0.0079389549571654,"102,40","79,39","47,09","41,05","10,49","56,50","79,51","6,35","7,30","2849,35","2,82","30047,69","541,50","53,82","10,53"
05111,"      Düsseldorf, kreisfreie Stadt",2023,616319.0,297811.0,318508.0,79.0,4666.0,4722.0,0.0075707547552485,"103,58","75,71","50,17","41,37","974,20","61,04","79,91","6,35","7,30","2834,82","2,72","34535,10","541,50","55,66","10,93"
05112,"      Duisburg, kreisfreie Stadt",2015,491231.0,241417.0,249814.0,76.0,5364.0,4491.0,0.0109195063015159,"88,60","109,20","44,12","3,43","16,20","43,24","68,94","5,43","7,70","2110,10","3,57","19661,26","817,24","43,11","18,22"
05112,"      Duisburg, kreisfreie Stadt",2017,498110.0,246183.0,251927.0,77.0,5358.0,4768.0,0.0107566601754632,"90,85","107,57","42,83","2,63","17,08","46,45","69,85","5,24","7,70","2139,65","3,62","21031,96","817,24","42,42","19,09"
05112,"      Duisburg, kreisfreie Stadt",2019,498686.0,246860.0,251826.0,78.0,5217.0,4797.0,0.0104614928030865,"94,17","104,61","38,51","0,28","17,52","49,55","71,58","5,22","7,70","2142,12","3,54","20791,94","813,85","42,78","17,97"
05112,"      Duisburg, kreisfreie Stadt",2021,495152.0,244716.0,250436.0,83.0,5142.0,4858.0,0.0103846899537919,"97,83","103,85","39,12","0,29","16,16","51,92","72,76","5,43","7,70","2127,03","3,83","22416,12","790,03","42,42","17,90"
05112,"      Duisburg, kreisfreie Stadt",2023,503185.0,249596.0,253589.0,87.0,5205.0,4857.0,0.0103441080318371,"95,63","103,44","36,28","-3,29","1587,55","54,19","73,17","5,43","7,70","2161,08","3,67","26129,42","790,03","47,05","18,13"
05113,"      Essen, kreisfreie Stadt",2015,582624.0,282565.0,300059.0,70.0,7150.0,6836.0,0.0122720656890207,"102,30","122,72","57,43","19,26","12,95","43,77","71,93","5,78","8,20","2769,92","3,55","22807,73","707,14","45,86","19,00"
05113,"      Essen, kreisfreie Stadt",2017,583393.0,283206.0,300187.0,85.0,7148.0,6687.0,0.0122524610339856,"98,63","122,52","52,69","17,59","13,76","47,06","73,85","5,59","8,20","2773,57","3,61","24343,17","707,14","46,54","20,19"
05113,"      Essen, kreisfreie Stadt",2019,582760.0,282869.0,299891.0,88.0,7061.0,6995.0,0.01211648019768,"103,29","121,16","48,49","17,56","14,23","50,72","75,70","5,54","8,20","2770,56","3,18","24069,09","713,29","45,38","19,07"
05113,"      Essen, kreisfreie Stadt",2021,579432.0,281991.0,297441.0,90.0,6726.0,6754.0,0.0116079194797663,"104,96","116,08","47,76","17,49","12,94","53,54","76,75","5,88","8,20","2754,74","3,58","25932,02","688,37","45,74","18,30"
05113,"      Essen, kreisfreie Stadt",2023,574082.0,279261.0,294821.0,91.0,6781.0,6786.0,0.0118119014356834,"102,72","118,12","44,93","18,88","1274,69","57,67","77,33","5,88","8,20","2729,30","3,68","29980,84","688,37","50,74","18,57"
05114,"      Krefeld, kreisfreie Stadt",2015,225144.0,109487.0,115657.0,35.0,2056.0,2143.0,0.0091319333404398,"105,10","91,32","42,00","10,25","14,96","44,59","74,15","7,24","8,85","1634,20","3,24","22743,95","522,35","43,60","15,78"
05114,"      Krefeld, kreisfreie Stadt",2017,226699.0,110467.0,116232.0,41.0,2258.0,2661.0,0.0099603438921212,"121,40","99,60","38,11","11,81","15,09","48,40","75,75","7,19","8,85","1645,49","3,34","24233,34","522,35","53,40","16,30"
05114,"      Krefeld, kreisfreie Stadt",2019,227417.0,111015.0,116402.0,42.0,2264.0,2477.0,0.0099552803880096,"113,11","99,55","35,40","11,75","15,13","51,79","77,60","6,98","8,85","1650,58","3,51","23853,65","522,20","52,77","15,24"
05114,"      Krefeld, kreisfreie Stadt",2021,227050.0,110842.0,116208.0,42.0,2289.0,2487.0,0.0100814798502532,"114,98","100,81","38,73","10,02","14,03","55,14","78,80","6,66","8,85","1648,04","3,78","25773,94","533,92","51,94","14,64"
05114,"      Krefeld, kreisfreie Stadt",2023,230393.0,112915.0,117478.0,42.0,2369.0,2473.0,0.0102824304557864,"109,91","102,82","38,15","8,75","1338,21","57,85","78,63","6,66","8,85","1672,30","3,53","29892,37","533,92","46,30","14,68"
05116,"      Mönchengladbach, kreisfreie Stadt",2015,259996.0,127512.0,132484.0,40.0,2432.0,2517.0,0.0093539900613855,"105,98","93,54","41,55","4,58","15,85","44,98","73,22","6,56","7,57","1525,17","3,41","22239,72","527,01","42,38","18,29"
05116,"      Mönchengladbach, kreisfreie Stadt",2017,262188.0,128925.0,133263.0,42.0,2450.0,2696.0,0.0093444398675759,"110,90","93,44","48,14","3,03","16,12","48,85","75,11","6,39","7,57","1538,03","3,36","23652,37","527,01","42,56","18,51"
05116,"      Mönchengladbach, kreisfreie Stadt",2019,261034.0,128467.0,132567.0,45.0,2426.0,2653.0,0.0092938084693947,"109,13","92,94","34,42","3,27","16,64","52,31","77,53","6,46","7,57","1531,26","3,30","23307,80","522,85","42,29","17,06"
05116,"      Mönchengladbach, kreisfreie Stadt",2021,261001.0,128999.0,132002.0,43.0,2477.0,2689.0,0.0094903850943099,"111,44","94,90","32,28","4,01","15,07","55,59","78,37","6,32","7,57","1531,07","3,41","24955,09","525,15","43,25","16,12"
05116,"      Mönchengladbach, kreisfreie Stadt",2023,267667.0,133041.0,134626.0,45.0,2580.0,2617.0,0.0096388422928489,"102,79","96,39","33,38","3,55","1410,39","58,55","77,27","6,32","7,57","1570,17","3,63","28849,46","525,15","46,52","16,09"
05117,"      Mülheim an der Ruhr, kreisfreie Stadt",2015,169278.0,81461.0,87817.0,23.0,1818.0,1597.0,0.0107397299117428,"89,92","107,40","55,92","3,46","11,16","46,33","72,65","5,61","4,52","1854,49","3,36","24814,04","742,21","44,18","15,13"
05117,"      Mülheim an der Ruhr, kreisfreie Stadt",2017,171265.0,82616.0,88649.0,25.0,1814.0,1698.0,0.0105917729833883,"96,04","105,92","57,94","2,25","11,62","49,72","73,77","5,55","4,52","1876,26","3,15","26401,59","742,21","45,70","16,53"
05117,"      Mülheim an der Ruhr, kreisfreie Stadt",2019,170632.0,82242.0,88390.0,26.0,1826.0,1752.0,0.0107013924703455,"100,86","107,01","54,53","-1,69","11,61","53,30","76,07","5,61","4,52","1869,33","3,52","25914,31","742,69","42,26","15,46"
05117,"      Mülheim an der Ruhr, kreisfreie Stadt",2021,170739.0,82415.0,88324.0,28.0,1735.0,1752.0,0.0101617088070095,"105,29","101,62","54,28","-3,42","10,74","55,95","77,20","5,77","4,52","1870,50","3,64","27816,22","704,08","40,11","14,66"
05117,"      Mülheim an der Ruhr, kreisfreie Stadt",2023,172887.0,83827.0,89060.0,28.0,1878.0,1837.0,0.0108625865449686,"100,99","108,63","46,25","-2,08","1030,11","58,75","77,19","5,77","4,52","1894,03","3,30","32359,40","704,08","45,13","15,14"
05119,"      Oberhausen, kreisfreie Stadt",2015,210934.0,103284.0,107650.0,23.0,2158.0,1748.0,0.0102306882721609,"86,24","102,31","46,12","-10,83","14,70","42,20","72,46","5,32","7,34","2736,20","3,90","21154,82","796,32","41,66","16,65"
05119,"      Oberhausen, kreisfreie Stadt",2017,211422.0,103851.0,107571.0,27.0,2166.0,1857.0,0.0102449130175667,"97,94","102,45","41,86","-13,17","15,17","45,25","73,77","5,22","7,34","2742,53","3,54","22588,46","796,32","42,96","17,26"
05119,"      Oberhausen, kreisfreie Stadt",2019,210764.0,103569.0,107195.0,29.0,2110.0,1789.0,0.0100111973581826,"89,14","100,11","38,45","-13,48","15,27","48,73","75,90","5,51","7,34","2734,00","3,95","22278,79","779,89","44,43","16,49"
05119,"      Oberhausen, kreisfreie Stadt",2021,208752.0,102310.0,106442.0,34.0,2093.0,1844.0,0.010026251245497,"93,84","100,26","44,35","-13,23","13,52","51,31","76,90","5,44","7,34","2707,90","4,29","24132,35","778,20","44,03","16,09"
05119,"      Oberhausen, kreisfreie Stadt",2023,213510.0,103649.0,109861.0,35.0,2106.0,1842.0,0.009863706617957,"92,24","98,64","50,92","-10,52","1271,62","53,47","75,22","5,44","7,34","2769,62","3,90","28211,28","778,20","44,94","16,56"
05120,"      Remscheid, kreisfreie Stadt",2015,109499.0,53725.0,55774.0,19.0,1054.0,1000.0,0.0096256586818144,"100,60","96,26","58,49","9,03","13,52","48,26","76,42","6,24","7,83","1469,39","3,54","23134,96","582,02","43,21","13,51"
05120,"      Remscheid, kreisfreie Stadt",2017,110584.0,54482.0,56102.0,19.0,1011.0,994.0,0.0091423714099688,"97,55","91,42","51,98","9,22","13,89","51,85","76,86","6,42","7,83","1483,95","3,06","24531,24","582,02","42,13","13,75"
05120,"      Remscheid, kreisfreie Stadt",2019,111338.0,54888.0,56450.0,22.0,1152.0,1142.0,0.010346871688013,"102,79","103,47","38,66","8,00","14,15","54,81","78,09","6,31","7,83","1494,07","3,49","24148,05","578,38","40,92","12,35"
05120,"      Remscheid, kreisfreie Stadt",2021,111770.0,55418.0,56352.0,22.0,1167.0,1173.0,0.0104410843696877,"103,99","104,41","50,26","6,38","12,94","56,19","78,13","6,17","7,83","1499,87","3,62","25990,12","596,11","40,82","11,53"
05120,"      Remscheid, kreisfreie Stadt",2023,114061.0,56654.0,57407.0,21.0,1168.0,1223.0,0.0102401346647846,"107,37","102,40","69,92","5,89","1189,12","59,27","76,69","6,17","7,83","1530,61","3,10","29922,25","596,11","43,66","12,04"
05122,"      Solingen, kreisfreie Stadt",2015,158726.0,76948.0,81778.0,35.0,1837.0,1675.0,0.0115734032231644,"96,65","115,73","40,38","-16,27","14,27","50,34","76,98","6,13","5,95","1772,68","3,02","23057,05","560,65","41,54","12,20"
05122,"      Solingen, kreisfreie Stadt",2017,158803.0,77157.0,81646.0,38.0,1967.0,1883.0,0.0123864158737555,"99,05","123,86","35,45","-15,66","14,57","53,15","78,35","6,10","5,95","1773,54","2,97","24657,82","560,65","41,71","12,38"
05122,"      Solingen, kreisfreie Stadt",2019,159245.0,77306.0,81939.0,40.0,1924.0,2115.0,0.0120820119940971,"112,14","120,82","34,16","-15,90","15,30","57,19","79,29","5,95","5,95","1778,48","3,15","24392,22","566,71","41,59","11,32"
05122,"      Solingen, kreisfreie Stadt",2021,158957.0,77260.0,81697.0,40.0,1945.0,2109.0,0.0122360135130884,"110,77","122,36","38,70","-17,40","14,42","58,90","79,94","5,87","5,95","1775,26","3,38","26345,37","576,98","41,14","11,47"
05122,"      Solingen, kreisfreie Stadt",2023,166078.0,81305.0,84773.0,40.0,1878.0,2092.0,0.0113079396428184,"112,23","113,08","35,11","-21,83","1319,22","59,17","77,78","5,87","5,95","1854,79","3,23","30479,77","576,98","42,74","11,25"
05124,"      Wuppertal, kreisfreie Stadt",2015,350046.0,170822.0,179224.0,48.0,3845.0,3893.0,0.010984270638716,"105,42","109,84","55,30","0,05","17,97","47,36","72,58","6,22","6,11","2078,78","3,25","22458,67","583,24","44,49","16,55"
05124,"      Wuppertal, kreisfreie Stadt",2017,353590.0,173025.0,180565.0,52.0,3775.0,3810.0,0.0106762069063039,"103,87","106,76","53,14","1,30","18,38","51,24","73,04","6,15","6,11","2099,83","3,25","23873,88","583,24","44,65","17,79"
05124,"      Wuppertal, kreisfreie Stadt",2019,355100.0,174133.0,180967.0,52.0,3737.0,3848.0,0.0105237961137707,"107,04","105,24","44,33","-1,00","18,17","53,99","74,05","6,14","6,11","2108,80","3,30","23335,62","590,85","44,69","17,04"
05124,"      Wuppertal, kreisfreie Stadt",2021,354572.0,174102.0,180470.0,52.0,3680.0,4080.0,0.010378710106833,"117,28","103,79","55,34","-1,68","15,60","55,94","75,17","5,97","6,11","2105,66","3,49","25139,69","595,42","46,75","16,64"
05124,"      Wuppertal, kreisfreie Stadt",2023,358592.0,176757.0,181835.0,53.0,3765.0,4343.0,0.0104993976441192,"120,27","104,99","53,63","-2,35","1450,00","58,49","75,10","5,97","6,11","2129,53","3,34","29038,24","595,42","48,42","16,82"
05154,"      Kleve, Kreis",2015,310337.0,154988.0,155349.0,52.0,3070.0,3136.0,0.0098924717323425,"108,03","98,92","47,26","-12,78","10,38","42,85","75,04","5,44","5,35","251,69","3,02","21244,64","929,16","32,15","7,35"
05154,"      Kleve, Kreis",2017,311270.0,155089.0,156181.0,58.0,3283.0,3396.0,0.0105471134384939,"110,98","105,47","42,79","-13,08","10,45","46,55","77,21","5,47","5,35","252,45","3,23","22772,84","929,16","43,63","7,55"
05154,"      Kleve, Kreis",2019,312465.0,155462.0,157003.0,61.0,3370.0,3491.0,0.0107852079432896,"111,68","107,85","40,11","-12,62","10,59","50,33","79,18","5,37","5,35","253,42","3,24","22595,89","929,96","36,72","6,26"
05154,"      Kleve, Kreis",2021,314676.0,156754.0,157922.0,69.0,3370.0,3524.0,0.0107094281101831,"109,78","107,09","37,36","-12,88","9,37","53,71","80,07","5,45","5,35","255,21","3,32","24645,77","914,09","32,86","5,64"
05154,"      Kleve, Kreis",2023,319928.0,159614.0,160314.0,75.0,3429.0,3567.0,0.0107180365582256,"107,73","107,18","37,76","-13,50","859,07","57,50","79,84","5,45","5,35","259,47","3,49","28346,73","914,09","39,01","6,25"
05158,"      Mettmann, Kreis",2015,483279.0,233448.0,249831.0,58.0,5084.0,4744.0,0.0105198032606424,"98,18","105,20","41,61","0,18","10,28","50,65","78,91","6,16","4,66","1186,78","2,86","25256,84","728,30","36,84","9,95"
05158,"      Mettmann, Kreis",2017,485409.0,234584.0,250825.0,65.0,5094.0,4747.0,0.0104942429992027,"98,98","104,94","39,09","1,62","10,30","54,55","80,10","6,26","4,66","1192,01","2,85","26660,31","728,30","38,42","10,35"
05158,"      Mettmann, Kreis",2019,485570.0,234628.0,250942.0,68.0,4984.0,4903.0,0.0102642255493543,"102,19","102,64","34,53","3,01","10,34","57,89","81,63","6,36","4,66","1192,40","2,86","26148,27","722,84","39,00","9,71"
05158,"      Mettmann, Kreis",2021,484411.0,233965.0,250446.0,72.0,4953.0,5053.0,0.0102247884544322,"107,88","102,25","36,67","3,37","9,13","60,31","82,58","6,21","4,66","1189,56","3,16","28064,01","717,11","38,48","9,75"
05158,"      Mettmann, Kreis",2023,489760.0,237099.0,252661.0,70.0,4726.0,4815.0,0.0096496243057824,"107,48","96,50","34,36","2,50","823,53","63,26","82,23","6,21","4,66","1202,69","3,25","32455,52","717,11","42,63","10,31"
05162,      Rhein-Kreis Neuss,2015,450026.0,219650.0,230376.0,45.0,3800.0,3390.0,0.008443956571398,"94,77","84,44","40,03","-16,86","10,68","47,90","74,99","5,81","4,51","780,59","2,69","25544,63","750,89","33,84","8,48"
05162,      Rhein-Kreis Neuss,2017,449408.0,218320.0,231088.0,55.0,3963.0,3510.0,0.0088182675875818,"90,77","88,18","32,34","-17,59","10,52","51,52","77,18","6,10","4,51","779,65","2,69","26922,35","750,89","34,74","8,93"
05162,      Rhein-Kreis Neuss,2019,451730.0,219545.0,232185.0,59.0,3945.0,3776.0,0.0087330927766586,"99,79","87,33","32,06","-17,91","10,57","55,27","79,25","6,05","4,51","783,68","2,84","26514,66","752,26","34,19","8,22"
05162,      Rhein-Kreis Neuss,2021,452496.0,219835.0,232661.0,67.0,4068.0,3977.0,0.0089901347194229,"103,57","89,90","31,80","-14,02","9,04","58,34","80,49","6,08","4,51","784,98","2,71","28505,37","745,16","34,10","8,02"
05162,      Rhein-Kreis Neuss,2023,457398.0,223183.0,234215.0,67.0,4079.0,4116.0,0.0089178352332104,"107,92","89,18","34,85","-14,42","842,82","61,31","80,68","6,08","4,51","793,52","2,91","32909,93","745,16","39,20","8,51"
05166,"      Viersen, Kreis",2015,297661.0,145470.0,152191.0,36.0,2428.0,2601.0,0.0081569301991191,"108,38","81,57","31,86","-24,60","10,19","45,50","77,42","5,96","4,55","528,44","2,79","23127,15","822,39","32,89","8,38"
05166,"      Viersen, Kreis",2017,298733.0,145953.0,152780.0,41.0,2475.0,2708.0,0.0082849902755972,"112,09","82,85","35,28","-22,41","10,27","49,17","78,54","6,03","4,55","530,35","2,86","24649,95","822,39","31,51","8,38"
05166,"      Viersen, Kreis",2019,298863.0,145826.0,153037.0,43.0,2408.0,2818.0,0.0080572034678096,"118,16","80,57","38,36","-19,64","10,19","52,85","80,33","6,12","4,55","530,58","3,08","24356,83","812,13","33,47","7,37"
05166,"      Viersen, Kreis",2021,298761.0,145746.0,153015.0,46.0,2467.0,2881.0,0.0082574365462694,"118,32","82,57","40,86","-20,45","8,83","55,85","81,26","6,07","4,55","530,40","3,21","26563,46","800,97","32,01","6,64"
05166,"      Viersen, Kreis",2023,297504.0,145587.0,151917.0,52.0,2581.0,2954.0,0.0086755136065397,"117,88","86,76","42,82","-19,32","822,62","60,20","83,42","6,07","4,55","528,16","3,37","30760,02","800,97","39,31","7,35"
05170,"      Wesel, Kreis",2015,462664.0,226396.0,236268.0,64.0,4426.0,4538.0,0.0095663375581415,"106,95","95,66","36,05","-24,83","9,70","42,06","74,13","5,19","6,55","443,67","3,16","22704,33","805,01","32,91","9,40"
05170,"      Wesel, Kreis",2017,460666.0,224618.0,236048.0,73.0,4607.0,4784.0,0.0100007380618495,"107,17","100,01","33,08","-23,86","9,98","45,74","76,08","5,27","6,55","441,76","3,22","24403,41","805,01","33,34","9,83"
05170,"      Wesel, Kreis",2019,459976.0,223956.0,236020.0,81.0,4774.0,5218.0,0.0103788023722976,"112,17","103,79","29,02","-22,63","10,09","49,74","78,44","5,43","6,55","441,10","3,29","24102,83","794,77","34,43","9,04"
05170,"      Wesel, Kreis",2021,460433.0,224189.0,236244.0,91.0,4926.0,5385.0,0.0106986249899551,"113,99","106,99","30,81","-22,44","9,07","52,88","79,34","5,62","6,55","441,54","3,47","26186,10","783,72","34,67","8,46"
05170,"      Wesel, Kreis",2023,457545.0,222771.0,234774.0,98.0,5026.0,5434.0,0.0109847118862625,"109,47","109,85","27,27","-22,57","868,97","57,54","81,10","5,62","6,55","438,78","3,47","30218,87","783,72","39,47","9,21"
05314,"      Bonn, kreisfreie Stadt",2015,318809.0,151954.0,166855.0,44.0,3040.0,2884.0,0.009535489901477,"99,41","95,35","42,34","34,93","9,22","47,78","72,17","7,02","12,04","2260,09","2,29","24939,78","438,08","49,23","11,39"
05314,"      Bonn, kreisfreie Stadt",2017,325490.0,155605.0,169885.0,47.0,3052.0,2993.0,0.0093766321545976,"102,78","93,77","43,98","34,32","9,00","50,92","72,22","6,62","12,04","2307,46","2,38","26575,47","438,08","49,74","11,84"
05314,"      Bonn, kreisfreie Stadt",2019,329673.0,157533.0,172140.0,51.0,3125.0,3039.0,0.0094790898860385,"104,87","94,79","38,86","33,51","8,84","53,86","73,17","6,46","12,04","2337,11","2,12","26063,96","448,84","48,87","11,00"
05314,"      Bonn, kreisfreie Stadt",2021,331885.0,158645.0,173240.0,50.0,3125.0,3197.0,0.0094159121382406,"108,01","94,16","36,96","32,07","7,67","56,76","74,77","6,33","12,04","2352,79","2,16","27938,72","459,99","48,42","10,67"
05314,"      Bonn, kreisfreie Stadt",2023,321680.0,155098.0,166582.0,52.0,3032.0,3030.0,0.0094255160407858,"105,83","94,26","39,65","33,43","711,98","61,49","80,11","6,33","12,04","2280,45","2,38","32325,20","459,99","52,65","11,14"
05315,"      Köln, kreisfreie Stadt",2015,1060582.0,516976.0,543606.0,107.0,8017.0,7971.0,0.0075590571968975,"106,65","75,59","57,75","26,73","11,85","45,30","72,85","6,61","6,50","2618,59","2,52","24370,49","564,99","48,61","13,30"
05315,"      Köln, kreisfreie Stadt",2017,1080394.0,526965.0,553429.0,108.0,7866.0,7716.0,0.0072806772344163,"102,19","72,81","49,14","26,82","11,78","48,82","73,47","6,30","6,50","2667,57","2,42","25805,87","564,99","49,49","13,07"
05315,"      Köln, kreisfreie Stadt",2019,1087863.0,530473.0,557390.0,108.0,7723.0,8048.0,0.0070992395182113,"106,37","70,99","41,10","26,79","11,62","52,46","75,55","6,25","6,50","2686,02","2,47","25316,29","570,53","50,42","12,33"
05315,"      Köln, kreisfreie Stadt",2021,1073096.0,521939.0,551157.0,112.0,7735.0,8758.0,0.0072081155833215,"117,07","72,08","41,26","27,07","10,20","54,75","78,07","6,22","6,50","2649,55","2,46","27060,47","563,30","50,07","12,69"
05315,"      Köln, kreisfreie Stadt",2023,1024408.0,498050.0,526358.0,114.0,7694.0,8212.0,0.0075106793387009,"109,35","75,11","41,10","27,56","1002,53","60,40","82,72","6,22","6,50","2529,28","2,74","31166,59","563,30","53,63","13,49"
05316,"      Leverkusen, kreisfreie Stadt",2015,163487.0,79590.0,83897.0,12.0,1416.0,1333.0,0.00866123911993,"100,38","86,61","41,59","5,05","11,67","47,58","73,69","6,96","5,58","2072,87","2,58","23052,57","537,64","39,48","12,97"
05316,"      Leverkusen, kreisfreie Stadt",2017,163577.0,79675.0,83902.0,12.0,1371.0,1264.0,0.0083813739095349,"96,64","83,81","37,75","1,99","11,77","52,30","75,61","6,76","5,58","2074,01","2,56","24482,52","537,64","43,02","13,47"
05316,"      Leverkusen, kreisfreie Stadt",2019,163729.0,79776.0,83953.0,12.0,1359.0,1219.0,0.0083003011073175,"95,61","83,00","36,55","2,30","11,99","55,83","76,94","6,78","5,58","2075,94","2,76","24034,95","536,82","44,49","12,96"
05316,"      Leverkusen, kreisfreie Stadt",2021,163851.0,79886.0,83965.0,15.0,1349.0,1254.0,0.008233089819409,"106,45","82,33","38,47","1,84","10,78","57,39","77,56","6,65","5,58","2077,48","3,08","25848,52","529,83","43,51","12,37"
05316,"      Leverkusen, kreisfreie Stadt",2023,167850.0,82468.0,85382.0,15.0,1333.0,1275.0,0.0079416145367887,"103,57","79,42","39,06","0,88","938,87","59,80","75,69","6,65","5,58","2128,19","3,17","29988,76","529,83","43,18","12,31"
05334,"      Städteregion Aachen, Kreis",2015,553922.0,279260.0,274662.0,92.0,5645.0,5640.0,0.0101909655150003,"106,94","101,91","47,50","6,50","10,94","44,22","74,30","6,73","6,54","783,54","2,58","21945,96","585,54","42,91","11,78"
05334,"      Städteregion Aachen, Kreis",2017,554068.0,279354.0,274714.0,95.0,5719.0,5965.0,0.0103218377527668,"109,89","103,22","42,56","6,10","11,11","48,23","76,55","6,77","6,54","783,79","2,56","23535,35","585,54","45,26","11,93"
05334,"      Städteregion Aachen, Kreis",2019,557026.0,281467.0,275559.0,104.0,5840.0,6391.0,0.0104842502863421,"114,21","104,84","36,07","5,76","11,22","52,24","78,36","6,68","6,54","787,97","2,73","23166,16","590,54","46,44","10,80"
05334,"      Städteregion Aachen, Kreis",2021,556673.0,281248.0,275425.0,105.0,5702.0,6545.0,0.0102429972353607,"120,80","102,43","36,94","3,64","10,12","55,23","79,57","6,63","6,54","787,47","2,88","25003,78","591,42","45,90","10,11"
05334,"      Städteregion Aachen, Kreis",2023,582463.0,294567.0,287896.0,105.0,5828.0,6266.0,0.0100057857752337,"112,72","100,06","34,99","3,48","888,56","56,79","77,25","6,63","6,54","823,96","2,66","28984,98","591,42","45,73","10,16"
05358,"      Düren, Kreis",2015,262828.0,130522.0,132306.0,62.0,2916.0,3038.0,0.0110947083263579,"111,24","110,95","35,33","-15,63","11,75","44,44","73,53","6,37","6,54","279,20","3,06","22245,34","763,66","31,77","10,55"
05358,"      Düren, Kreis",2017,262889.0,130272.0,132617.0,63.0,2882.0,3050.0,0.0109628017908699,"111,48","109,63","37,67","-17,02","11,91","47,98","75,88","6,45","6,54","279,23","3,14","23777,36","763,66","32,36","10,75"
05358,"      Düren, Kreis",2019,264638.0,131365.0,133273.0,66.0,2908.0,3283.0,0.010988595742108,"117,50","109,89","40,69","-16,98","11,98","51,93","78,17","6,43","6,54","281,08","3,34","23579,45","767,62","36,06","9,95"
05358,"      Düren, Kreis",2021,266771.0,132191.0,134580.0,69.0,3167.0,3400.0,0.011871605234452,"112,17","118,72","43,49","-16,84","10,63","55,10","78,77","6,33","6,54","283,35","3,34","25454,24","773,25","34,69","9,38"
05358,"      Düren, Kreis",2023,278462.0,138720.0,139742.0,69.0,3172.0,3362.0,0.0113911413406497,"108,84","113,91","39,51","-18,42","949,37","56,94","77,01","6,33","6,54","295,77","3,25","29415,03","773,25","37,31","9,54"
05362,      Rhein-Erft-Kreis,2015,466657.0,228450.0,238207.0,55.0,3741.0,3451.0,0.0080165946294601,"99,80","80,17","45,07","-28,07","11,23","45,94","74,46","6,14","2,96","662,20","2,70","23756,46","769,07","32,82","10,01"
05362,      Rhein-Erft-Kreis,2017,467209.0,228607.0,238602.0,59.0,3816.0,3664.0,0.008167650880013,"102,29","81,68","41,00","-28,52","11,37","50,22","77,67","6,28","2,96","662,98","2,88","25140,24","769,07","34,99","10,06"
05362,      Rhein-Erft-Kreis,2019,470615.0,230055.0,240560.0,59.0,3461.0,3538.0,0.0073542067294922,"106,12","73,54","36,71","-27,18","11,39","54,56","79,65","6,25","2,96","667,81","2,81","24751,06","774,99","34,96","8,85"
05362,      Rhein-Erft-Kreis,2021,471891.0,230041.0,241850.0,61.0,3540.0,3619.0,0.0075017323915904,"107,58","75,02","35,51","-27,50","10,08","57,50","80,66","6,11","2,96","669,62","3,01","26591,33","768,24","34,86","8,20"
05362,      Rhein-Erft-Kreis,2023,476412.0,233784.0,242628.0,65.0,3718.0,3701.0,0.0078041695003484,"103,26","78,04","35,01","-30,08","906,25","61,03","81,86","6,11","2,96","676,04","2,86","31044,10","768,24","39,52","8,64"
05366,"      Euskirchen, Kreis",2015,191165.0,94759.0,96406.0,41.0,2328.0,2241.0,0.0121779614469175,"107,33","121,78","42,61","-25,23","10,87","44,53","77,87","6,36","6,27","153,09","3,30","22221,78","782,59","31,64","6,97"
05366,"      Euskirchen, Kreis",2017,192127.0,94795.0,97332.0,42.0,2484.0,2456.0,0.0129289480395779,"102,42","129,29","39,59","-25,88","11,04","48,23","80,47","6,43","6,27","153,86","3,18","23805,78","782,59","33,78","7,53"
05366,"      Euskirchen, Kreis",2019,193656.0,95537.0,98119.0,44.0,2426.0,2438.0,0.0125273681166604,"103,57","125,27","28,91","-27,18","10,95","51,85","82,56","6,38","6,27","155,08","3,28","23554,80","792,86","35,36","6,85"
05366,"      Euskirchen, Kreis",2021,194701.0,96123.0,98578.0,43.0,2353.0,2374.0,0.0120851973025305,"110,83","120,85","39,72","-29,93","9,64","54,13","81,21","6,43","6,27","155,92","3,45","25616,79","756,86","35,04","6,30"
05366,"      Euskirchen, Kreis",2023,201841.0,100316.0,101525.0,43.0,2222.0,2188.0,0.011008665236498,"103,75","110,09","32,73","-29,55","865,19","57,07","80,24","6,43","6,27","161,64","3,06","29719,43","756,86","36,85","6,46"
05370,"      Heinsberg, Kreis",2015,252527.0,124956.0,127571.0,56.0,2634.0,3414.0,0.0104305678204706,"138,44","104,31","52,55","-32,57","11,42","41,20","73,57","6,13","3,77","402,12","3,03","21406,51","829,86","28,90","8,29"
05370,"      Heinsberg, Kreis",2017,253106.0,125256.0,127850.0,61.0,2592.0,3249.0,0.0102407686897979,"131,97","102,41","49,03","-30,73","11,60","44,96","75,13","6,06","3,77","403,09","3,01","23120,27","829,86","28,23","8,14"
05370,"      Heinsberg, Kreis",2019,255555.0,126506.0,129049.0,61.0,2682.0,3373.0,0.01049480542349,"130,48","104,95","39,63","-28,24","11,75","48,73","77,10","6,32","3,77","406,99","3,06","22857,97","812,58","31,56","7,26"
05370,"      Heinsberg, Kreis",2021,258306.0,127883.0,130423.0,64.0,2711.0,3286.0,0.0104953040192639,"124,85","104,95","41,93","-27,97","10,29","51,50","77,95","6,25","3,77","411,37","3,34","24958,82","814,85","30,47","6,77"
05370,"      Heinsberg, Kreis",2023,262149.0,129850.0,132299.0,69.0,2721.0,3521.0,0.010379593284735,"132,87","103,80","39,33","-28,19","945,08","55,28","79,22","6,25","3,77","417,49","3,28","28829,41","814,85","35,05","7,23"
05374,      Oberbergischer Kreis,2015,273452.0,134670.0,138782.0,59.0,3394.0,3553.0,0.012411684683235,"118,32","124,12","50,14","-4,36","10,36","49,64","76,26","5,79","5,56","297,61","2,94","22517,56","819,11","34,84","6,42"
05374,      Oberbergischer Kreis,2017,272968.0,134399.0,138569.0,62.0,3460.0,3708.0,0.0126754784443597,"111,79","126,75","45,24","-2,97","10,28","53,55","78,63","5,79","5,56","297,08","2,89","24278,85","819,11","35,32","6,98"
05374,      Oberbergischer Kreis,2019,272057.0,133842.0,138215.0,59.0,3309.0,3648.0,0.0121628923350621,"114,29","121,63","37,65","-3,58","10,22","57,15","80,57","5,83","5,56","296,08","3,18","23851,75","812,11","36,06","6,41"
05374,      Oberbergischer Kreis,2021,271621.0,133578.0,138043.0,61.0,3382.0,3633.0,0.0124511727738282,"116,74","124,51","36,56","-4,38","8,77","59,34","81,53","5,48","5,56","295,61","3,33","25966,11","823,72","34,20","5,95"
05374,      Oberbergischer Kreis,2023,273963.0,134964.0,138999.0,60.0,3303.0,3521.0,0.0120563725758587,"112,89","120,56","41,15","-4,47","793,18","62,69","82,10","5,48","5,56","298,16","3,18","30117,84","823,72","38,27","6,90"
05378,      Rheinisch-Bergischer Kreis,2015,282729.0,137438.0,145291.0,39.0,2696.0,2573.0,0.0095356330620488,"98,62","95,36","43,60","-42,90","8,94","48,28","77,13","5,97","4,01","646,50","2,57","26545,10","772,05","35,19","7,31"
05378,      Rheinisch-Bergischer Kreis,2017,283344.0,137455.0,145889.0,40.0,2665.0,2761.0,0.0094055282624654,"105,34","94,06","42,49","-42,42","9,04","52,50","78,84","5,96","4,01","647,91","2,63","28146,61","772,05","37,18","8,08"
05378,      Rheinisch-Bergischer Kreis,2019,283271.0,137356.0,145915.0,40.0,2760.0,2825.0,0.0097433200009884,"105,14","97,43","38,39","-43,05","8,92","56,13","81,24","5,94","4,01","647,74","2,75","27647,64","771,33","36,86","7,59"
05378,      Rheinisch-Bergischer Kreis,2021,283429.0,137330.0,146099.0,41.0,2693.0,2727.0,0.0095014977295901,"106,15","95,01","38,12","-43,41","7,83","58,84","82,31","5,98","4,01","648,09","2,62","29740,85","755,81","35,44","7,37"
05378,      Rheinisch-Bergischer Kreis,2023,283607.0,137749.0,145858.0,43.0,2686.0,2753.0,0.0094708522709242,"112,64","94,71","38,30","-45,01","687,84","62,00","83,10","5,98","4,01","648,51","2,95","34357,48","755,81","38,92","8,23"
05382,      Rhein-Sieg-Kreis,2015,596213.0,292555.0,303658.0,77.0,5580.0,5062.0,0.0093590713385987,"100,00","93,59","41,62","-43,67","8,97","47,63","76,22","6,12","2,50","517,00","2,57","24161,47","797,41","30,88","7,69"
05382,      Rhein-Sieg-Kreis,2017,599056.0,293600.0,305456.0,86.0,5588.0,5080.0,0.0093280094014582,"97,28","93,28","42,72","-40,90","8,85","51,34","78,45","6,24","2,50","519,47","2,58","25806,39","797,41","34,12","8,04"
05382,      Rhein-Sieg-Kreis,2019,600764.0,294400.0,306364.0,91.0,5523.0,5288.0,0.009193293872469,"100,72","91,93","39,10","-39,98","8,81","55,22","80,74","6,31","2,50","520,95","2,65","25414,52","792,83","35,01","7,33"
05382,      Rhein-Sieg-Kreis,2021,600732.0,294092.0,306640.0,97.0,5622.0,5565.0,0.0093585825293142,"106,73","93,59","37,67","-38,39","7,82","57,80","82,19","6,33","2,50","520,92","2,67","27534,38","786,56","34,95","6,91"
05382,      Rhein-Sieg-Kreis,2023,605283.0,297757.0,307526.0,96.0,5441.0,5180.0,0.008989183571982,"100,62","89,89","37,11","-39,40","709,37","61,58","82,62","6,33","2,50","524,87","2,59","31792,47","786,56","38,51","7,41"
05512,"      Bottrop, kreisfreie Stadt",2015,117143.0,57004.0,60139.0,18.0,1398.0,1396.0,0.0119341317876441,"106,89","119,34","45,15","-21,75","11,79","40,56","71,82","5,29","6,92","1164,33","3,53","21841,01","775,96","38,71","12,22"
05512,"      Bottrop, kreisfreie Stadt",2017,117364.0,57116.0,60248.0,19.0,1415.0,1486.0,0.0120565079581473,"106,45","120,57","40,03","-20,78","11,77","43,07","72,79","5,13","6,92","1166,52","3,74","23387,89","775,96","38,07","13,03"
05512,"      Bottrop, kreisfreie Stadt",2019,117565.0,57188.0,60377.0,20.0,1367.0,1529.0,0.011627610258155,"111,20","116,28","33,55","-24,87","11,75","46,56","74,66","5,38","6,92","1168,52","3,31","23159,80","740,57","40,43","12,56"
05512,"      Bottrop, kreisfreie Stadt",2021,117311.0,57069.0,60242.0,21.0,1376.0,1527.0,0.0117295053319808,"113,11","117,30","37,58","-32,19","10,44","50,25","77,05","5,39","6,92","1165,88","4,06","25114,18","748,40","40,10","11,81"
05512,"      Bottrop, kreisfreie Stadt",2023,118912.0,57824.0,61088.0,21.0,1365.0,1614.0,0.0114790769644779,"120,00","114,79","31,77","-32,89","953,64","54,01","77,47","5,39","6,92","1181,91","3,40","29216,61","748,40","40,92","11,46"
05513,"      Gelsenkirchen, kreisfreie Stadt",2015,260368.0,129267.0,131101.0,29.0,2555.0,2353.0,0.0098130338597677,"95,65","98,13","44,90","-1,15","16,72","37,42","67,13","5,65","7,18","2481,11","3,95","19871,03","743,73","42,80","22,88"
05513,"      Gelsenkirchen, kreisfreie Stadt",2017,260305.0,129548.0,130757.0,35.0,2782.0,2562.0,0.0106874627840417,"99,11","106,87","45,76","-3,50","17,76","40,38","69,19","5,74","7,18","2480,51","4,04","21324,11","743,73","43,01","24,88"
05513,"      Gelsenkirchen, kreisfreie Stadt",2019,259645.0,129032.0,130613.0,36.0,2499.0,2476.0,0.0096246798513354,"99,00","96,25","39,45","-4,29","17,97","43,93","70,91","5,63","7,18","2474,22","3,99","21121,84","752,59","43,72","24,11"
05513,"      Gelsenkirchen, kreisfreie Stadt",2021,260126.0,129271.0,130855.0,40.0,2657.0,2599.0,0.010214280771626,"104,29","102,14","40,94","-5,35","16,94","47,06","72,42","5,48","7,18","2478,81","4,33","22783,39","745,88","43,79","23,98"
05513,"      Gelsenkirchen, kreisfreie Stadt",2023,267284.0,132104.0,135180.0,41.0,2724.0,2441.0,0.0101914068930426,"94,28","101,91","39,82","-7,37","1640,42","50,11","70,72","5,48","7,18","2547,02","4,15","26521,32","745,88","47,47","23,74"
05515,"      Münster, kreisfreie Stadt",2015,310039.0,148447.0,161592.0,43.0,2724.0,2865.0,0.0087859914397866,"112,22","87,86","81,56","31,43","8,39","48,88","71,28","6,58","11,50","1022,29","1,99","24406,54","510,06","52,39","7,99"
05515,"      Münster, kreisfreie Stadt",2017,313559.0,150360.0,163199.0,46.0,2718.0,2965.0,0.0086682251187176,"112,27","86,68","64,78","30,98","8,42","52,39","72,83","6,35","11,50","1033,89","2,01","25877,87","510,06","53,49","8,33"
05515,"      Münster, kreisfreie Stadt",2019,315293.0,151230.0,164063.0,46.0,2695.0,2985.0,0.0085476049262114,"112,73","85,48","59,86","30,46","8,62","56,25","75,44","6,36","11,50","1039,61","1,81","25528,88","505,28","54,77","7,59"
05515,"      Münster, kreisfreie Stadt",2021,317713.0,152515.0,165198.0,47.0,2716.0,3122.0,0.0085485957452165,"117,63","85,49","66,93","30,75","7,50","59,20","76,25","6,26","11,50","1047,59","2,16","27386,03","513,48","53,30","7,07"
05515,"      Münster, kreisfreie Stadt",2023,307071.0,146826.0,160245.0,50.0,2684.0,3054.0,0.0087406495566172,"119,62","87,41","66,88","31,71","642,37","65,13","81,50","6,26","11,50","1012,50","2,23","31379,54","513,48","52,47","7,85"
05554,"      Borken, Kreis",2015,369666.0,184973.0,184693.0,68.0,2888.0,3685.0,0.0078124577321149,"133,81","78,12","48,24","-3,96","8,69","45,55","78,21","5,51","5,07","260,15","2,62","21685,54","844,11","27,41","5,21"
05554,"      Borken, Kreis",2017,369718.0,184623.0,185095.0,76.0,3046.0,3939.0,0.0082387116667297,"132,45","82,39","43,00","-3,21","8,59","49,91","81,09","5,71","5,07","260,19","2,33","23453,62","844,11","31,55","5,37"
05554,"      Borken, Kreis",2019,371339.0,185565.0,185774.0,82.0,3056.0,4193.0,0.0082296769259356,"139,63","82,30","34,71","-2,63","8,62","54,09","83,79","5,57","5,07","261,33","2,60","23225,95","845,87","32,66","4,75"
05554,"      Borken, Kreis",2021,373582.0,186654.0,186928.0,86.0,3157.0,4313.0,0.0084506212826099,"139,40","84,51","35,58","-2,05","7,78","57,62","84,89","5,41","5,07","262,90","2,70","25515,94","856,35","32,31","4,27"
05554,"      Borken, Kreis",2023,379787.0,190028.0,189759.0,95.0,3230.0,4628.0,0.0085047671457948,"150,26","85,05","37,60","-1,85","701,92","61,84","85,92","5,41","5,07","267,27","2,84","29308,13","856,35","34,23","5,15"
05558,"      Coesfeld, Kreis",2015,218401.0,107953.0,110448.0,43.0,2321.0,2450.0,0.0106272407177622,"113,01","106,27","51,58","-32,63","7,39","48,25","78,07","6,40","4,27","196,40","2,55","23430,85","795,50","30,65","4,59"
05558,"      Coesfeld, Kreis",2017,219360.0,108296.0,111064.0,46.0,2371.0,2662.0,0.0108087162654996,"118,31","108,09","42,73","-30,88","7,20","52,79","80,52","6,48","4,27","197,26","2,51","25328,87","795,50","30,24","5,03"
05558,"      Coesfeld, Kreis",2019,220586.0,108836.0,111750.0,47.0,2355.0,2706.0,0.0106761081845629,"117,55","106,76","41,18","-28,69","7,13","56,99","82,94","6,56","4,27","198,36","2,33","25039,75","791,34","29,75","4,55"
05558,"      Coesfeld, Kreis",2021,221352.0,109210.0,112142.0,51.0,2425.0,2489.0,0.0109554013516932,"108,31","109,55","37,01","-27,18","6,14","60,60","85,15","6,49","4,27","199,05","2,71","27441,82","790,54","28,14","4,08"
05558,"      Coesfeld, Kreis",2023,226217.0,111646.0,114571.0,56.0,2509.0,2663.0,0.0110911204728203,"110,50","110,91","34,56","-25,99","541,83","64,87","85,40","6,49","4,27","203,43","2,70","31435,24","790,54","34,18","5,02"
05562,"      Recklinghausen, Kreis",2015,617807.0,301893.0,315914.0,103.0,6852.0,6393.0,0.0110908422856976,"98,73","110,91","49,13","-30,15","12,80","39,49","72,88","5,37","7,31","811,51","3,36","21724,06","784,02","36,42","14,50"
05562,"      Recklinghausen, Kreis",2017,616824.0,300982.0,315842.0,111.0,7042.0,7039.0,0.011416546697275,"103,06","114,17","49,65","-31,64","12,99","42,92","75,46","5,45","7,31","810,21","3,43","23482,87","784,02","37,06","15,62"
05562,"      Recklinghausen, Kreis",2019,614137.0,299253.0,314884.0,116.0,6979.0,7278.0,0.0113639139149733,"106,65","113,64","46,37","-30,18","13,33","46,90","77,79","5,57","7,31","806,68","3,63","23344,33","767,67","35,93","14,75"
05562,"      Recklinghausen, Kreis",2021,612801.0,298416.0,314385.0,121.0,7130.0,7280.0,0.011635098506693,"108,12","116,35","46,49","-29,31","12,53","50,75","78,61","5,59","7,31","804,93","3,92","25522,10","765,52","35,15","13,86"
05562,"      Recklinghausen, Kreis",2023,622855.0,304087.0,318768.0,126.0,7042.0,7368.0,0.0113060021995488,"109,87","113,06","37,18","-29,92","1192,83","54,96","78,35","5,59","7,31","818,14","3,73","29672,69","765,52","42,06","14,13"
05566,"      Steinfurt, Kreis",2015,443374.0,220782.0,222592.0,74.0,3787.0,4386.0,0.0085413217734914,"124,28","85,41","42,16","-16,24","8,93","49,25","78,55","6,38","4,45","246,90","2,64","21607,61","824,30","28,83","6,43"
05566,"      Steinfurt, Kreis",2017,446565.0,222393.0,224172.0,77.0,3962.0,4532.0,0.0088721686652558,"119,04","88,72","44,54","-15,18","8,81","53,50","80,75","6,10","4,45","248,68","2,69","23441,63","824,30","30,30","6,66"
05566,"      Steinfurt, Kreis",2019,448220.0,222878.0,225342.0,84.0,3846.0,4711.0,0.0085806077372718,"126,37","85,81","39,24","-15,34","8,75","57,42","83,13","6,15","4,45","249,60","2,52","23196,97","817,17","31,23","5,81"
05566,"      Steinfurt, Kreis",2021,450176.0,223922.0,226254.0,95.0,3912.0,4863.0,0.0086899346033551,"133,01","86,90","37,93","-15,13","7,78","61,01","84,50","6,16","4,45","250,69","2,85","25366,60","807,85","31,29","5,12"
05566,"      Steinfurt, Kreis",2023,450042.0,224112.0,225930.0,105.0,4187.0,5129.0,0.0093035761106741,"135,98","93,04","36,33","-15,12","714,36","65,26","86,61","6,16","4,45","250,62","2,82","29225,75","807,85","36,23","5,95"
05570,"      Warendorf, Kreis",2015,277431.0,137265.0,140166.0,43.0,2547.0,2651.0,0.0091806611373638,"110,69","91,81","56,49","-21,90","8,97","49,88","78,20","5,89","5,24","210,27","2,45","22350,07","825,77","32,70","7,19"
05570,"      Warendorf, Kreis",2017,277458.0,137179.0,140279.0,45.0,2521.0,2852.0,0.0090860598721247,"115,00","90,86","46,04","-22,51","8,95","53,88","80,85","5,94","5,24","210,29","2,70","24239,07","825,77","32,76","7,61"
05570,"      Warendorf, Kreis",2019,277840.0,137208.0,140632.0,48.0,2534.0,3273.0,0.009120357040023,"131,34","91,20","37,43","-22,57","8,97","58,23","82,76","5,96","5,24","210,58","2,64","24048,01","828,14","34,79","6,84"
05570,"      Warendorf, Kreis",2021,278176.0,137425.0,140751.0,56.0,2542.0,3337.0,0.0091380996203842,"136,04","91,38","37,53","-22,27","7,77","62,12","84,52","5,85","5,24","210,83","2,64","26279,61","831,62","33,51","6,08"
05570,"      Warendorf, Kreis",2023,282216.0,139749.0,142467.0,61.0,2724.0,3478.0,0.0096521813079343,"133,15","96,52","42,70","-22,02","702,20","65,62","84,62","5,85","5,24","213,89","2,90","30247,55","831,62","36,37","6,78"
05711,"      Bielefeld, kreisfreie Stadt",2015,333090.0,161148.0,171942.0,50.0,2940.0,3051.0,0.0088264433036116,"108,58","88,26","67,73","19,22","10,94","51,38","72,39","5,84","8,36","1286,96","2,68","22056,93","581,64","43,90","13,63"
05711,"      Bielefeld, kreisfreie Stadt",2017,332552.0,160267.0,172285.0,49.0,2929.0,2934.0,0.0088076451201616,"105,35","88,08","67,78","19,00","11,35","54,99","74,44","5,59","8,36","1284,88","2,62","23680,18","581,64","44,32","13,95"
05711,"      Bielefeld, kreisfreie Stadt",2019,334195.0,161093.0,173102.0,52.0,2869.0,2984.0,0.0085848082706204,"107,84","85,85","51,34","18,69","11,27","58,10","75,94","5,44","8,36","1291,18","2,70","23459,41","585,28","44,57","13,03"
05711,"      Bielefeld, kreisfreie Stadt",2021,334002.0,161237.0,172765.0,57.0,2736.0,3016.0,0.0081915677151633,"116,13","81,92","50,73","19,28","10,03","60,14","77,31","5,40","8,36","1290,43","2,86","25105,08","580,87","47,18","12,42"
05711,"      Bielefeld, kreisfreie Stadt",2023,331519.0,160961.0,170558.0,62.0,2846.0,3052.0,0.0085847266672498,"114,91","85,85","50,03","20,08","937,14","63,69","79,78","5,40","8,36","1280,84","2,75","28877,58","580,87","48,31","12,98"
05754,"      Gütersloh, Kreis",2015,360642.0,180222.0,180420.0,53.0,2656.0,2763.0,0.0073646441623549,"116,53","73,65","57,42","9,56","8,88","54,16","77,67","4,76","4,03","372,10","2,32","23188,61","933,89","31,84","6,30"
05754,"      Gütersloh, Kreis",2017,363049.0,181382.0,181667.0,62.0,2682.0,2876.0,0.007387432550427,"118,99","73,87","52,21","11,27","8,70","57,56","80,26","4,81","4,03","374,58","2,44","24816,12","933,89","33,70","6,48"
05754,"      Gütersloh, Kreis",2019,364938.0,182215.0,182723.0,70.0,2610.0,2954.0,0.0071518997747562,"118,54","71,52","46,15","12,69","8,68","61,51","82,25","4,86","4,03","376,53","2,42","24506,46","926,83","34,36","5,97"
05754,"      Gütersloh, Kreis",2021,366104.0,182673.0,183431.0,79.0,2737.0,3164.0,0.0074760177435919,"129,09","74,76","55,59","12,55","7,90","64,44","83,69","4,92","4,03","377,73","2,75","26441,78","935,13","33,33","5,25"
05754,"      Gütersloh, Kreis",2023,363674.0,181356.0,182318.0,80.0,2669.0,3084.0,0.0073389904144921,"131,01","73,39","55,31","10,71","730,88","68,90","85,87","4,92","4,03","375,23","2,72","30311,07","935,13","37,14","5,98"
05758,"      Herford, Kreis",2015,252122.0,123935.0,128187.0,36.0,2523.0,2618.0,0.0100070600740911,"111,74","100,07","64,07","-6,45","10,80","52,36","77,84","5,25","5,09","559,76","2,72","23138,79","849,79","35,35","8,17"
05758,"      Herford, Kreis",2017,251539.0,123438.0,128101.0,37.0,2534.0,2517.0,0.0100739845511034,"104,74","100,74","54,45","-7,59","10,78","56,77","79,55","5,17","5,09","558,47","2,95","24646,40","849,79","37,53","8,50"
05758,"      Herford, Kreis",2019,250578.0,123033.0,127545.0,42.0,2780.0,2635.0,0.0110943498631164,"102,93","110,94","42,48","-7,24","10,96","60,95","81,85","4,90","5,09","556,35","2,87","24264,02","863,32","35,02","7,75"
05758,"      Herford, Kreis",2021,250635.0,123333.0,127302.0,46.0,2729.0,2624.0,0.0108883436072376,"103,55","108,88","41,67","-8,18","9,63","63,36","82,99","5,02","5,09","556,47","3,00","26361,94","846,03","34,28","7,13"
05758,"      Herford, Kreis",2023,254593.0,125359.0,129234.0,44.0,2689.0,2758.0,0.0105619557489797,"109,57","105,62","44,13","-9,86","868,05","66,01","82,27","5,02","5,09","565,26","2,95","30418,31","846,03","37,39","7,97"
05762,"      Höxter, Kreis",2015,144010.0,72006.0,72004.0,27.0,1562.0,1579.0,0.0108464689952086,"111,59","108,46","39,74","-21,98","8,18","47,30","75,09","6,39","7,43","119,87","2,83","21541,41","846,43","32,81","5,61"
05762,"      Höxter, Kreis",2017,141565.0,70508.0,71057.0,27.0,1530.0,1652.0,0.0108077561544167,"112,84","108,08","37,21","-22,19","8,42","51,73","77,84","6,23","7,43","117,83","2,92","23422,56","846,43","32,38","5,93"
05762,"      Höxter, Kreis",2019,140251.0,69864.0,70387.0,26.0,1494.0,1581.0,0.0106523304646669,"109,94","106,52","30,37","-22,02","8,68","56,40","80,42","6,49","7,43","116,74","3,35","23143,09","837,32","32,03","5,25"
05762,"      Höxter, Kreis",2021,139994.0,69732.0,70262.0,28.0,1475.0,1673.0,0.0105361658356786,"119,24","105,36","31,58","-23,83","7,80","59,59","80,94","6,11","7,43","116,52","3,00","25402,71","870,88","33,53","4,96"
05762,"      Höxter, Kreis",2023,139042.0,69428.0,69614.0,30.0,1578.0,1700.0,0.0113490887645459,"114,94","113,49","27,71","-26,22","712,65","64,79","83,25","6,11","7,43","115,73","3,47","29079,54","870,88","37,80","6,27"
05766,"      Lippe, Kreis",2015,350750.0,172490.0,178260.0,62.0,4123.0,3572.0,0.0117548111190306,"101,62","117,55","55,31","-17,84","9,85","51,07","76,32","5,80","4,01","281,45","2,91","22673,57","849,32","35,51","9,52"
05766,"      Lippe, Kreis",2017,349069.0,171302.0,177767.0,69.0,4153.0,3687.0,0.0118973612666836,"97,41","118,97","43,84","-19,09","9,74","55,11","78,38","5,71","4,01","280,10","3,08","24428,66","849,32","34,83","9,93"
05766,"      Lippe, Kreis",2019,347514.0,170528.0,176986.0,72.0,4016.0,3795.0,0.0115563689520422,"101,63","115,56","38,77","-17,86","10,10","59,23","80,60","5,55","4,01","278,85","3,03","24134,68","854,89","35,56","9,18"
05766,"      Lippe, Kreis",2021,346151.0,169938.0,176213.0,76.0,4144.0,3952.0,0.011971653989155,"111,14","119,72","39,68","-18,20","9,00","62,62","81,76","5,21","4,01","277,76","3,52","26270,94","870,82","36,29","8,29"
05766,"      Lippe, Kreis",2023,347613.0,170656.0,176957.0,72.0,3924.0,3734.0,0.0112884155655858,"104,98","112,88","37,63","-17,76","816,32","66,11","81,99","5,21","4,01","278,94","3,14","30484,35","870,82","40,31","9,15"
05770,"      Minden-Lübbecke, Kreis",2015,313050.0,154488.0,158562.0,67.0,3698.0,3355.0,0.0118128094553585,"99,85","118,13","45,76","2,78","10,18","51,88","76,50","5,95","7,16","271,65","2,80","22448,16","781,93","33,83","8,57"
05770,"      Minden-Lübbecke, Kreis",2017,311207.0,153509.0,157698.0,65.0,3720.0,3419.0,0.0119534586304292,"101,97","119,53","44,97","2,88","10,20","56,60","78,87","5,98","7,16","270,05","2,98","24235,66","781,93","33,91","9,15"
05770,"      Minden-Lübbecke, Kreis",2019,310409.0,153244.0,157165.0,68.0,3851.0,3654.0,0.0124062124487369,"106,72","124,06","42,62","2,46","10,35","60,54","80,65","6,15","7,16","269,36","2,92","23893,64","759,41","34,43","8,78"
05770,"      Minden-Lübbecke, Kreis",2021,311214.0,153899.0,157315.0,72.0,3882.0,3508.0,0.0124737319015211,"104,44","124,74","40,33","3,43","9,31","63,25","81,30","5,94","7,16","270,05","3,08","25855,52","787,39","35,08","8,34"
05770,"      Minden-Lübbecke, Kreis",2023,320925.0,159143.0,161782.0,72.0,3808.0,3405.0,0.0118657007088883,"104,22","118,66","40,97","2,26","835,28","65,62","79,86","5,94","7,16","278,48","3,26","29715,25","787,39","37,11","9,34"
05774,"      Paderborn, Kreis",2015,304332.0,152549.0,151783.0,49.0,2615.0,2695.0,0.0085925896718057,"114,49","85,93","40,31","-2,25","9,07","49,86","74,63","5,68","5,85","244,09","2,32","21814,72","807,30","33,69","7,83"
05774,"      Paderborn, Kreis",2017,305362.0,152796.0,152566.0,51.0,2655.0,2984.0,0.0086945985420582,"116,20","86,95","43,01","-2,44","9,07","54,04","76,93","5,65","5,85","244,92","2,30","23613,15","807,30","34,17","8,24"
05774,"      Paderborn, Kreis",2019,307839.0,154132.0,153707.0,53.0,2567.0,3018.0,0.0083387744892622,"121,01","83,39","37,67","-3,08","9,28","57,64","78,94","5,38","5,85","246,90","2,24","23423,25","823,10","36,61","7,37"
05774,"      Paderborn, Kreis",2021,309380.0,154965.0,154415.0,59.0,2653.0,2977.0,0.008575214946021,"119,08","85,75","34,20","-3,25","8,17","60,69","80,56","5,40","5,85","248,14","2,32","25493,31","809,90","36,85","6,88"
05774,"      Paderborn, Kreis",2023,315606.0,158104.0,157502.0,62.0,2641.0,3063.0,0.00836802849122,"120,92","83,68","30,78","-1,92","731,64","63,85","80,82","5,40","5,85","253,13","2,48","29347,26","809,90","39,39","7,60"
05911,"      Bochum, kreisfreie Stadt",2015,364742.0,177427.0,187315.0,42.0,3543.0,3332.0,0.0097137154481798,"97,23","97,14","76,97","3,69","12,33","42,99","72,24","5,48","8,47","2504,06","3,60","21588,91","700,58","49,44","14,32"
05911,"      Bochum, kreisfreie Stadt",2017,365529.0,178122.0,187407.0,41.0,3629.0,3234.0,0.0099280768420563,"93,90","99,28","59,49","2,63","12,46","46,38","73,86","5,41","8,47","2509,47","3,31","23110,18","700,58","52,69","15,64"
05911,"      Bochum, kreisfreie Stadt",2019,365587.0,178131.0,187456.0,46.0,3379.0,3289.0,0.0092426700074127,"99,16","92,43","48,88","3,11","12,68","50,71","75,50","5,52","8,47","2509,87","3,28","22782,61","688,49","50,97","14,86"
05911,"      Bochum, kreisfreie Stadt",2021,363441.0,177516.0,185925.0,49.0,3501.0,3186.0,0.0096329252891115,"98,30","96,33","48,47","4,42","11,49","54,17","77,57","5,91","8,47","2495,13","3,57","24640,31","667,17","49,76","14,05"
05911,"      Bochum, kreisfreie Stadt",2023,357024.0,175323.0,181701.0,53.0,3637.0,3277.0,0.0101869902303486,"93,42","101,87","41,96","4,79","1125,54","58,75","79,76","5,91","8,47","2451,08","3,28","28640,08","667,17","50,54","14,37"
05913,"      Dortmund, kreisfreie Stadt",2015,586181.0,287846.0,298335.0,69.0,5855.0,4917.0,0.0099883824279531,"92,27","99,88","71,33","11,15","14,30","42,68","71,63","5,13","7,10","2088,21","3,46","21288,14","760,09","45,76","18,10"
05913,"      Dortmund, kreisfreie Stadt",2017,586600.0,288076.0,298524.0,72.0,5669.0,4966.0,0.0096641663825434,"90,42","96,64","58,09","10,85","14,44","46,48","73,99","5,18","7,10","2089,70","3,36","22750,60","760,09","48,03","18,50"
05913,"      Dortmund, kreisfreie Stadt",2019,588250.0,289339.0,298911.0,74.0,5643.0,5201.0,0.0095928601784955,"94,36","95,93","47,07","12,43","14,33","50,71","75,78","5,38","7,10","2095,58","3,27","22458,19","737,62","47,91","17,74"
05913,"      Dortmund, kreisfreie Stadt",2021,586852.0,288580.0,298272.0,77.0,5700.0,5345.0,0.0097128407162282,"97,59","97,13","45,77","11,89","12,73","53,95","77,19","5,53","7,10","2090,60","3,61","24222,23","723,39","47,74","17,72"
05913,"      Dortmund, kreisfreie Stadt",2023,601343.0,296371.0,304972.0,83.0,5846.0,5388.0,0.0097215732119605,"97,47","97,22","47,57","13,38","1197,83","56,46","76,61","5,53","7,10","2142,22","3,48","28131,37","723,39","48,62","17,96"
05914,"      Hagen, kreisfreie Stadt",2015,189044.0,92207.0,96837.0,26.0,2193.0,1938.0,0.0116004739637333,"92,95","116,00","55,51","6,10","15,58","46,72","73,40","6,24","8,17","1178,21","3,65","21370,93","734,04","41,12","16,92"
05914,"      Hagen, kreisfreie Stadt",2017,187730.0,91443.0,96287.0,25.0,2148.0,1882.0,0.0114419645235178,"90,83","114,42","46,21","4,14","15,86","50,36","76,20","6,02","8,17","1170,02","3,71","22826,64","734,04","41,93","18,51"
05914,"      Hagen, kreisfreie Stadt",2019,188686.0,92214.0,96472.0,28.0,2250.0,2004.0,0.011924573100283,"91,93","119,25","47,65","2,17","16,69","54,14","77,23","6,09","8,17","1175,98","4,12","22403,90","729,22","41,86","17,11"
05914,"      Hagen, kreisfreie Stadt",2021,188713.0,92373.0,96340.0,32.0,2167.0,2083.0,0.0114830456831272,"99,62","114,83","46,68","1,20","15,55","56,58","78,56","5,96","8,17","1176,15","4,17","24106,89","734,29","41,26","17,36"
05914,"      Hagen, kreisfreie Stadt",2023,190640.0,93791.0,96849.0,31.0,2166.0,1969.0,0.0113617289131347,"95,77","113,62","50,24","-2,80","1485,95","59,17","77,84","5,96","8,17","1188,16","3,68","27999,47","734,29","46,94","17,22"
05915,"      Hamm, kreisfreie Stadt",2015,179397.0,88166.0,91231.0,30.0,1968.0,1891.0,0.0109700831117577,"105,29","109,70","66,40","-8,02","14,30","41,93","70,90","5,07","9,73","792,28","3,12","20320,51","755,26","38,15","15,44"
05915,"      Hamm, kreisfreie Stadt",2017,179185.0,88012.0,91173.0,35.0,1996.0,2000.0,0.0111393252783436,"106,67","111,39","56,53","-8,03","14,90","45,03","72,55","5,22","9,73","791,35","3,24","21848,46","755,26","38,56","14,27"
05915,"      Hamm, kreisfreie Stadt",2019,179916.0,88554.0,91362.0,36.0,1939.0,1951.0,0.0107772516063051,"106,67","107,77","48,06","-8,23","14,89","48,96","74,32","5,18","9,73","794,54","3,40","21811,05","750,43","37,98","12,24"
05915,"      Hamm, kreisfreie Stadt",2021,179238.0,88334.0,90904.0,36.0,1967.0,1876.0,0.0109742353741952,"107,08","109,74","44,57","-7,92","13,09","52,44","75,86","4,84","9,73","791,58","3,55","23605,15","782,70","38,25","11,44"
05915,"      Hamm, kreisfreie Stadt",2023,179380.0,88496.0,90884.0,34.0,1867.0,1923.0,0.0104080722488571,"107,49","104,08","45,56","-10,98","1241,46","56,36","76,98","4,84","9,73","791,41","3,43","27426,33","782,70","41,98","11,70"
05916,"      Herne, kreisfreie Stadt",2015,155851.0,75940.0,79911.0,27.0,1809.0,1570.0,0.011607240248699,"89,56","116,07","41,72","-13,14","17,07","39,75","68,80","5,26","10,30","3030,94","3,81","20013,99","761,51","45,97","17,53"
05916,"      Herne, kreisfreie Stadt",2017,156490.0,76665.0,79825.0,29.0,1834.0,1582.0,0.0117195986964023,"90,92","117,20","37,31","-15,52","17,85","43,04","70,15","5,16","10,30","3043,37","4,23","21575,82","761,51","45,76","19,14"
05916,"      Herne, kreisfreie Stadt",2019,156449.0,76795.0,79654.0,30.0,1725.0,1690.0,0.0110259573407308,"97,97","110,26","31,22","-16,67","18,26","47,25","71,95","5,37","10,30","3042,57","3,78","21507,82","742,34","44,79","18,39"
05916,"      Herne, kreisfreie Stadt",2021,156621.0,76846.0,79775.0,32.0,1933.0,1763.0,0.0123418954035538,"96,44","123,42","32,70","-14,04","16,82","50,41","73,01","5,54","10,30","3045,92","4,53","23199,11","736,17","42,40","17,70"
05916,"      Herne, kreisfreie Stadt",2023,156154.0,76584.0,79570.0,36.0,2083.0,1855.0,0.0133393957247332,"94,45","133,39","36,03","-18,21","1574,47","55,76","74,64","5,54","10,30","3036,83","4,03","26899,51","736,17","47,29","18,30"
05954,      Ennepe-Ruhr-Kreis,2015,325954.0,158312.0,167642.0,49.0,3963.0,3494.0,0.0121581572859974,"97,22","121,58","58,67","-13,82","10,89","47,97","76,02","5,40","6,62","795,71","3,45","23845,59","774,41","37,90","10,10"
05954,      Ennepe-Ruhr-Kreis,2017,324670.0,157613.0,167057.0,48.0,3835.0,3456.0,0.0118119937166969,"95,65","118,12","43,34","-13,68","10,95","51,53","77,33","5,57","6,62","792,57","3,23","25468,33","774,41","38,70","10,87"
05954,      Ennepe-Ruhr-Kreis,2019,324106.0,157395.0,166711.0,55.0,3549.0,3592.0,0.0109501212566259,"102,45","109,50","41,07","-13,20","11,13","55,87","79,51","5,69","6,62","791,20","3,42","25078,03","752,86","38,47","10,04"
05954,      Ennepe-Ruhr-Kreis,2021,322143.0,156443.0,165700.0,60.0,3739.0,3553.0,0.0116066467376289,"102,66","116,07","41,84","-14,62","10,03","58,90","81,19","5,71","6,62","786,41","3,48","26997,46","730,90","37,10","9,77"
05954,      Ennepe-Ruhr-Kreis,2023,315069.0,152548.0,162521.0,66.0,3700.0,3403.0,0.0117434593692175,"97,76","117,43","37,46","-16,19","968,68","63,86","83,54","5,71","6,62","769,14","3,86","31187,60","730,90","45,30","10,76"
05958,      Hochsauerlandkreis,2015,263762.0,131764.0,131998.0,39.0,2788.0,2790.0,0.0105701351976402,"110,41","105,70","41,64","-1,90","10,24","49,40","79,67","5,90","8,16","134,56","2,98","22547,75","840,45","32,48","6,14"
05958,      Hochsauerlandkreis,2017,261591.0,130419.0,131172.0,51.0,2757.0,2860.0,0.0105393534181221,"110,81","105,39","40,79","-1,05","10,10","53,44","81,44","5,85","8,16","133,45","2,93","24317,49","840,45","33,43","6,37"
05958,      Hochsauerlandkreis,2019,259777.0,129719.0,130058.0,53.0,2699.0,3001.0,0.0103896803797102,"118,10","103,90","35,05","-0,89","10,08","57,71","84,25","5,99","8,16","132,53","2,99","24017,48","827,32","33,71","5,75"
05958,      Hochsauerlandkreis,2021,258615.0,129177.0,129438.0,61.0,2775.0,3160.0,0.0107302360651934,"124,56","107,30","36,31","-0,62","8,82","60,71","85,36","5,92","8,16","131,93","3,33","26205,55","815,82","32,68","5,35"
05958,      Hochsauerlandkreis,2023,261193.0,130348.0,130845.0,60.0,2744.0,3030.0,0.0105056414222433,"117,26","105,06","34,18","-0,57","815,27","64,48","85,86","5,92","8,16","133,25","3,34","30220,32","815,82","39,54","6,27"
05962,      Märkischer Kreis,2015,416171.0,204987.0,211184.0,67.0,4629.0,4247.0,0.0111228317206148,"100,07","111,23","43,60","-1,18","12,81","50,48","76,71","5,68","6,42","392,22","3,29","23210,25","812,95","35,72","9,33"
05962,      Märkischer Kreis,2017,413383.0,203503.0,209880.0,72.0,4565.0,4273.0,0.0110430278942288,"98,75","110,43","38,29","-0,61","12,78","54,03","78,12","5,67","6,42","389,59","3,24","24771,79","812,95","35,85","9,93"
05962,      Märkischer Kreis,2019,410222.0,201975.0,208247.0,74.0,4531.0,4390.0,0.0110452389194143,"99,98","110,45","38,22","-0,60","12,83","57,32","79,95","5,64","6,42","386,61","3,42","24243,16","814,34","35,89","9,49"
05962,      Märkischer Kreis,2021,406793.0,200171.0,206622.0,76.0,4569.0,4410.0,0.0112317566919784,"100,41","112,32","43,22","-1,50","11,61","59,67","80,66","5,67","6,42","383,37","3,67","26328,25","812,37","35,95","9,03"
05962,      Märkischer Kreis,2023,408899.0,201265.0,207634.0,76.0,4463.0,4455.0,0.0109146757512246,"104,26","109,15","40,53","-2,89","1073,35","62,32","80,67","5,67","6,42","385,36","3,65","30365,81","812,37","41,02","9,86"
05966,"      Olpe, Kreis",2015,136365.0,68624.0,67741.0,27.0,1228.0,1494.0,0.0090052432809005,"126,29","90,05","45,25","0,37","8,79","49,40","78,93","6,23","6,42","191,49","2,61","23825,31","861,39","27,73","4,87"
05966,"      Olpe, Kreis",2017,134808.0,67521.0,67287.0,28.0,1245.0,1441.0,0.0092353569521096,"117,92","92,35","52,36","1,64","8,51","53,23","81,83","6,12","6,42","189,30","2,45","25808,57","861,39","30,26","5,33"
05966,"      Olpe, Kreis",2019,133955.0,67146.0,66809.0,28.0,1191.0,1539.0,0.0088910455003545,"130,76","88,91","37,22","3,84","8,57","57,04","84,37","5,95","6,42","188,10","2,65","25483,10","861,45","31,43","4,45"
05966,"      Olpe, Kreis",2021,133120.0,66636.0,66484.0,31.0,1185.0,1707.0,0.0089017427884615,"143,20","89,02","40,04","4,13","7,50","60,19","85,27","5,84","6,42","186,94","3,11","27690,37","849,25","30,54","4,10"
05966,"      Olpe, Kreis",2023,132426.0,66513.0,65913.0,31.0,1220.0,1702.0,0.0092126923715886,"139,62","92,13","34,91","3,92","696,22","64,48","87,11","5,84","6,42","185,96","3,04","31845,18","849,25","36,75","5,22"
05970,"      Siegen-Wittgenstein, Kreis",2015,280800.0,139626.0,141174.0,39.0,2157.0,2249.0,0.0076816239316239,"110,79","76,82","43,44","3,87","9,27","49,28","75,89","5,87","7,60","247,86","3,07","22988,56","797,07","34,01","6,84"
05970,"      Siegen-Wittgenstein, Kreis",2017,277977.0,138101.0,139876.0,45.0,2152.0,2346.0,0.0077416476902765,"111,82","77,42","37,37","4,19","9,28","53,43","79,02","5,82","7,60","245,37","2,99","24652,25","797,07","36,05","7,87"
05970,"      Siegen-Wittgenstein, Kreis",2019,276944.0,137591.0,139353.0,47.0,2116.0,2448.0,0.0076405338263331,"117,07","76,41","37,75","4,54","9,58","57,27","81,19","5,79","7,60","244,46","3,03","24246,82","786,77","36,94","7,50"
05970,"      Siegen-Wittgenstein, Kreis",2021,274342.0,136324.0,138018.0,54.0,2234.0,2665.0,0.0081431206304539,"122,75","81,43","37,79","3,74","8,69","59,90","82,54","5,56","7,60","242,16","3,45","26177,78","795,77","36,16","7,48"
05970,"      Siegen-Wittgenstein, Kreis",2023,274379.0,136640.0,137739.0,53.0,2281.0,2633.0,0.0083133184390933,"120,61","83,13","35,00","3,03","802,49","63,91","82,82","5,56","7,60","242,19","3,07","30127,46","795,77","40,54","8,39"
05974,"      Soest, Kreis",2015,302995.0,151061.0,151934.0,61.0,4065.0,3529.0,0.0134160629713361,"103,58","134,16","47,39","-6,26","10,57","49,20","78,94","5,92","6,81","228,05","3,13","22255,24","793,93","32,40","7,17"
05974,"      Soest, Kreis",2017,301693.0,149877.0,151816.0,62.0,3960.0,3378.0,0.0131259260241371,"95,64","131,26","44,30","-7,27","10,31","52,90","80,82","5,75","6,81","227,07","3,00","24173,38","793,93","32,16","7,59"
05974,"      Soest, Kreis",2019,301785.0,149882.0,151903.0,64.0,3671.0,3614.0,0.0121642891462465,"107,30","121,64","38,76","-7,79","10,10","57,15","83,17","5,57","6,81","227,14","2,96","23903,66","793,13","36,15","7,02"
05974,"      Soest, Kreis",2021,302298.0,150239.0,152059.0,62.0,3517.0,3619.0,0.01163421524456,"111,84","116,34","40,83","-8,52","8,72","59,90","84,09","5,62","6,81","227,53","3,15","26233,37","797,09","35,29","6,43"
05974,"      Soest, Kreis",2023,300347.0,149257.0,151090.0,61.0,3430.0,3362.0,0.0114201240565079,"106,56","114,20","31,83","-9,68","784,04","64,69","85,91","5,62","6,81","226,06","3,24","30318,03","797,09","39,47","7,17"
05978,"      Unna, Kreis",2015,396035.0,193438.0,202597.0,53.0,4176.0,3937.0,0.0105445225800749,"102,10","105,45","56,98","-15,91","11,51","42,80","75,09","5,45","5,88","729,06","3,33","21556,26","790,64","34,22","12,16"
05978,"      Unna, Kreis",2017,393934.0,191739.0,202195.0,63.0,4160.0,3944.0,0.010560144592749,"98,23","105,60","55,79","-13,78","11,68","46,51","77,00","5,46","5,88","725,20","3,17","23375,67","790,64","34,06","12,37"
05978,"      Unna, Kreis",2019,394891.0,192351.0,202540.0,66.0,4030.0,4087.0,0.0102053478048372,"103,00","102,05","47,85","-12,34","11,81","51,13","79,06","5,37","5,88","726,96","3,28","23108,92","789,78","36,38","11,14"
05978,"      Unna, Kreis",2021,393063.0,191554.0,201509.0,70.0,4115.0,4200.0,0.0104690596672798,"106,76","104,69","51,20","-14,38","10,46","54,44","80,99","5,53","5,88","723,59","3,63","25218,45","776,04","35,69","10,21"
05978,"      Unna, Kreis",2023,396283.0,194124.0,202159.0,77.0,4321.0,4300.0,0.0109038237824988,"102,58","109,04","42,22","-14,24","970,09","58,83","81,31","5,53","5,88","729,52","3,64","29324,51","776,04","40,75","10,73"
06411,"      Darmstadt, kreisfreie Stadt, Wissenschaftsstadt",2015,155353.0,78915.0,76438.0,16.0,1250.0,1032.0,0.0080461915766029,"91,41","80,46","69,08","41,59","8,97","47,72","73,56","6,85","9,70","1272,45","2,29","24555,13","468,21","44,64","10,48"
06411,"      Darmstadt, kreisfreie Stadt, Wissenschaftsstadt",2017,158254.0,80565.0,77689.0,16.0,1153.0,1101.0,0.0072857558102796,"99,91","72,86","70,58","40,00","8,88","52,10","75,66","6,70","9,70","1296,42","2,17","25995,55","468,21","45,13","11,05"
06411,"      Darmstadt, kreisfreie Stadt, Wissenschaftsstadt",2019,159878.0,81439.0,78439.0,16.0,1165.0,1103.0,0.0072868061897196,"99,28","72,87","58,95","39,38","8,64","55,64","76,79","6,87","9,70","1309,72","2,19","25288,64","476,89","46,40","10,01"
06411,"      Darmstadt, kreisfreie Stadt, Wissenschaftsstadt",2021,159631.0,81251.0,78380.0,17.0,1133.0,1066.0,0.0070976188835501,"96,65","70,98","74,86","39,82","7,64","58,74","77,66","6,69","9,70","1307,70","2,36","27104,86","475,08","45,42","9,93"
06411,"      Darmstadt, kreisfreie Stadt, Wissenschaftsstadt",2023,164832.0,84107.0,80725.0,21.0,1176.0,1229.0,0.00713453698311,"106,41","71,35","57,90","39,28","682,02","61,15","75,34","6,69","9,70","1350,31","2,16","31153,98","475,08","49,07","9,86"
06412,"      Frankfurt am Main, kreisfreie Stadt",2015,732688.0,362515.0,370173.0,59.0,4986.0,4172.0,0.0068050793789443,"95,14","68,05","67,35","49,04","10,90","46,25","69,90","6,29","6,83","2950,70","2,19","25552,54","575,52","50,83","11,97"
06412,"      Frankfurt am Main, kreisfreie Stadt",2017,746878.0,368721.0,378157.0,59.0,4941.0,4230.0,0.006615538280683,"95,03","66,16","70,19","47,34","10,58","50,30","71,73","6,09","6,83","3007,85","2,22","27138,13","575,52","51,70","11,55"
06412,"      Frankfurt am Main, kreisfreie Stadt",2019,763380.0,376802.0,386578.0,58.0,4905.0,4421.0,0.0064253713746757,"96,32","64,25","68,01","47,57","10,76","53,82","72,68","5,91","6,83","3074,30","2,15","26540,29","587,89","51,67","9,77"
06412,"      Frankfurt am Main, kreisfreie Stadt",2021,759224.0,374525.0,384699.0,65.0,5139.0,4364.0,0.0067687533586925,"99,59","67,69","64,48","46,84","9,66","56,06","75,41","6,00","6,83","3057,57","2,30","28435,30","574,95","51,37","10,07"
06412,"      Frankfurt am Main, kreisfreie Stadt",2023,749596.0,367937.0,381659.0,61.0,4941.0,4110.0,0.006591550648616,"93,03","65,92","64,53","46,94","922,48","61,52","76,94","6,00","6,83","3018,79","2,30","32741,92","574,95","53,05","10,22"
06413,"      Offenbach am Main, kreisfreie Stadt",2015,123734.0,61609.0,62125.0,12.0,962.0,744.0,0.0077747425929817,"87,53","77,75","52,13","-1,35","18,01","48,03","72,46","6,55","8,50","2756,38","2,39","21222,45","550,69","39,72","19,14"
06413,"      Offenbach am Main, kreisfreie Stadt",2017,126658.0,62566.0,64092.0,11.0,935.0,736.0,0.0073820840373288,"83,45","73,82","48,85","-7,81","17,42","52,63","73,86","6,43","8,50","2822,15","2,40","22515,99","550,69","40,33","16,73"
06413,"      Offenbach am Main, kreisfreie Stadt",2019,130280.0,64603.0,65677.0,11.0,962.0,749.0,0.0073840957936751,"83,04","73,84","65,37","-14,21","17,24","57,10","75,58","6,20","8,50","2902,85","2,83","22010,62","567,67","41,37","13,86"
06413,"      Offenbach am Main, kreisfreie Stadt",2021,131295.0,65222.0,66073.0,11.0,965.0,792.0,0.007349861000038,"88,79","73,50","70,16","-18,79","14,82","59,26","77,71","6,15","8,50","2925,47","2,80","23559,10","566,54","39,48","13,15"
06413,"      Offenbach am Main, kreisfreie Stadt",2023,131845.0,66164.0,65681.0,11.0,965.0,758.0,0.0073192005764344,"80,98","73,19","67,70","-22,76","1384,03","63,74","78,35","6,15","8,50","2937,72","2,43","27182,12","566,54","49,93","12,67"
06414,"      Wiesbaden, kreisfreie Stadt, Landeshauptstadt",2015,276218.0,131901.0,144317.0,30.0,2486.0,1873.0,0.009000137572497,"85,53","90,00","45,40","20,62","16,01","48,49","76,53","6,91","6,56","1354,47","2,80","25142,77","501,18","48,87","14,26"
06414,"      Wiesbaden, kreisfreie Stadt, Landeshauptstadt",2017,278654.0,133148.0,145506.0,31.0,2420.0,1859.0,0.0086846052811012,"83,81","86,85","42,76","20,40","16,66","51,96","77,80","6,75","6,56","1366,82","2,69","26670,55","501,18","50,53","14,35"
06414,"      Wiesbaden, kreisfreie Stadt, Landeshauptstadt",2019,278474.0,133104.0,145370.0,33.0,2369.0,2087.0,0.0085070778600515,"96,93","85,07","41,74","20,06","17,09","55,46","79,63","6,82","6,56","1365,94","2,48","26092,55","502,66","52,95","13,10"
06414,"      Wiesbaden, kreisfreie Stadt, Landeshauptstadt",2021,278950.0,133538.0,145412.0,41.0,2471.0,2138.0,0.0088582183186951,"98,98","88,58","43,29","20,77","14,70","57,96","79,91","6,71","6,56","1368,27","2,46","27941,24","500,36","52,90","12,88"
06414,"      Wiesbaden, kreisfreie Stadt, Landeshauptstadt",2023,287241.0,139023.0,148218.0,37.0,2500.0,2107.0,0.0087034928857649,"94,23","87,03","42,98","21,92","1299,38","60,49","78,28","6,71","6,56","1408,94","2,69","32194,11","500,36","50,11","13,09"
06431,"      Bergstraße, Landkreis",2015,266928.0,131828.0,135100.0,38.0,2796.0,2110.0,0.0104747347599352,"85,25","104,75","58,32","-43,19","8,90","47,50","77,66","5,98","3,15","370,98","2,87","23884,11","813,25","34,63","6,43"
06431,"      Bergstraße, Landkreis",2017,268780.0,132830.0,135950.0,38.0,2930.0,2276.0,0.0109011087134459,"87,37","109,01","53,58","-41,75","8,83","51,23","79,36","5,93","3,15","373,58","2,64","25316,61","813,25","36,27","6,99"
06431,"      Bergstraße, Landkreis",2019,270340.0,133608.0,136732.0,44.0,3177.0,2554.0,0.0117518680180513,"92,44","117,52","52,75","-40,32","8,80","54,72","80,93","5,92","3,15","375,75","2,90","24894,73","809,40","37,31","6,36"
06431,"      Bergstraße, Landkreis",2021,271166.0,133915.0,137251.0,54.0,3221.0,2705.0,0.011878332829337,"95,15","118,78","46,26","-40,52","7,84","57,64","82,00","6,03","3,15","376,90","3,30","27017,75","795,21","37,55","6,13"
06431,"      Bergstraße, Landkreis",2023,274484.0,135697.0,138787.0,55.0,3028.0,2806.0,0.011031608399761,"100,00","110,32","42,34","-41,80","715,59","61,70","81,84","6,03","3,15","381,51","2,89","31179,61","795,21","37,40","6,82"
06432,"      Darmstadt-Dieburg, Landkreis",2015,292773.0,145418.0,147355.0,35.0,2271.0,1746.0,0.0077568628254654,"88,27","77,57","45,90","-59,11","8,45","48,47","78,19","5,00","1,40","444,50","2,45","24105,87","949,63","31,33","6,46"
06432,"      Darmstadt-Dieburg, Landkreis",2017,296048.0,147134.0,148914.0,31.0,2172.0,1869.0,0.0073366481111171,"91,48","73,37","48,02","-56,05","8,58","52,41","80,15","5,14","1,40","449,48","2,51","25533,35","949,63","32,47","6,92"
06432,"      Darmstadt-Dieburg, Landkreis",2019,297844.0,148046.0,149798.0,35.0,2158.0,1964.0,0.0072454036341171,"96,09","72,45","44,52","-56,24","8,42","56,20","82,20","5,12","1,40","452,21","2,38","25062,08","941,06","33,22","6,03"
06432,"      Darmstadt-Dieburg, Landkreis",2021,296900.0,147308.0,149592.0,37.0,2227.0,2026.0,0.007500842034355,"97,92","75,01","39,30","-53,28","7,46","59,40","83,52","5,11","1,40","450,78","2,69","27246,47","950,08","32,80","5,83"
06432,"      Darmstadt-Dieburg, Landkreis",2023,302263.0,149693.0,152570.0,43.0,2133.0,1865.0,0.0070567684433754,"94,43","70,57","34,41","-52,05","670,03","62,36","81,60","5,11","1,40","458,92","2,49","31366,57","950,08","35,79","6,49"
06433,"      Groß-Gerau, Landkreis",2015,266042.0,132655.0,133387.0,23.0,1856.0,1638.0,0.0069763420813255,"93,98","69,76","40,93","-13,95","9,50","48,88","74,85","5,50","3,07","587,24","2,40","22678,93","886,94","34,61","9,84"
06433,"      Groß-Gerau, Landkreis",2017,271403.0,135459.0,135944.0,24.0,1953.0,1737.0,0.0071959410912922,"97,69","71,96","41,60","-11,31","9,51","53,14","76,43","5,31","3,07","599,08","2,37","23968,92","886,94","35,50","9,60"
06433,"      Groß-Gerau, Landkreis",2019,275726.0,138083.0,137643.0,25.0,1971.0,1796.0,0.0071484009487679,"96,51","71,48","40,57","-13,38","9,76","56,92","77,18","5,44","3,07","608,63","2,22","23479,69","871,86","37,06","8,19"
06433,"      Groß-Gerau, Landkreis",2021,276307.0,138390.0,137917.0,26.0,1969.0,1950.0,0.0071261314407524,"104,39","71,26","41,91","-14,91","8,77","59,07","78,56","5,58","3,07","609,91","2,59","25119,36","841,12","36,07","8,29"
06433,"      Groß-Gerau, Landkreis",2023,267920.0,134112.0,133808.0,27.0,1980.0,1875.0,0.0073902657509704,"100,00","73,90","35,86","-15,26","879,13","64,61","80,59","5,58","3,07","591,40","2,60","28858,53","841,12","40,28","8,89"
06434,      Hochtaunuskreis,2015,233427.0,112797.0,120630.0,30.0,2454.0,1849.0,0.010512922669614,"81,81","105,13","39,90","7,06","7,17","49,17","75,21","5,87","5,24","484,27","1,98","32321,94","690,55","35,33","5,25"
06434,      Hochtaunuskreis,2017,235995.0,114460.0,121535.0,32.0,2669.0,1897.0,0.0113095616432551,"78,65","113,10","35,62","7,24","7,09","52,74","76,14","5,69","5,24","489,78","2,10","34191,95","690,55","37,24","6,18"
06434,      Hochtaunuskreis,2019,236914.0,115143.0,121771.0,33.0,2697.0,2132.0,0.0113838776940155,"86,00","113,84","33,94","9,01","7,06","56,42","77,48","5,77","5,24","491,69","2,29","33364,85","691,22","37,92","5,68"
06434,      Hochtaunuskreis,2021,237041.0,114959.0,122082.0,31.0,2517.0,2017.0,0.0106184162233537,"89,33","106,18","29,51","7,52","6,20","59,17","78,03","5,77","5,24","491,95","2,29","35163,46","687,57","37,44","5,79"
06434,      Hochtaunuskreis,2023,240622.0,116709.0,123913.0,33.0,2507.0,2043.0,0.0104188311958175,"92,36","104,19","30,16","8,34","553,86","62,29","77,72","5,77","5,24","499,38","2,29","40684,59","687,57","40,11","6,44"
06435,      Main-Kinzig-Kreis,2015,411956.0,202592.0,209364.0,51.0,3476.0,3103.0,0.0084377943275495,"96,91","84,38","44,84","-24,71","10,02","47,40","76,05","6,17","4,07","294,77","2,55","23015,03","858,30","33,18","7,30"
06435,      Main-Kinzig-Kreis,2017,418208.0,206318.0,211890.0,58.0,3524.0,3184.0,0.0084264289540133,"94,93","84,26","41,94","-21,78","10,16","50,96","77,46","6,15","4,07","299,29","2,45","24426,05","858,30","36,74","7,83"
06435,      Main-Kinzig-Kreis,2019,420552.0,207433.0,213119.0,63.0,3642.0,3356.0,0.00866004679564,"96,85","86,60","42,89","-21,36","9,96","54,77","78,96","5,99","4,07","300,97","2,54","23909,83","876,61","37,19","7,14"
06435,      Main-Kinzig-Kreis,2021,423465.0,208904.0,214561.0,67.0,3969.0,3826.0,0.0093726754277213,"104,31","93,73","45,50","-22,24","8,77","57,44","79,81","5,86","4,07","303,06","2,91","25911,13","855,48","36,03","7,09"
06435,      Main-Kinzig-Kreis,2023,419055.0,206925.0,212130.0,79.0,4023.0,3998.0,0.0096001718151555,"106,19","96,00","50,77","-23,83","832,88","62,19","81,74","5,86","4,07","299,90","2,89","29897,98","855,48","39,78","7,86"
06436,      Main-Taunus-Kreis,2015,232848.0,113592.0,119256.0,24.0,1671.0,1293.0,0.0071763553906411,"88,99","71,76","45,14","3,34","7,08","50,91","79,22","5,67","2,69","1047,03","2,33","28871,43","813,63","34,39","5,55"
06436,      Main-Taunus-Kreis,2017,236969.0,115893.0,121076.0,23.0,1637.0,1285.0,0.0069080765838569,"84,54","69,08","42,18","4,43","7,23","55,21","79,01","5,53","2,69","1064,89","2,19","30210,94","813,63","35,84","6,03"
06436,      Main-Taunus-Kreis,2019,238558.0,116820.0,121738.0,24.0,1618.0,1338.0,0.0067824176929719,"89,80","67,82","46,21","4,57","7,29","59,25","80,83","5,53","2,69","1072,03","2,12","29471,06","808,67","35,96","5,31"
06436,      Main-Taunus-Kreis,2021,239276.0,117236.0,122040.0,24.0,1607.0,1279.0,0.0067160935488724,"90,45","67,16","49,93","5,92","6,59","62,19","81,80","5,51","2,69","1075,25","2,23","31324,24","785,80","34,46","5,46"
06436,      Main-Taunus-Kreis,2023,238593.0,117117.0,121476.0,25.0,1567.0,1289.0,0.0065676696298717,"86,57","65,68","45,43","6,75","609,57","66,30","83,08","5,51","2,69","1072,18","2,33","35996,35","785,80","39,97","6,25"
06437,      Odenwaldkreis,2015,97000.0,48140.0,48860.0,25.0,1301.0,1086.0,0.0134123711340206,"92,90","134,12","59,94","-36,27","9,84","45,97","77,54","5,93","5,02","155,45","2,75","21352,74","907,01","32,22","7,49"
06437,      Odenwaldkreis,2017,96597.0,47757.0,48840.0,25.0,1336.0,1136.0,0.0138306572667888,"90,66","138,31","55,91","-34,05","9,88","49,84","79,28","5,95","5,02","154,81","3,07","20715,32","907,01","33,84","7,29"
06437,      Odenwaldkreis,2019,96703.0,47855.0,48848.0,25.0,1322.0,1172.0,0.0136707237624479,"92,79","136,71","47,54","-35,57","9,95","53,36","80,87","6,20","5,02","154,98","3,11","22756,50","895,40","34,52","6,38"
06437,      Odenwaldkreis,2021,96953.0,47911.0,49042.0,29.0,1405.0,1233.0,0.0144915577651026,"95,07","144,92","41,60","-33,49","8,86","56,30","80,98","6,58","5,02","155,38","3,40","24838,20","852,33","34,63","6,46"
06437,      Odenwaldkreis,2023,94246.0,46584.0,47662.0,29.0,1334.0,1225.0,0.0141544468730768,"96,84","141,54","42,84","-35,68","856,88","61,02","83,82","6,58","5,02","151,04","3,25","28584,96","852,33","37,15","7,11"
06438,"      Offenbach, Landkreis",2015,347357.0,171164.0,176193.0,26.0,2514.0,1895.0,0.0072375106878514,"83,41","72,38","38,28","-15,08","9,11","49,93","77,28","5,64","2,06","974,90","2,50","25349,91","843,89","37,84","8,32"
06438,"      Offenbach, Landkreis",2017,351692.0,173204.0,178488.0,28.0,2519.0,2140.0,0.0071625172025522,"88,80","71,63","38,92","-12,89","9,16","54,32","78,40","5,62","2,06","987,23","2,49","26604,55","843,89","39,45","8,11"
06438,"      Offenbach, Landkreis",2019,355813.0,175379.0,180434.0,31.0,2742.0,2297.0,0.0077062951606602,"91,08","77,06","38,73","-11,66","9,28","57,43","79,44","5,41","2,06","998,80","2,26","26066,90","863,62","41,28","7,10"
06438,"      Offenbach, Landkreis",2021,357466.0,176079.0,181387.0,34.0,2893.0,2330.0,0.0080930773835833,"95,49","80,93","40,76","-12,06","8,16","59,99","80,40","5,66","2,06","1003,44","2,47","27839,03","831,80","41,01","7,42"
06438,"      Offenbach, Landkreis",2023,356578.0,175566.0,181012.0,38.0,2843.0,2387.0,0.0079730101127943,"91,63","79,73","44,85","-9,24","770,88","65,15","81,09","5,66","2,06","1000,95","2,32","32287,64","831,80","40,56","7,74"
06439,      Rheingau-Taunus-Kreis,2015,184114.0,90514.0,93600.0,24.0,1694.0,1468.0,0.0092008212303246,"91,98","92,01","38,23","-59,95","7,99","47,28","78,84","5,81","3,34","226,89","2,40","25320,53","858,93","35,30","5,32"
06439,      Rheingau-Taunus-Kreis,2017,186602.0,91778.0,94824.0,23.0,1670.0,1389.0,0.0089495289439555,"85,90","89,50","34,23","-55,13","8,10","51,30","79,28","5,81","3,34","229,97","2,44","26888,06","858,93","37,69","6,49"
06439,      Rheingau-Taunus-Kreis,2019,187160.0,92025.0,95135.0,23.0,1679.0,1549.0,0.0089709339602479,"94,62","89,71","34,03","-57,20","8,10","55,11","81,06","5,76","3,34","230,66","2,49","26414,89","881,79","38,21","6,00"
06439,      Rheingau-Taunus-Kreis,2021,187229.0,91919.0,95310.0,26.0,1755.0,1513.0,0.0093735479012332,"93,28","93,74","33,64","-57,41","6,90","57,65","81,93","5,99","3,34","230,75","2,51","28716,67","854,93","37,51","5,80"
06439,      Rheingau-Taunus-Kreis,2023,186050.0,91084.0,94966.0,27.0,1822.0,1509.0,0.0097930663800053,"86,13","97,93","30,18","-56,81","644,61","61,79","82,75","5,99","3,34","229,30","2,71","33031,98","854,93","39,34","6,80"
06440,      Wetteraukreis,2015,301931.0,149253.0,152678.0,41.0,3417.0,2464.0,0.0113171552440789,"82,00","113,17","39,85","-40,49","9,87","47,40","76,98","6,16","4,26","274,31","2,73","23855,37","830,22","31,90","6,20"
06440,      Wetteraukreis,2017,305312.0,150977.0,154335.0,46.0,3627.0,2693.0,0.0118796509799811,"81,11","118,80","34,90","-39,22","9,77","51,67","78,68","6,21","4,26","277,39","2,92","25650,38","830,22","35,90","6,62"
06440,      Wetteraukreis,2019,308339.0,152469.0,155870.0,48.0,3698.0,2806.0,0.0119932930962349,"82,17","119,93","32,71","-40,80","10,06","55,60","79,84","6,19","4,26","280,14","2,63","25178,84","823,34","36,51","5,91"
06440,      Wetteraukreis,2021,311661.0,154192.0,157469.0,51.0,3727.0,2960.0,0.0119585061974388,"89,94","119,59","32,44","-38,39","8,15","58,23","80,63","6,52","4,26","283,16","2,78","27280,18","799,13","35,67","5,49"
06440,      Wetteraukreis,2023,310705.0,153345.0,157360.0,57.0,4036.0,3376.0,0.0129898134886789,"91,32","129,90","34,05","-40,12","765,42","62,54","81,96","6,52","4,26","282,29","2,91","31502,03","799,13","37,84","6,25"
06531,"      Gießen, Landkreis",2015,262505.0,129534.0,132971.0,32.0,2445.0,1776.0,0.0093141083026989,"84,85","93,14","41,91","-1,00","9,22","46,97","74,35","6,47","8,01","307,14","2,70","21396,08","652,15","39,80","8,40"
06531,"      Gießen, Landkreis",2017,267056.0,131272.0,135784.0,37.0,2598.0,2002.0,0.0097282966868372,"84,22","97,28","45,74","-0,92","8,98","50,29","74,68","6,33","8,01","312,51","2,74","23005,29","652,15","42,51","9,51"
06531,"      Gießen, Landkreis",2019,270688.0,133185.0,137503.0,40.0,2707.0,2170.0,0.0100004433148126,"86,94","100,00","47,55","-1,08","9,18","54,19","75,74","6,48","8,01","316,76","2,60","22608,63","665,90","43,70","9,00"
06531,"      Gießen, Landkreis",2021,272874.0,134692.0,138182.0,42.0,2606.0,2298.0,0.0095501953282467,"98,88","95,50","42,83","-0,44","8,12","56,85","77,10","6,79","8,01","319,32","2,78","24445,51","646,62","43,88","8,80"
06531,"      Gießen, Landkreis",2023,268141.0,131948.0,136193.0,48.0,2620.0,2504.0,0.009770978701504,"100,08","97,71","48,97","-1,03","777,92","61,81","80,39","6,79","8,01","313,78","2,80","28221,92","646,62","44,97","9,70"
06532,      Lahn-Dill-Kreis,2015,253167.0,124914.0,128253.0,51.0,2951.0,2736.0,0.0116563375163429,"103,60","116,56","43,49","-3,92","9,54","46,60","76,95","6,81","6,58","237,37","2,89","22022,73","715,45","38,52","7,95"
06532,      Lahn-Dill-Kreis,2017,254164.0,125332.0,128832.0,51.0,2932.0,2793.0,0.0115358587368785,"102,87","115,36","40,57","-4,34","9,51","49,52","77,79","6,73","6,58","238,36","3,23","23630,26","715,45","37,23","8,81"
06532,      Lahn-Dill-Kreis,2019,253319.0,124903.0,128416.0,54.0,2952.0,3034.0,0.0116532909098804,"111,26","116,53","41,85","-3,50","9,44","53,45","79,95","6,58","6,58","237,57","3,09","23269,31","717,11","36,69","7,86"
06532,      Lahn-Dill-Kreis,2021,253364.0,124887.0,128477.0,59.0,3128.0,3190.0,0.0123458739205254,"118,41","123,46","42,87","-3,20","8,56","55,83","80,58","6,49","6,58","237,61","3,26","25508,34","729,11","37,06","7,71"
06532,      Lahn-Dill-Kreis,2023,254444.0,125728.0,128716.0,64.0,3087.0,3233.0,0.0121323356023329,"114,00","121,32","37,92","-3,65","786,91","59,26","80,42","6,49","6,58","238,62","3,23","29299,90","729,11","37,49","8,64"
06533,"      Limburg-Weilburg, Landkreis",2015,171922.0,85410.0,86512.0,31.0,1710.0,1581.0,0.0099463710287223,"103,67","99,46","40,61","-22,47","10,67","43,23","74,99","6,11","5,68","232,81","2,92","22084,86","764,32","37,29","7,58"
06533,"      Limburg-Weilburg, Landkreis",2017,171971.0,85392.0,86579.0,32.0,1720.0,1512.0,0.0100016863308348,"94,56","100,02","45,27","-20,90","11,04","47,57","76,27","6,03","5,68","232,88","3,04","23989,33","764,32","35,77","8,24"
06533,"      Limburg-Weilburg, Landkreis",2019,171912.0,85419.0,86493.0,37.0,1925.0,1784.0,0.0111975894643771,"103,30","111,98","45,70","-19,57","11,29","51,48","77,98","6,31","5,68","232,80","3,34","23562,48","753,17","35,22","7,05"
06533,"      Limburg-Weilburg, Landkreis",2021,172759.0,85786.0,86973.0,38.0,1951.0,1968.0,0.0112931887774298,"118,13","112,93","30,28","-18,66","9,89","54,51","78,43","6,16","5,68","233,95","3,26","25901,86","764,42","35,33","6,16"
06533,"      Limburg-Weilburg, Landkreis",2023,174281.0,86370.0,87911.0,40.0,1981.0,1749.0,0.0113667009025653,"98,48","113,67","42,96","-19,16","904,12","58,37","79,64","6,16","5,68","236,01","3,09","29972,76","764,42","36,82","7,05"
06534,"      Marburg-Biedenkopf, Landkreis",2015,245241.0,120775.0,124466.0,43.0,2280.0,2132.0,0.0092969772591043,"100,33","92,97","57,82","-1,34","8,13","49,39","74,34","6,51","7,06","194,24","2,60","20972,96","689,06","39,81","5,86"
06534,"      Marburg-Biedenkopf, Landkreis",2017,246165.0,121174.0,124991.0,44.0,2289.0,2216.0,0.0092986411553226,"101,79","92,99","55,15","-1,90","8,04","53,46","74,90","6,59","7,06","195,00","2,53","22609,48","689,06","42,97","6,77"
06534,"      Marburg-Biedenkopf, Landkreis",2019,247084.0,121619.0,125465.0,46.0,2334.0,2339.0,0.0094461802463939,"107,79","94,46","51,21","-2,81","8,05","57,16","76,71","6,41","7,06","195,73","2,67","22183,68","693,57","44,78","6,07"
06534,"      Marburg-Biedenkopf, Landkreis",2021,246097.0,120944.0,125153.0,47.0,2284.0,2294.0,0.0092808933062979,"112,78","92,81","49,91","-2,66","7,19","59,11","77,47","6,27","7,06","194,95","2,64","24040,83","689,83","46,13","5,72"
06534,"      Marburg-Biedenkopf, Landkreis",2023,243093.0,119216.0,123877.0,52.0,2401.0,2385.0,0.0098768783963339,"109,91","98,77","53,86","-1,77","659,53","63,00","80,14","6,27","7,06","192,57","2,74","27955,65","689,83","42,32","6,82"
06535,      Vogelsbergkreis,2015,107256.0,53707.0,53549.0,20.0,1145.0,1011.0,0.0106753934511822,"98,35","106,75","35,33","-28,62","9,00","47,61","78,94","6,43","6,16","73,51","3,25","21000,63","820,43","36,30","4,87"
06535,      Vogelsbergkreis,2017,106451.0,53322.0,53129.0,24.0,1444.0,1142.0,0.0135649265859409,"89,22","135,65","37,48","-29,00","9,27","51,93","81,25","6,34","6,16","72,97","3,38","22885,47","820,43","34,69","5,63"
06535,      Vogelsbergkreis,2019,105643.0,52861.0,52782.0,24.0,1552.0,1233.0,0.0146909875713487,"92,99","146,91","38,88","-28,78","9,70","55,41","83,00","6,18","6,16","72,41","3,21","22501,60","817,35","33,79","4,84"
06535,      Vogelsbergkreis,2021,105671.0,52744.0,52927.0,24.0,1573.0,1228.0,0.0148858248715352,"90,69","148,86","31,28","-27,86","8,22","57,95","82,83","6,01","6,16","72,43","3,69","24640,99","827,17","33,62","4,42"
06535,      Vogelsbergkreis,2023,101494.0,50290.0,51204.0,26.0,1445.0,1187.0,0.014237294815457,"88,98","142,37","30,25","-27,18","822,58","64,00","87,72","6,01","6,16","69,57","3,63","28585,62","827,17","38,08","5,57"
06611,"      Kassel, kreisfreie Stadt, documenta-Stadt",2015,197984.0,96659.0,101325.0,30.0,1810.0,1518.0,0.0091421529012445,"90,46","91,42","64,65","35,96","16,47","45,02","72,59","7,00","12,93","1854,13","2,94","20480,87","452,87","47,94","13,42"
06611,"      Kassel, kreisfreie Stadt, documenta-Stadt",2017,200736.0,98371.0,102365.0,31.0,1892.0,1583.0,0.0094253148413837,"90,25","94,25","57,87","34,76","15,85","49,23","73,88","6,66","12,93","1879,55","2,82","22159,22","452,87","48,83","15,06"
06611,"      Kassel, kreisfreie Stadt, documenta-Stadt",2019,202137.0,99319.0,102818.0,34.0,1884.0,1726.0,0.0093204114041466,"97,18","93,20","53,05","33,89","15,36","52,58","74,95","6,69","12,93","1892,67","2,77","21967,17","451,70","51,22","14,35"
06611,"      Kassel, kreisfreie Stadt, documenta-Stadt",2021,200406.0,98639.0,101767.0,38.0,1822.0,1645.0,0.0090915441653443,"101,54","90,92","61,78","32,75","13,24","55,29","76,33","6,60","12,93","1876,64","2,81","23634,83","451,87","50,42","13,84"
06611,"      Kassel, kreisfreie Stadt, documenta-Stadt",2023,197065.0,95796.0,101269.0,37.0,1794.0,1689.0,0.009103595260447,"101,08","91,04","60,10","32,09","1291,00","59,67","77,38","6,60","12,93","1845,35","3,17","27212,63","451,87","52,85","15,31"
06631,"      Fulda, Landkreis",2015,220132.0,108993.0,111139.0,46.0,2724.0,2556.0,0.0123743935456907,"106,90","123,74","38,03","6,52","7,65","46,04","77,15","6,93","6,71","159,46","2,43","21611,82","713,70","32,00","4,94"
06631,"      Fulda, Landkreis",2017,221783.0,110139.0,111644.0,45.0,2707.0,2695.0,0.0122056244166595,"107,89","122,06","44,25","6,11","7,71","50,13","79,22","6,73","6,71","160,66","2,33","23281,49","713,70","33,74","5,29"
06631,"      Fulda, Landkreis",2019,223145.0,110782.0,112363.0,48.0,2733.0,2912.0,0.0122476416679737,"111,96","122,48","43,91","4,76","7,67","54,02","81,07","6,59","6,71","161,65","2,40","22955,40","715,21","33,52","4,68"
06631,"      Fulda, Landkreis",2021,223572.0,111181.0,112391.0,51.0,2756.0,2910.0,0.0123271250424919,"117,10","123,27","41,24","4,56","6,81","56,69","82,66","6,76","6,71","161,96","2,46","25009,17","695,94","33,47","4,33"
06631,"      Fulda, Landkreis",2023,222688.0,110759.0,111929.0,56.0,2803.0,2913.0,0.0125871174019255,"109,92","125,87","37,82","4,80","648,01","61,41","84,81","6,76","6,71","161,32","2,33","28805,12","695,94","39,17","5,35"
06632,"      Hersfeld-Rotenburg, Landkreis",2015,121166.0,60407.0,60759.0,20.0,1427.0,1284.0,0.0117772312364854,"97,20","117,77","36,59","3,06","9,36","43,44","76,80","7,12","7,25","110,44","3,15","20836,44","766,46","34,58","6,19"
06632,"      Hersfeld-Rotenburg, Landkreis",2017,121101.0,60611.0,60490.0,21.0,1513.0,1367.0,0.0124937036027778,"95,06","124,94","34,70","4,29","9,40","47,53","78,83","6,81","7,25","110,32","2,90","22410,32","766,46","36,92","6,35"
06632,"      Hersfeld-Rotenburg, Landkreis",2019,120719.0,60512.0,60207.0,22.0,1513.0,1338.0,0.0125332383469047,"94,63","125,33","35,90","2,94","9,44","51,73","80,79","6,83","7,25","109,97","2,89","22154,89","771,37","36,28","5,63"
06632,"      Hersfeld-Rotenburg, Landkreis",2021,120163.0,60242.0,59921.0,23.0,1478.0,1332.0,0.0122999592220567,"97,94","123,00","32,30","2,86","8,26","55,19","81,05","6,72","7,25","109,46","3,34","24197,95","755,74","36,42","4,90"
06632,"      Hersfeld-Rotenburg, Landkreis",2023,118010.0,58691.0,59319.0,31.0,1617.0,1395.0,0.0137022286246928,"95,42","137,02","29,99","2,16","804,14","60,03","83,06","6,72","7,25","107,50","3,58","28017,83","755,74","38,56","6,27"
06633,"      Kassel, Landkreis",2015,235813.0,115972.0,119841.0,56.0,3082.0,2725.0,0.0130696780923867,"95,71","130,70","42,40","-21,76","9,19","48,44","79,63","6,47","3,47","182,39","2,80","21990,12","846,02","35,96","5,89"
06633,"      Kassel, Landkreis",2017,236674.0,116270.0,120404.0,63.0,3275.0,2908.0,0.0138375993983285,"95,09","138,38","44,62","-22,94","9,26","52,72","80,47","6,34","3,47","182,99","2,80","23913,79","846,02","36,61","6,42"
06633,"      Kassel, Landkreis",2019,236764.0,116153.0,120611.0,64.0,3371.0,3108.0,0.0142378064232738,"99,68","142,38","43,31","-23,04","9,29","56,75","81,91","6,37","3,47","183,07","3,08","23074,93","850,14","37,55","5,67"
06633,"      Kassel, Landkreis",2021,237268.0,116452.0,120816.0,62.0,3130.0,3062.0,0.0131918337070317,"103,48","131,92","37,88","-22,87","8,13","59,46","82,20","6,17","3,47","183,46","3,25","25732,12","854,25","34,82","5,02"
06633,"      Kassel, Landkreis",2023,230742.0,112842.0,117900.0,69.0,3104.0,3029.0,0.0134522540326425,"106,09","134,52","40,43","-22,08","776,04","65,43","85,70","6,17","3,47","178,41","3,56","29792,43","854,25","37,89","6,44"
06634,      Schwalm-Eder-Kreis,2015,180310.0,90229.0,90081.0,35.0,2400.0,1920.0,0.0133104098497032,"90,23","133,10","39,79","-30,86","9,81","47,57","79,02","6,36","3,74","117,20","3,19","20942,30","857,67","32,87","5,49"
06634,      Schwalm-Eder-Kreis,2017,180754.0,90477.0,90277.0,38.0,2386.0,2060.0,0.0132002611283844,"99,57","132,00","36,77","-30,51","10,02","52,23","80,46","6,43","3,74","117,45","3,20","22836,50","857,67","35,37","6,13"
06634,      Schwalm-Eder-Kreis,2019,179673.0,89941.0,89732.0,41.0,2439.0,2185.0,0.0135746606334841,"98,87","135,75","34,02","-28,77","10,11","56,02","82,63","6,22","3,74","116,75","3,30","22508,65","893,90","34,95","5,26"
06634,      Schwalm-Eder-Kreis,2021,180052.0,90256.0,89796.0,40.0,2403.0,2032.0,0.0133461444471597,"96,81","133,46","33,58","-25,71","8,95","59,18","83,10","5,90","3,74","116,99","3,63","24611,89","943,92","34,75","4,74"
06634,      Schwalm-Eder-Kreis,2023,180368.0,90102.0,90266.0,46.0,2368.0,2003.0,0.0131287146278719,"96,90","131,29","32,62","-25,82","823,96","62,90","83,64","5,90","3,74","117,20","3,49","28458,60","943,92","36,62","5,81"
06635,"      Waldeck-Frankenberg, Landkreis",2015,157592.0,78655.0,78937.0,39.0,2188.0,2087.0,0.0138839535001776,"101,85","138,84","51,29","-1,81","9,97","50,07","81,54","6,60","11,71","85,26","3,42","20824,51","750,63","34,73","5,79"
06635,"      Waldeck-Frankenberg, Landkreis",2017,157256.0,78505.0,78751.0,44.0,2331.0,2192.0,0.0148229638296789,"100,00","148,23","44,43","-1,75","9,84","54,12","82,96","6,58","11,71","85,06","3,14","22718,04","750,63","35,66","6,58"
06635,"      Waldeck-Frankenberg, Landkreis",2019,156406.0,77901.0,78505.0,46.0,2454.0,2482.0,0.0156899351687275,"105,12","156,90","48,32","-1,20","9,79","57,36","84,46","6,12","11,71","84,60","3,08","22370,27","762,03","36,30","5,51"
06635,"      Waldeck-Frankenberg, Landkreis",2021,156513.0,78038.0,78475.0,49.0,2352.0,2406.0,0.0150275057024017,"107,22","150,28","43,34","-1,82","8,52","60,88","84,93","6,28","11,71","84,66","3,65","24589,60","743,53","33,87","4,83"
06635,"      Waldeck-Frankenberg, Landkreis",2023,155135.0,76941.0,78194.0,53.0,2312.0,2380.0,0.0149031488703387,"105,59","149,03","42,60","-0,92","769,28","64,94","86,03","6,28","11,71","83,92","3,60","28385,72","743,53","39,89","5,97"
06636,      Werra-Meißner-Kreis,2015,100715.0,49582.0,51133.0,27.0,1652.0,1323.0,0.0164027205480812,"94,37","164,03","38,82","-25,72","11,34","42,79","76,13","6,65","6,21","98,29","4,05","20431,58","860,43","35,50","8,32"
06636,      Werra-Meißner-Kreis,2017,101101.0,49961.0,51140.0,30.0,1765.0,1440.0,0.0174577897350174,"89,27","174,58","39,53","-28,55","11,42","47,43","77,59","6,28","6,21","98,65","3,52","22287,80","860,43","37,78","9,01"
06636,      Werra-Meißner-Kreis,2019,100629.0,49856.0,50773.0,30.0,1716.0,1523.0,0.0170527382762424,"95,61","170,53","35,87","-28,98","11,61","52,33","79,58","6,06","6,21","98,19","3,84","21862,61","849,19","37,20","8,04"
06636,      Werra-Meißner-Kreis,2021,99714.0,49379.0,50335.0,33.0,1744.0,1544.0,0.0174900214613795,"95,78","174,90","35,16","-30,20","10,25","55,20","80,33","5,89","6,21","97,30","4,17","24024,19","854,08","37,39","7,16"
06636,      Werra-Meißner-Kreis,2023,98055.0,48607.0,49448.0,30.0,1654.0,1415.0,0.0168680842384376,"90,76","168,68","34,05","-32,49","945,98","60,24","82,51","5,89","6,21","95,68","4,49","27795,82","854,08","40,87","7,86"
07111,"      Koblenz, kreisfreie Stadt",2015,112586.0,54391.0,58195.0,16.0,1598.0,1370.0,0.0141935942301884,"93,13","141,94","102,87","45,74","12,17","45,83","75,51","6,66","13,75","1070,62","2,42","22979,98","396,67","60,44","10,35"
07111,"      Koblenz, kreisfreie Stadt",2017,113844.0,55372.0,58472.0,17.0,1658.0,1357.0,0.0145637890446576,"93,07","145,64","84,53","44,38","12,58","49,80","77,24","7,12","13,75","1081,65","2,55","24302,61","396,67","62,82","11,42"
07111,"      Koblenz, kreisfreie Stadt",2019,114052.0,55754.0,58298.0,19.0,1756.0,1367.0,0.0153964858134885,"89,52","153,96","58,53","44,42","12,31","53,43","80,04","7,02","13,75","1083,63","2,41","23910,43","408,06","64,35","10,34"
07111,"      Koblenz, kreisfreie Stadt",2021,113638.0,55693.0,57945.0,20.0,1744.0,1366.0,0.0153469790035023,"89,05","153,47","60,41","43,81","10,84","56,79","80,82","6,89","13,75","1079,70","3,01","25707,30","413,98","66,10","9,31"
07111,"      Koblenz, kreisfreie Stadt",2023,113346.0,55969.0,57377.0,19.0,1719.0,1479.0,0.0151659520406542,"100,54","151,66","40,21","43,77","1048,67","59,87","82,40","6,89","13,75","1076,92","2,71","29594,65","413,98","49,46","10,26"
07131,"      Ahrweiler, Landkreis",2015,127770.0,62533.0,65237.0,19.0,1593.0,1334.0,0.0124677154261563,"99,78","124,68","47,89","-41,36","8,32","45,93","78,49","6,14","5,21","162,35","2,86","22540,64","690,30","36,20","5,64"
07131,"      Ahrweiler, Landkreis",2017,128914.0,63267.0,65647.0,18.0,1559.0,1440.0,0.0120933335401895,"105,19","120,93","44,48","-40,57","8,65","49,48","80,54","6,40","5,21","163,80","3,17","23949,93","690,30","37,13","6,26"
07131,"      Ahrweiler, Landkreis",2019,130086.0,64033.0,66053.0,19.0,1607.0,1385.0,0.0123533662346447,"101,09","123,53","31,64","-39,97","8,79","53,25","83,36","6,11","5,21","165,29","3,18","23665,50","742,29","37,26","5,24"
07131,"      Ahrweiler, Landkreis",2021,128146.0,63298.0,64848.0,15.0,1329.0,1227.0,0.0103709830974045,"105,23","103,71","31,81","-35,60","7,87","56,33","85,26","6,25","5,21","162,82","3,36","25736,71","720,93","36,87","5,10"
07131,"      Ahrweiler, Landkreis",2023,128546.0,63564.0,64982.0,14.0,1285.0,1178.0,0.0099964215144773,"105,56","99,96","26,76","-34,78","720,46","60,07","84,96","6,25","5,21","163,33","2,69","29899,60","720,93","40,62","4,87"
07132,"      Altenkirchen (Westerwald), Landkreis",2015,129171.0,64024.0,65147.0,20.0,1363.0,1150.0,0.0105519040651539,"94,11","105,52","41,77","-33,55","11,09","44,62","76,59","6,54","3,67","201,20","2,87","20724,47","852,92","30,75","6,01"
07132,"      Altenkirchen (Westerwald), Landkreis",2017,128791.0,63767.0,65024.0,19.0,1338.0,1162.0,0.0103889246919427,"94,55","103,89","43,04","-32,16","11,49","49,19","78,25","6,54","3,67","200,49","3,53","22343,47","852,92","30,94","6,16"
07132,"      Altenkirchen (Westerwald), Landkreis",2019,128805.0,63882.0,64923.0,19.0,1402.0,1297.0,0.0108846706261402,"99,85","108,85","31,93","-30,24","11,51","53,68","81,49","6,42","3,67","200,51","3,40","22109,85","911,89","29,77","5,27"
07132,"      Altenkirchen (Westerwald), Landkreis",2021,129261.0,64066.0,65195.0,21.0,1482.0,1365.0,0.0114651751108222,"104,76","114,65","34,11","-32,01","10,16","56,44","81,59","6,17","3,67","201,22","3,58","24229,69","933,29","28,38","4,99"
07132,"      Altenkirchen (Westerwald), Landkreis",2023,132149.0,65515.0,66634.0,22.0,1457.0,1349.0,0.0110254334122846,"104,09","110,25","31,18","-33,06","936,71","60,84","81,67","6,17","3,67","205,72","3,51","28195,12","933,29","36,43","6,39"
07133,"      Bad Kreuznach, Landkreis",2015,156821.0,76459.0,80362.0,19.0,1581.0,1166.0,0.0100815579546106,"90,32","100,82","43,71","-13,92","9,96","46,87","77,28","6,44","6,14","181,57","3,10","22079,12","764,80","33,10","8,23"
07133,"      Bad Kreuznach, Landkreis",2017,157549.0,76894.0,80655.0,20.0,1583.0,1254.0,0.0100476677097284,"91,07","100,48","39,78","-13,64","9,93","50,72","78,76","6,49","6,14","182,37","3,30","23627,10","764,80","34,78","8,66"
07133,"      Bad Kreuznach, Landkreis",2019,158345.0,77387.0,80958.0,22.0,1566.0,1342.0,0.0098897975938615,"96,27","98,90","30,02","-14,54","10,17","54,04","80,36","6,46","6,14","183,29","2,98","23433,03","735,63","33,97","7,79"
07133,"      Bad Kreuznach, Landkreis",2021,159402.0,77861.0,81541.0,25.0,1581.0,1345.0,0.0099183197199533,"101,89","99,18","39,41","-12,73","9,16","56,52","80,70","6,23","6,14","184,52","3,61","25651,68","768,20","33,01","7,32"
07133,"      Bad Kreuznach, Landkreis",2023,164564.0,80662.0,83902.0,24.0,1561.0,1339.0,0.0094856712282151,"103,48","94,86","36,60","-15,63","830,88","59,16","79,30","6,23","6,14","190,49","3,23","29787,90","768,20","38,95","7,81"
07134,"      Birkenfeld, Landkreis",2015,80615.0,39898.0,40717.0,16.0,1096.0,843.0,0.013595484711282,"95,36","135,95","39,45","-13,07","10,44","48,78","79,40","6,70","7,74","103,81","4,07","20917,63","793,40","34,72","7,76"
07134,"      Birkenfeld, Landkreis",2017,80728.0,40040.0,40688.0,17.0,1092.0,879.0,0.0135269051630165,"89,42","135,27","37,94","-11,40","10,79","52,19","80,88","6,81","7,74","103,92","3,98","22539,20","793,40","36,09","8,39"
07134,"      Birkenfeld, Landkreis",2019,80951.0,40111.0,40840.0,17.0,1093.0,919.0,0.0135019950340329,"92,36","135,02","28,57","-10,92","10,94","56,11","82,79","6,86","7,74","104,21","3,87","22272,02","793,64","35,00","8,33"
07134,"      Birkenfeld, Landkreis",2021,80849.0,40113.0,40736.0,17.0,1093.0,911.0,0.0135190293015374,"92,86","135,19","28,70","-13,80","10,14","57,96","83,33","6,49","7,74","104,08","4,01","24431,04","829,22","33,61","8,31"
07134,"      Birkenfeld, Landkreis",2023,82622.0,40707.0,41915.0,17.0,1101.0,874.0,0.0133257485899639,"89,73","133,26","31,03","-13,87","978,42","60,91","79,73","6,49","7,74","106,36","3,64","28325,84","829,22","41,28","9,12"
07135,"      Cochem-Zell, Landkreis",2015,62391.0,31294.0,31097.0,14.0,902.0,774.0,0.0144572133801349,"100,91","144,57","45,69","-23,50","7,53","45,96","80,59","5,69","5,48","90,11","3,09","21278,16","847,59","31,97","4,12"
07135,"      Cochem-Zell, Landkreis",2017,61662.0,30878.0,30784.0,13.0,901.0,758.0,0.0146119165774707,"97,30","146,12","37,39","-22,22","8,21","50,45","83,14","6,16","5,48","89,05","3,12","22832,97","847,59","31,32","4,64"
07135,"      Cochem-Zell, Landkreis",2019,61375.0,30760.0,30615.0,14.0,988.0,862.0,0.0160977596741344,"100,94","160,98","26,55","-20,99","8,50","53,90","85,65","6,11","5,48","88,64","3,05","22618,06","832,20","29,56","4,33"
07135,"      Cochem-Zell, Landkreis",2021,61735.0,30994.0,30741.0,14.0,972.0,827.0,0.0157447153154612,"98,92","157,45","35,24","-18,99","7,58","56,61","85,87","5,67","5,48","89,16","3,33","24791,35","851,52","27,64","3,90"
07135,"      Cochem-Zell, Landkreis",2023,61538.0,30727.0,30811.0,11.0,882.0,719.0,0.0143326074945562,"93,26","143,33","33,53","-19,54","718,56","61,50","87,43","5,67","5,48","88,87","3,03","28922,45","851,52","38,26","5,32"
07137,"      Mayen-Koblenz, Landkreis",2015,211925.0,104476.0,107449.0,28.0,2030.0,1967.0,0.0095788604459124,"112,46","95,79","43,45","-21,74","9,71","46,43","78,12","6,18","4,20","259,31","2,69","22718,73","911,65","34,91","5,89"
07137,"      Mayen-Koblenz, Landkreis",2017,213554.0,105455.0,108099.0,28.0,2097.0,2012.0,0.0098195304232184,"107,25","98,20","40,36","-20,14","10,03","50,50","79,41","5,79","4,20","261,15","3,17","24180,43","911,65","35,40","6,25"
07137,"      Mayen-Koblenz, Landkreis",2019,214434.0,105889.0,108545.0,28.0,2101.0,1975.0,0.0097978865291884,"105,22","97,98","37,84","-20,87","10,00","54,28","81,56","5,96","4,20","262,23","3,40","24007,50","889,77","35,46","5,26"
07137,"      Mayen-Koblenz, Landkreis",2021,215446.0,106524.0,108922.0,31.0,2296.0,2028.0,0.0106569627656118,"104,21","106,57","42,59","-19,84","8,77","56,89","82,22","5,80","4,20","263,47","3,24","26023,74","916,79","35,15","4,92"
07137,"      Mayen-Koblenz, Landkreis",2023,216874.0,107096.0,109778.0,32.0,2212.0,2071.0,0.0101994706603834,"106,26","101,99","36,25","-19,01","841,94","60,95","82,44","5,80","4,20","265,22","3,28","30084,21","916,79","38,25","5,65"
07138,"      Neuwied, Landkreis",2015,180655.0,88745.0,91910.0,27.0,2195.0,1886.0,0.0121502311034845,"99,37","121,50","45,05","-16,17","10,72","46,85","76,28","6,34","6,64","288,18","2,94","22168,33","772,18","34,03","7,45"
07138,"      Neuwied, Landkreis",2017,181655.0,89349.0,92306.0,30.0,2252.0,1942.0,0.0123971264209628,"98,78","123,97","36,80","-15,10","10,95","50,79","77,86","6,18","6,64","289,69","2,91","23670,62","772,18","35,06","7,98"
07138,"      Neuwied, Landkreis",2019,182811.0,90104.0,92707.0,29.0,2230.0,1934.0,0.01219839068765,"97,43","121,98","34,52","-12,60","10,83","54,39","79,95","6,22","6,64","291,54","3,06","23428,70","794,83","35,43","6,89"
07138,"      Neuwied, Landkreis",2021,184390.0,90902.0,93488.0,31.0,2280.0,1980.0,0.012365095721026,"98,12","123,65","29,95","-13,38","9,46","57,63","80,58","6,44","6,64","294,05","3,24","25617,92","781,31","35,21","6,50"
07138,"      Neuwied, Landkreis",2023,188656.0,93198.0,95458.0,29.0,2061.0,1786.0,0.0109246459163768,"97,07","109,25","32,73","-13,75","852,14","61,13","80,86","6,44","6,64","300,86","3,07","29825,90","781,31","37,30","7,05"
07140,      Rhein-Hunsrück-Kreis,2015,102529.0,50945.0,51584.0,16.0,1134.0,1006.0,0.0110602853826722,"104,47","110,60","30,45","-12,98","8,16","47,54","80,15","6,32","3,46","103,45","3,21","21824,34","854,26","31,80","4,61"
07140,      Rhein-Hunsrück-Kreis,2017,102938.0,51222.0,51716.0,16.0,1158.0,1029.0,0.0112494899842623,"99,81","112,49","29,61","-10,01","8,46","52,20","82,06","6,78","3,46","103,87","3,00","23654,66","854,26","31,56","5,22"
07140,      Rhein-Hunsrück-Kreis,2019,103163.0,51379.0,51784.0,17.0,1142.0,1048.0,0.0110698603181373,"100,29","110,70","27,69","-8,52","8,49","56,34","84,77","6,62","3,46","104,09","2,61","23513,19","802,82","30,27","4,51"
07140,      Rhein-Hunsrück-Kreis,2021,103767.0,51609.0,52158.0,17.0,1148.0,996.0,0.0110632474678847,"94,59","110,63","39,29","-9,09","7,56","58,79","85,11","6,30","3,46","104,70","3,22","25708,40","823,55","29,33","4,22"
07140,      Rhein-Hunsrück-Kreis,2023,106390.0,52898.0,53492.0,17.0,1161.0,1037.0,0.0109126797631356,"101,67","109,13","36,26","-7,86","687,96","62,39","84,27","6,30","3,46","107,35","3,14","29865,19","823,55","36,93","5,19"
07141,      Rhein-Lahn-Kreis,2015,123543.0,61376.0,62167.0,14.0,1264.0,980.0,0.0102312555142743,"95,98","102,31","33,64","-45,22","10,32","47,27","76,98","6,27","7,50","157,92","3,15","21940,67","833,94","32,51","5,58"
07141,      Rhein-Lahn-Kreis,2017,122381.0,60574.0,61807.0,15.0,1286.0,1074.0,0.0105081671174447,"100,85","105,08","24,63","-44,66","10,87","50,63","79,26","6,23","7,50","156,45","3,23","23456,43","833,94","32,69","5,93"
07141,      Rhein-Lahn-Kreis,2019,122297.0,60517.0,61780.0,16.0,1177.0,1047.0,0.0096241117934209,"102,35","96,24","26,69","-45,07","10,62","54,45","81,61","6,17","7,50","156,34","3,16","23253,29","843,43","31,73","5,08"
07141,      Rhein-Lahn-Kreis,2021,122724.0,60745.0,61979.0,17.0,1228.0,1030.0,0.0100061927577327,"96,90","100,06","30,51","-45,41","8,99","57,12","81,88","6,03","7,50","156,89","3,69","25284,16","830,62","30,74","4,81"
07141,      Rhein-Lahn-Kreis,2023,125283.0,61987.0,63296.0,17.0,1307.0,1050.0,0.010432381089214,"97,86","104,32","33,53","-46,00","806,07","60,54","81,18","6,03","7,50","160,16","3,59","29329,44","830,62","39,28","5,59"
07143,      Westerwaldkreis,2015,200302.0,99605.0,100697.0,28.0,2255.0,1873.0,0.0112580004193667,"103,54","112,58","64,07","-17,11","10,66","46,39","78,12","6,00","3,54","202,53","3,03","22142,66","887,59","28,43","4,68"
07143,      Westerwaldkreis,2017,201039.0,100012.0,101027.0,29.0,2265.0,1946.0,0.0112664706847925,"101,09","112,66","59,87","-16,67","10,98","50,47","79,69","6,02","3,54","203,27","2,85","23749,47","887,59","28,40","4,93"
07143,      Westerwaldkreis,2019,201904.0,100239.0,101665.0,32.0,2288.0,1942.0,0.0113321182344084,"96,09","113,32","51,68","-17,22","10,79","54,32","81,73","5,92","3,54","204,14","3,32","23564,14","875,94","26,92","3,89"
07143,      Westerwaldkreis,2021,203831.0,101116.0,102715.0,33.0,2347.0,1977.0,0.0115144408848506,"100,61","115,14","41,39","-17,66","9,26","57,22","82,51","5,87","3,54","206,09","3,10","25864,36","895,96","24,95","3,71"
07143,      Westerwaldkreis,2023,207648.0,103036.0,104612.0,34.0,2422.0,2112.0,0.0116639697950377,"105,28","116,64","42,51","-17,68","843,06","61,03","82,08","5,87","3,54","209,95","3,07","29876,13","895,96","35,21","4,41"
07211,"      Trier, kreisfreie Stadt",2015,114914.0,57510.0,57404.0,11.0,995.0,917.0,0.0086586490767008,"102,00","86,59","76,15","40,24","10,11","44,04","72,51","6,11","13,45","981,08","2,50","19612,86","437,43","55,91","6,45"
07211,"      Trier, kreisfreie Stadt",2017,110013.0,54181.0,55832.0,12.0,1022.0,977.0,0.0092898112041304,"109,04","92,90","57,74","38,62","9,94","46,61","76,44","5,91","13,45","939,80","2,81","20747,57","437,43","60,99","7,78"
07211,"      Trier, kreisfreie Stadt",2019,111528.0,55053.0,56475.0,12.0,1002.0,916.0,0.0089842909403916,"100,88","89,84","50,50","36,22","10,64","48,81","78,24","6,01","13,45","952,74","2,43","20283,71","448,35","62,86","7,89"
07211,"      Trier, kreisfreie Stadt",2021,110570.0,54662.0,55908.0,11.0,959.0,948.0,0.0086732386723342,"107,00","86,73","38,45","35,40","9,70","49,20","81,35","6,13","13,45","944,56","2,49","22043,83","444,06","65,12","8,17"
07211,"      Trier, kreisfreie Stadt",2023,103986.0,50882.0,53104.0,14.0,1110.0,1006.0,0.010674513876868,"103,82","106,75","44,47","35,07","988,53","54,39","87,48","6,13","13,45","888,31","2,91","25443,99","444,06","55,73","9,56"
07231,"      Bernkastel-Wittlich, Landkreis",2015,111828.0,55763.0,56065.0,21.0,1194.0,1172.0,0.0106771112780341,"119,96","106,77","45,27","-8,35","7,95","46,56","81,58","5,88","4,74","95,78","3,10","21271,30","772,01","32,77","4,13"
07231,"      Bernkastel-Wittlich, Landkreis",2017,112134.0,55999.0,56135.0,21.0,1252.0,1161.0,0.0111652130486739,"104,59","111,65","34,71","-6,87","8,36","50,13","83,78","6,33","4,74","96,01","3,09","22980,91","772,01","32,75","4,57"
07231,"      Bernkastel-Wittlich, Landkreis",2019,112483.0,56323.0,56160.0,21.0,1278.0,1175.0,0.0113617168816621,"95,76","113,62","32,47","-6,95","8,53","53,85","86,36","6,32","4,74","96,31","2,55","22750,72","781,13","31,79","3,72"
07231,"      Bernkastel-Wittlich, Landkreis",2021,113194.0,56675.0,56519.0,21.0,1275.0,1234.0,0.0112638479071328,"108,44","112,64","36,65","-9,15","7,42","57,27","87,61","5,92","4,74","96,92","2,93","24690,17","777,97","30,85","3,77"
07231,"      Bernkastel-Wittlich, Landkreis",2023,113327.0,56559.0,56768.0,21.0,1230.0,1206.0,0.0108535476982537,"105,79","108,54","37,88","-6,97","712,92","61,46","88,57","5,92","4,74","97,03","3,25","28632,37","777,97","38,71","5,12"
07232,      Eifelkreis Bitburg-Prüm,2015,97180.0,48729.0,48451.0,16.0,909.0,790.0,0.0093537764972216,"107,34","93,54","41,66","-7,52","7,13","39,24","80,31","5,12","3,57","59,76","3,01","19039,53","960,52","28,63","3,18"
07232,      Eifelkreis Bitburg-Prüm,2017,98213.0,49330.0,48883.0,16.0,959.0,835.0,0.0097644914624336,"100,00","97,64","39,08","-7,38","8,15","41,48","82,64","5,40","3,57","60,37","3,04","20453,98","960,52","28,05","3,85"
07232,      Eifelkreis Bitburg-Prüm,2019,99058.0,49869.0,49189.0,16.0,963.0,821.0,0.0097215772577681,"97,51","97,22","32,18","-7,55","8,58","43,74","84,42","5,27","3,57","60,89","2,79","20320,44","952,48","26,12","3,54"
07232,      Eifelkreis Bitburg-Prüm,2021,100959.0,50949.0,50010.0,19.0,946.0,846.0,0.009370140354005,"103,17","93,70","26,07","-7,58","8,00","44,68","84,19","4,98","3,57","62,05","3,03","22129,30","1024,96","25,03","3,02"
07232,      Eifelkreis Bitburg-Prüm,2023,100740.0,50945.0,49795.0,20.0,958.0,863.0,0.0095096287472702,"102,86","95,10","29,64","-7,23","748,00","48,10","84,96","4,98","3,57","61,92","3,41","25627,56","1024,96","40,15","3,98"
07233,"      Vulkaneifel, Landkreis",2015,60794.0,30387.0,30407.0,13.0,762.0,595.0,0.0125341316577293,"96,75","125,34","36,73","-14,27","8,07","44,45","80,41","6,21","6,16","66,73","2,57","20757,15","846,06","31,88","4,68"
07233,"      Vulkaneifel, Landkreis",2017,60705.0,30468.0,30237.0,14.0,770.0,636.0,0.012684292891854,"89,96","126,84","40,70","-15,79","8,52","48,33","82,39","6,47","6,16","66,59","2,79","22412,46","846,06","31,88","5,07"
07233,"      Vulkaneifel, Landkreis",2019,60646.0,30441.0,30205.0,14.0,764.0,652.0,0.0125976981169409,"92,88","125,98","31,60","-15,38","8,66","52,52","84,71","6,64","6,16","66,52","3,54","22247,93","833,62","30,05","4,25"
07233,"      Vulkaneifel, Landkreis",2021,60882.0,30495.0,30387.0,13.0,716.0,667.0,0.0117604546499786,"97,94","117,60","31,02","-16,25","7,93","54,69","84,45","6,41","6,16","66,78","3,48","24502,18","834,00","28,58","3,48"
07233,"      Vulkaneifel, Landkreis",2023,59542.0,29837.0,29705.0,13.0,731.0,608.0,0.0122770481340902,"89,94","122,77","26,51","-17,31","767,26","59,89","87,41","6,41","6,16","65,31","3,70","28246,20","834,00","40,11","4,48"
07235,"      Trier-Saarburg, Landkreis",2015,147999.0,73248.0,74751.0,17.0,1528.0,1339.0,0.0103243940837438,"103,64","103,24","32,92","-53,38","6,51","41,47","81,36","5,68","2,19","134,36","2,37","20108,45","995,19","27,89","3,13"
07235,"      Trier-Saarburg, Landkreis",2017,148532.0,73474.0,75058.0,16.0,1557.0,1334.0,0.0104825896103196,"92,00","104,83","31,57","-49,70","6,60","43,61","83,51","5,66","2,19","134,75","2,65","21631,78","995,19","28,46","3,64"
07235,"      Trier-Saarburg, Landkreis",2019,149398.0,73878.0,75520.0,18.0,1521.0,1294.0,0.0101808591815151,"90,36","101,81","29,29","-47,79","6,71","45,82","85,61","5,37","2,19","135,54","2,46","21402,43","984,50","27,29","3,12"
07235,"      Trier-Saarburg, Landkreis",2021,151167.0,74938.0,76229.0,19.0,1585.0,1612.0,0.0104850926458817,"107,11","104,85","23,22","-45,79","5,99","46,72","85,55","5,23","2,19","137,14","2,73","23303,71","991,26","26,49","2,75"
07235,"      Trier-Saarburg, Landkreis",2023,149056.0,74087.0,74969.0,18.0,1523.0,1547.0,0.0102176363246028,"103,13","102,18","23,15","-50,08","571,73","50,15","88,31","5,23","2,19","135,23","2,81","26969,17","991,26","36,34","3,35"
07311,"      Frankenthal (Pfalz), kreisfreie Stadt",2015,48363.0,23482.0,24881.0,6.0,595.0,390.0,0.0123027934578086,"80,08","123,03","83,48","-4,01","12,56","48,85","70,61","6,72","7,32","1105,19","2,93","21876,36","550,19","35,98","10,48"
07311,"      Frankenthal (Pfalz), kreisfreie Stadt",2017,48417.0,23382.0,25035.0,6.0,604.0,383.0,0.0124749571431521,"71,86","124,75","74,05","1,37","13,05","51,69","69,96","6,88","7,32","1103,40","2,92","22890,54","550,19","37,93","10,65"
07311,"      Frankenthal (Pfalz), kreisfreie Stadt",2019,48762.0,23703.0,25059.0,6.0,602.0,407.0,0.0123456790123456,"82,72","123,46","61,41","12,65","13,35","54,14","69,61","5,85","7,32","1111,26","2,60","22578,48","587,49","39,05","9,57"
07311,"      Frankenthal (Pfalz), kreisfreie Stadt",2021,48773.0,23878.0,24895.0,6.0,603.0,433.0,0.0123633977815594,"85,57","123,63","55,58","12,64","11,65","54,94","68,59","6,41","7,32","1111,51","3,05","24439,92","562,22","38,40","9,43"
07311,"      Frankenthal (Pfalz), kreisfreie Stadt",2023,48107.0,23834.0,24273.0,6.0,605.0,424.0,0.0125761323715883,"83,46","125,76","62,04","9,80","1075,85","58,84","73,91","6,41","7,32","1096,33","3,02","28406,54","562,22","42,18","10,16"
07312,"      Kaiserslautern, kreisfreie Stadt",2015,98520.0,49508.0,49012.0,11.0,1139.0,891.0,0.0115611043442955,"93,01","115,61","61,06","34,53","14,38","47,14","74,23","6,37","9,40","705,02","3,20","21132,85","482,15","48,76","13,17"
07312,"      Kaiserslautern, kreisfreie Stadt",2017,99684.0,50307.0,49377.0,13.0,1161.0,910.0,0.011646803900325,"89,48","116,47","47,04","33,11","14,91","50,94","75,71","5,82","9,40","713,56","2,91","22215,21","482,15","51,44","14,37"
07312,"      Kaiserslautern, kreisfreie Stadt",2019,100030.0,50503.0,49527.0,14.0,1123.0,920.0,0.0112266320103968,"89,84","112,27","50,34","32,05","15,13","55,26","78,11","5,80","9,40","716,03","3,27","22014,50","482,07","53,48","13,00"
07312,"      Kaiserslautern, kreisfreie Stadt",2021,99292.0,50082.0,49210.0,14.0,1123.0,911.0,0.0113100753333601,"92,68","113,10","63,42","30,91","14,06","57,67","79,31","5,84","9,40","710,75","3,58","23539,36","485,54","54,95","11,59"
07312,"      Kaiserslautern, kreisfreie Stadt",2023,100571.0,50728.0,49843.0,13.0,1069.0,821.0,0.0106293066589772,"83,10","106,29","90,48","30,98","1304,47","59,58","78,79","5,84","9,40","719,91","3,18","27410,19","485,54","52,86","11,48"
07313,"      Landau in der Pfalz, kreisfreie Stadt",2015,45362.0,21495.0,23867.0,5.0,460.0,341.0,0.0101406463559807,"87,66","101,41","55,06","22,71","9,19","49,49","74,53","7,05","10,36","546,79","2,83","23110,05","440,88","49,45","6,86"
07313,"      Landau in der Pfalz, kreisfreie Stadt",2017,46292.0,21878.0,24414.0,5.0,465.0,359.0,0.0100449321697053,"83,10","100,45","41,45","22,80","8,86","52,15","75,02","6,33","10,36","558,14","2,53","23985,72","440,88","51,13","7,72"
07313,"      Landau in der Pfalz, kreisfreie Stadt",2019,46881.0,22274.0,24607.0,5.0,457.0,330.0,0.0097480855783793,"78,38","97,48","43,33","26,32","8,93","55,69","78,63","6,68","10,36","565,24","2,86","23762,01","466,48","52,09","7,59"
07313,"      Landau in der Pfalz, kreisfreie Stadt",2021,46919.0,22379.0,24540.0,5.0,458.0,378.0,0.0097615038683688,"95,45","97,62","53,61","27,58","8,17","58,09","80,42","6,56","10,36","565,70","2,92","25238,59","456,63","51,49","7,70"
07313,"      Landau in der Pfalz, kreisfreie Stadt",2023,48202.0,23127.0,25075.0,5.0,465.0,343.0,0.0096469026181486,"92,70","96,47","49,69","27,70","755,96","61,61","79,87","6,56","10,36","581,17","2,76","29314,40","456,63","48,07","8,01"
07314,"      Ludwigshafen am Rhein, kreisfreie Stadt",2015,164718.0,81590.0,83128.0,15.0,1525.0,997.0,0.0092582474289391,"79,25","92,58","79,07","38,42","15,17","48,93","71,49","7,06","11,84","2124,02","2,92","21633,04","530,70","39,87","15,56"
07314,"      Ludwigshafen am Rhein, kreisfreie Stadt",2017,168497.0,83893.0,84604.0,15.0,1496.0,1007.0,0.0088784963530507,"74,21","88,78","56,95","37,17","15,81","51,71","72,30","6,35","11,84","2176,12","3,17","22828,22","530,70","41,29","15,64"
07314,"      Ludwigshafen am Rhein, kreisfreie Stadt",2019,172253.0,86486.0,85767.0,18.0,1495.0,1055.0,0.0086790941231792,"78,26","86,79","51,89","35,35","16,02","55,22","73,65","6,62","11,84","2224,63","3,10","22433,55","545,97","42,07","14,10"
07314,"      Ludwigshafen am Rhein, kreisfreie Stadt",2021,172145.0,86378.0,85767.0,19.0,1493.0,1114.0,0.0086729210839699,"85,82","86,73","45,99","34,45","14,63","56,74","75,68","6,39","11,84","2223,23","3,13","24121,43","544,33","41,59","13,84"
07314,"      Ludwigshafen am Rhein, kreisfreie Stadt",2023,175816.0,88543.0,87273.0,18.0,1471.0,1145.0,0.0083667015516221,"85,83","83,67","39,79","33,06","1411,19","59,29","74,59","6,39","11,84","2270,64","2,99","27915,49","544,33","45,72","13,49"
07315,"      Mainz, kreisfreie Stadt",2015,209779.0,101620.0,108159.0,19.0,1765.0,1359.0,0.0084136162342274,"89,11","84,14","91,89","29,30","7,96","49,36","72,77","6,48","10,49","2146,30","2,24","24058,30","504,36","44,11","8,98"
07315,"      Mainz, kreisfreie Stadt",2017,215110.0,104564.0,110546.0,20.0,1750.0,1434.0,0.008135372600065,"92,58","81,35","66,00","26,87","7,90","53,53","73,43","6,17","10,49","2201,06","2,09","25438,70","504,36","46,22","9,37"
07315,"      Mainz, kreisfreie Stadt",2019,218578.0,106387.0,112191.0,19.0,1742.0,1455.0,0.0079696950287769,"95,79","79,70","60,19","23,94","8,03","57,44","75,49","6,07","10,49","2236,55","2,03","25028,33","515,82","47,92","8,63"
07315,"      Mainz, kreisfreie Stadt",2021,217556.0,106014.0,111542.0,21.0,1743.0,1390.0,0.0080117303131147,"95,66","80,12","49,68","24,28","7,20","59,58","78,69","5,81","10,49","2226,09","2,13","26860,56","518,30","47,69","8,31"
07315,"      Mainz, kreisfreie Stadt",2023,223871.0,109070.0,114801.0,19.0,1740.0,1376.0,0.0077723331740153,"96,29","77,72","43,35","25,07","642,62","61,79","77,67","5,81","10,49","2290,71","2,03","31059,55","518,30","51,25","8,40"
07316,"      Neustadt an der Weinstraße, kreisfreie Stadt",2015,52999.0,25714.0,27285.0,6.0,510.0,371.0,0.0096228230721334,"90,27","96,23","48,88","-13,80","10,65","47,50","78,97","6,56","5,05","452,60","2,96","23785,65","481,74","39,19","8,80"
07316,"      Neustadt an der Weinstraße, kreisfreie Stadt",2017,53353.0,25997.0,27356.0,6.0,516.0,412.0,0.0096714336588383,"90,95","96,71","59,83","-15,26","10,37","51,25","81,10","6,57","5,05","455,66","2,99","24956,48","481,74","41,67","9,67"
07316,"      Neustadt an der Weinstraße, kreisfreie Stadt",2019,53264.0,26025.0,27239.0,6.0,516.0,432.0,0.0096875938720336,"97,08","96,88","63,49","-15,05","10,31","53,96","83,12","6,20","5,05","454,90","3,17","24580,46","460,16","43,22","8,73"
07316,"      Neustadt an der Weinstraße, kreisfreie Stadt",2021,53491.0,26135.0,27356.0,6.0,516.0,355.0,0.0096464825858555,"83,73","96,46","66,86","-18,17","9,71","56,84","83,57","5,34","5,05","456,84","3,18","26245,57","479,74","43,12","8,45"
07316,"      Neustadt an der Weinstraße, kreisfreie Stadt",2023,52709.0,25615.0,27094.0,6.0,515.0,399.0,0.0097706274070841,"99,50","97,71","59,05","-19,11","944,12","60,88","85,22","5,34","5,05","450,16","3,19","30341,27","479,74","41,91","9,55"
07317,"      Pirmasens, kreisfreie Stadt",2015,40125.0,19453.0,20672.0,6.0,655.0,533.0,0.0163239875389408,"91,90","163,24","70,12","32,82","18,43","45,26","76,45","7,41","10,91","653,82","4,25","20716,26","473,84","40,80","16,48"
07317,"      Pirmasens, kreisfreie Stadt",2017,40632.0,19909.0,20723.0,6.0,674.0,566.0,0.0165879110061035,"92,79","165,88","47,84","32,03","18,23","48,52","77,08","8,00","10,91","662,19","4,48","21762,58","473,84","43,76","18,58"
07317,"      Pirmasens, kreisfreie Stadt",2019,40231.0,19685.0,20546.0,6.0,674.0,555.0,0.0167532499813576,"92,96","167,53","40,59","30,88","18,30","53,12","79,42","6,96","10,91","655,76","4,41","21539,13","492,12","44,98","16,73"
07317,"      Pirmasens, kreisfreie Stadt",2021,40054.0,19628.0,20426.0,6.0,675.0,504.0,0.0168522494632246,"88,89","168,52","23,20","28,23","17,35","55,86","79,80","6,18","10,91","652,88","5,95","23041,29","499,12","46,01","14,93"
07317,"      Pirmasens, kreisfreie Stadt",2023,39576.0,19524.0,20052.0,6.0,683.0,510.0,0.0172579341014756,"84,72","172,58","24,24","25,99","1722,46","59,92","81,55","6,18","10,91","645,09","4,33","26678,43","499,12","50,38","15,90"
07318,"      Speyer, kreisfreie Stadt",2015,50284.0,24245.0,26039.0,8.0,877.0,771.0,0.017440935486437,"98,47","174,41","92,23","32,60","10,65","50,73","79,44","6,76","13,57","1180,38","2,92","24416,99","485,06","38,52","8,92"
07318,"      Speyer, kreisfreie Stadt",2017,50931.0,24759.0,26172.0,10.0,880.0,779.0,0.0172782784551648,"97,99","172,78","67,36","33,85","10,76","52,77","79,15","6,23","13,57","1192,48","3,23","25535,46","485,06","40,84","8,82"
07318,"      Speyer, kreisfreie Stadt",2019,50561.0,24455.0,26106.0,10.0,861.0,813.0,0.0170289353454243,"102,14","170,29","51,65","33,58","10,58","56,11","82,01","6,82","13,57","1183,82","3,49","25147,10","442,55","42,38","8,48"
07318,"      Speyer, kreisfreie Stadt",2021,50565.0,24519.0,26046.0,9.0,877.0,696.0,0.0173440126569761,"97,48","173,44","44,01","35,73","9,59","58,52","81,81","6,33","13,57","1183,91","3,39","27351,71","457,60","42,29","7,63"
07318,"      Speyer, kreisfreie Stadt",2023,49874.0,24385.0,25489.0,8.0,863.0,731.0,0.0173036050848137,"96,06","173,04","45,55","37,65","891,18","62,54","84,83","6,33","13,57","1167,74","2,93","31712,26","457,60","46,23","7,64"
07319,"      Worms, kreisfreie Stadt",2015,82102.0,40323.0,41779.0,14.0,1051.0,791.0,0.0128011497892864,"96,35","128,01","55,78","4,10","16,10","48,59","75,19","6,03","8,30","755,10","2,84","21316,40","605,33","43,21","12,24"
07319,"      Worms, kreisfreie Stadt",2017,83081.0,40870.0,42211.0,17.0,1075.0,790.0,0.012939179836545,"95,53","129,39","49,82","2,27","15,53","52,87","76,24","6,11","8,30","764,10","3,23","22645,74","605,33","46,54","12,92"
07319,"      Worms, kreisfreie Stadt",2019,83542.0,41238.0,42304.0,17.0,1083.0,852.0,0.0129635392975988,"101,91","129,64","32,64","0,54","14,73","55,81","78,15","5,87","8,30","768,34","3,71","22352,62","624,61","47,90","11,28"
07319,"      Worms, kreisfreie Stadt",2021,83850.0,41594.0,42256.0,17.0,1055.0,873.0,0.012581991651759,"113,97","125,82","25,06","1,90","12,95","58,99","79,82","5,55","8,30","771,18","3,09","24176,26","634,03","48,96","10,98"
07319,"      Worms, kreisfreie Stadt",2023,86403.0,43281.0,43122.0,16.0,971.0,759.0,0.0112380357163524,"100,26","112,38","26,72","0,29","1172,96","60,47","77,55","5,55","8,30","794,66","2,78","28141,04","634,03","44,28","10,62"
07320,"      Zweibrücken, kreisfreie Stadt",2015,34260.0,16893.0,17367.0,4.0,352.0,306.0,0.0102743724460011,"96,84","102,74","31,98","14,71","12,09","47,38","77,11","5,11","6,78","484,99","3,63","21585,78","578,40","37,02","9,48"
07320,"      Zweibrücken, kreisfreie Stadt",2017,34270.0,16936.0,17334.0,3.0,320.0,266.0,0.0093376130726583,"85,81","93,38","29,21","14,81","12,64","51,93","78,87","5,69","6,78","485,14","3,15","23061,15","578,40","39,96","9,63"
07320,"      Zweibrücken, kreisfreie Stadt",2019,34193.0,16943.0,17250.0,3.0,319.0,331.0,0.0093293949053899,"106,43","93,29","20,80","14,27","12,67","55,99","80,58","6,00","6,78","484,05","3,23","22733,65","536,36","41,22","8,57"
07320,"      Zweibrücken, kreisfreie Stadt",2021,34091.0,16888.0,17203.0,5.0,398.0,353.0,0.0116746355343052,"94,13","116,75","29,40","13,22","11,15","58,34","81,58","6,38","6,78","482,60","3,65","24028,43","534,76","42,24","8,33"
07320,"      Zweibrücken, kreisfreie Stadt",2023,33355.0,16572.0,16783.0,3.0,368.0,337.0,0.0110328286613701,"94,66","110,33","41,19","16,71","1064,84","63,77","86,43","6,38","6,78","472,18","3,75","27806,37","534,76","44,11","9,67"
07331,"      Alzey-Worms, Landkreis",2015,127274.0,63379.0,63895.0,13.0,910.0,641.0,0.0071499285007149,"87,45","71,50","34,85","-72,32","9,65","47,28","75,52","6,46","4,42","216,40","2,46","22998,44","895,60","30,91","4,97"
07331,"      Alzey-Worms, Landkreis",2017,128519.0,64079.0,64440.0,15.0,1009.0,792.0,0.0078509792326426,"90,10","78,51","41,25","-76,60","9,40","50,95","77,35","6,32","4,42","218,54","2,99","24575,63","895,60","32,01","5,62"
07331,"      Alzey-Worms, Landkreis",2019,129687.0,64482.0,65205.0,15.0,1006.0,800.0,0.0077571383407743,"91,32","77,57","28,16","-76,61","9,00","54,83","79,70","6,61","4,42","220,53","3,02","24356,12","858,85","30,71","5,26"
07331,"      Alzey-Worms, Landkreis",2021,131330.0,65224.0,66106.0,15.0,963.0,826.0,0.007332673418107,"100,49","73,33","27,77","-68,77","7,88","57,77","80,77","6,15","4,42","223,32","2,87","26408,38","916,79","28,13","4,95"
07331,"      Alzey-Worms, Landkreis",2023,130794.0,64869.0,65925.0,17.0,1098.0,901.0,0.0083948804991054,"94,05","83,95","31,13","-66,47","746,64","62,50","83,67","6,15","4,42","222,41","2,60","30699,40","916,79","33,86","5,44"
07332,"      Bad Dürkheim, Landkreis",2015,132203.0,64778.0,67425.0,15.0,1523.0,961.0,0.0115201621748371,"79,29","115,20","42,82","-62,58","9,11","48,21","77,17","5,81","3,96","222,27","2,72","24272,79","958,40","34,09","4,92"
07332,"      Bad Dürkheim, Landkreis",2017,132739.0,64944.0,67795.0,16.0,1633.0,1028.0,0.0123023376701647,"76,09","123,02","44,89","-62,89","9,12","51,86","79,27","6,10","3,96","223,23","3,18","25861,68","958,40","35,08","5,38"
07332,"      Bad Dürkheim, Landkreis",2019,132671.0,64871.0,67800.0,17.0,1594.0,1047.0,0.0120146829374919,"75,76","120,15","34,58","-62,02","8,86","55,25","82,20","6,18","3,96","223,11","3,05","25566,21","922,93","34,27","4,66"
07332,"      Bad Dürkheim, Landkreis",2021,133206.0,65122.0,68084.0,17.0,1565.0,1078.0,0.0117487200276263,"84,88","117,49","26,08","-64,68","7,92","56,95","83,19","6,21","3,96","224,01","3,32","27856,75","923,44","32,15","4,45"
07332,"      Bad Dürkheim, Landkreis",2023,134221.0,65898.0,68323.0,18.0,1561.0,1062.0,0.0116300727903979,"78,15","116,30","36,30","-65,26","722,07","60,37","84,56","6,21","3,96","225,72","3,01","32263,32","923,44","36,21","4,98"
07333,      Donnersbergkreis,2015,75230.0,37221.0,38009.0,12.0,990.0,793.0,0.0131596437591386,"103,52","131,60","36,73","-35,89","11,04","48,78","75,72","6,18","3,67","116,55","3,07","21451,67","941,72","28,23","5,86"
07333,      Donnersbergkreis,2017,75102.0,37216.0,37886.0,12.0,981.0,749.0,0.0130622353599105,"90,57","130,62","31,38","-36,50","11,46","52,89","78,25","5,83","3,67","116,36","3,00","23163,98","941,72","28,80","6,21"
07333,      Donnersbergkreis,2019,75325.0,37331.0,37994.0,12.0,969.0,783.0,0.012864254895453,"94,11","128,64","29,50","-36,62","11,36","56,37","80,71","5,31","3,67","116,71","3,41","22911,00","913,03","27,96","5,45"
07333,      Donnersbergkreis,2021,75569.0,37418.0,38151.0,13.0,971.0,827.0,0.0128491841892839,"104,42","128,49","46,74","-41,22","10,16","58,68","80,96","4,93","3,67","117,09","3,66","25070,11","921,57","25,88","5,32"
07333,      Donnersbergkreis,2023,74728.0,36958.0,37770.0,13.0,970.0,765.0,0.0129804089497912,"92,28","129,80","15,05","-40,27","944,05","62,27","83,20","4,93","3,67","115,78","3,46","29017,74","921,57","34,93","6,01"
07334,"      Germersheim, Landkreis",2015,127303.0,63377.0,63926.0,13.0,894.0,776.0,0.0070226153350667,"95,45","70,23","48,81","-20,73","8,71","49,92","77,98","6,05","2,46","274,74","2,51","22408,93","948,17","30,64","5,45"
07334,"      Germersheim, Landkreis",2017,128477.0,64067.0,64410.0,13.0,914.0,809.0,0.0071141138102539,"97,94","71,14","43,93","-20,64","8,79","53,98","79,75","6,03","2,46","277,30","2,47","23783,56","948,17","30,80","5,98"
07334,"      Germersheim, Landkreis",2019,129013.0,64277.0,64736.0,14.0,979.0,841.0,0.0075883825660979,"92,32","75,88","39,50","-19,34","8,79","57,46","81,75","5,81","2,46","278,45","3,03","23511,53","926,48","30,10","5,27"
07334,"      Germersheim, Landkreis",2021,129313.0,64327.0,64986.0,15.0,981.0,845.0,0.0075862442291184,"97,01","75,86","55,08","-21,76","8,07","60,83","82,60","5,28","2,46","279,10","3,02","25797,31","987,12","27,45","4,94"
07334,"      Germersheim, Landkreis",2023,131678.0,65708.0,65970.0,16.0,941.0,843.0,0.007146220325339,"91,43","71,46","55,23","-23,35","721,88","63,92","81,50","5,28","2,46","284,21","2,57","29867,37","987,12","35,69","5,31"
07335,"      Kaiserslautern, Landkreis",2015,104966.0,51600.0,53366.0,13.0,814.0,659.0,0.0077548920602861,"103,13","77,55","39,15","-57,31","10,14","46,87","75,20","6,79","2,43","164,04","2,84","21435,28","795,85","30,45","6,07"
07335,"      Kaiserslautern, Landkreis",2017,105649.0,52021.0,53628.0,14.0,849.0,706.0,0.0080360438811536,"91,21","80,36","36,22","-58,93","10,56","51,33","77,52","6,79","2,43","165,08","2,91","23011,28","795,85","31,39","6,73"
07335,"      Kaiserslautern, Landkreis",2019,105979.0,52078.0,53901.0,13.0,822.0,700.0,0.0077562535974108,"91,62","77,56","32,87","-57,30","10,77","55,03","80,26","7,08","2,43","165,59","2,91","22699,43","787,95","30,32","6,04"
07335,"      Kaiserslautern, Landkreis",2021,106853.0,52537.0,54316.0,14.0,999.0,766.0,0.0093492929538712,"88,15","93,49","27,45","-55,43","9,52","57,37","81,15","6,49","2,43","166,96","3,18","24933,31","851,42","27,74","5,19"
07335,"      Kaiserslautern, Landkreis",2023,106082.0,52011.0,54071.0,16.0,1094.0,814.0,0.0103127769084293,"88,67","103,13","28,02","-53,14","860,16","61,15","82,07","6,49","2,43","165,75","2,74","29097,48","851,42","35,73","5,99"
07336,"      Kusel, Landkreis",2015,70997.0,35214.0,35783.0,8.0,654.0,523.0,0.0092116568305703,"93,56","92,12","41,53","-120,24","10,05","44,80","74,55","6,48","3,43","123,83","3,65","20776,37","937,27","29,14","6,62"
07336,"      Kusel, Landkreis",2017,70764.0,35177.0,35587.0,9.0,740.0,550.0,0.010457294669606,"84,75","104,57","27,90","-115,54","10,67","48,74","76,74","6,08","3,43","123,37","3,55","22392,21","937,27","29,66","7,19"
07336,"      Kusel, Landkreis",2019,70219.0,34874.0,35345.0,9.0,719.0,530.0,0.0102393938962389,"91,07","102,39","27,71","-115,59","10,92","52,74","80,11","6,19","3,43","122,42","3,39","22267,97","877,74","28,21","6,16"
07336,"      Kusel, Landkreis",2021,69949.0,34714.0,35235.0,12.0,765.0,548.0,0.010936539478763,"90,88","109,37","24,23","-112,50","10,18","54,97","80,67","5,79","3,43","121,95","4,49","24455,58","858,27","25,51","5,68"
07336,"      Kusel, Landkreis",2023,69846.0,34904.0,34942.0,13.0,764.0,606.0,0.0109383500844715,"95,13","109,38","26,58","-112,69","927,94","59,95","81,49","5,79","3,43","121,77","3,90","28427,95","858,27","35,60","7,03"
07337,"      Südliche Weinstraße, Landkreis",2015,110526.0,54637.0,55889.0,12.0,724.0,563.0,0.0065504949061759,"86,88","65,50","43,06","-44,12","7,88","46,37","77,95","6,33","6,93","172,74","2,56","23004,20","1019,56","30,34","4,52"
07337,"      Südliche Weinstraße, Landkreis",2017,110622.0,54565.0,56057.0,13.0,754.0,580.0,0.0068160040498273,"88,15","68,16","33,56","-40,37","7,92","50,13","81,08","6,47","6,93","172,87","2,64","24590,95","1019,56","30,22","5,26"
07337,"      Südliche Weinstraße, Landkreis",2019,110521.0,54419.0,56102.0,14.0,729.0,569.0,0.0065960315234208,"85,31","65,96","25,08","-38,37","7,76","54,77","83,86","6,25","6,93","172,71","2,60","24416,51","1023,34","28,91","4,81"
07337,"      Südliche Weinstraße, Landkreis",2021,111279.0,54838.0,56441.0,13.0,729.0,513.0,0.0065511012859569,"87,84","65,51","26,04","-37,24","6,87","56,83","84,93","6,20","6,93","173,89","2,90","26673,83","1020,91","25,70","4,77"
07337,"      Südliche Weinstraße, Landkreis",2023,113150.0,55692.0,57458.0,13.0,728.0,503.0,0.0064339372514361,"94,55","64,34","24,94","-38,09","637,10","60,75","85,57","6,20","6,93","176,82","2,84","31081,93","1020,91","35,58","5,46"
07338,      Rhein-Pfalz-Kreis,2015,151546.0,74549.0,76997.0,14.0,1278.0,877.0,0.0084330830242962,"81,89","84,33","35,37","-126,88","7,93","49,99","80,97","5,72","0,00","496,97","2,57","24503,82","1121,38","34,02","4,11"
07338,      Rhein-Pfalz-Kreis,2017,153629.0,75692.0,77937.0,15.0,1252.0,1030.0,0.0081495030235176,"99,81","81,50","26,76","-122,11","7,87","53,76","81,95","5,63","0,00","503,72","2,41","25632,75","1121,38","34,86","4,45"
07338,      Rhein-Pfalz-Kreis,2019,154609.0,76324.0,78285.0,16.0,1277.0,1074.0,0.0082595450458899,"94,13","82,60","25,82","-125,04","7,76","57,41","84,28","5,45","0,00","506,93","2,66","25333,98","1151,65","34,62","4,22"
07338,      Rhein-Pfalz-Kreis,2021,155050.0,76418.0,78632.0,17.0,1359.0,1074.0,0.0087649145436955,"94,21","87,65","36,03","-119,06","6,83","59,25","86,86","5,29","0,00","508,38","2,82","27337,25","1167,98","32,64","4,28"
07338,      Rhein-Pfalz-Kreis,2023,155525.0,76503.0,79022.0,18.0,1349.0,1064.0,0.0086738466484488,"87,28","86,74","25,76","-122,57","623,47","62,81","86,76","5,29","0,00","509,93","2,91","31703,71","1167,98","34,28","4,87"
07339,"      Mainz-Bingen, Landkreis",2015,208749.0,103161.0,105588.0,18.0,1732.0,1269.0,0.0082970457343508,"91,16","82,97","43,71","-54,24","8,21","49,29","78,23","6,29","0,72","344,62","2,35","26821,77","777,70","33,50","4,99"
07339,"      Mainz-Bingen, Landkreis",2017,209785.0,103441.0,106344.0,20.0,1800.0,1363.0,0.0085802130752913,"92,34","85,80","41,65","-53,77","7,98","53,81","79,98","6,32","0,72","346,55","2,40","28148,73","777,70","35,16","5,53"
07339,"      Mainz-Bingen, Landkreis",2019,211417.0,104277.0,107140.0,20.0,1789.0,1389.0,0.0084619496067014,"90,67","84,62","34,55","-49,39","7,94","57,55","82,63","6,18","0,72","349,24","2,41","27787,58","803,87","34,57","5,01"
07339,"      Mainz-Bingen, Landkreis",2021,212420.0,104837.0,107583.0,23.0,1988.0,1590.0,0.0093588174371528,"98,82","93,59","35,99","-46,76","7,05","60,54","83,72","6,34","0,72","350,92","2,58","29899,54","777,38","33,11","4,82"
07339,"      Mainz-Bingen, Landkreis",2023,206220.0,101608.0,104612.0,24.0,2084.0,1494.0,0.0101057123460382,"93,84","101,06","33,25","-46,66","661,17","66,63","87,66","6,34","0,72","340,67","2,61","34315,12","777,38","37,65","5,59"
07340,"      Südwestpfalz, Landkreis",2015,96474.0,47711.0,48763.0,9.0,783.0,570.0,0.008116176379128,"84,44","81,16","33,96","-142,49","8,02","46,96","78,74","6,27","2,27","101,16","2,83","21548,53","1363,91","29,65","3,47"
07340,"      Südwestpfalz, Landkreis",2017,95474.0,47144.0,48330.0,10.0,787.0,620.0,0.0082430818861679,"84,93","82,43","32,47","-145,53","8,30","51,51","80,65","6,39","2,27","100,13","3,11","23227,44","1363,91","30,48","3,55"
07340,"      Südwestpfalz, Landkreis",2019,94831.0,46753.0,48078.0,12.0,814.0,755.0,0.0085836909871244,"99,87","85,84","35,56","-143,96","8,42","55,10","83,52","6,85","2,27","99,45","3,09","23030,90","1239,62","29,59","3,12"
07340,"      Südwestpfalz, Landkreis",2021,94819.0,46753.0,48066.0,12.0,753.0,649.0,0.0079414463345953,"97,16","79,41","27,00","-139,77","7,61","57,39","84,42","6,33","2,27","99,44","3,05","25348,57","1316,93","27,67","2,93"
07340,"      Südwestpfalz, Landkreis",2023,90168.0,44347.0,45821.0,12.0,732.0,608.0,0.0081181793984562,"91,15","81,18","26,72","-140,36","725,20","63,99","89,15","6,33","2,27","94,56","3,58","29291,59","1316,93","36,02","3,35"
08111,"      Stuttgart, Stadtkreis",2015,623738.0,310492.0,313246.0,69.0,5234.0,4964.0,0.0083913438014037,"100,32","83,91","71,12","39,39","10,67","50,22","71,39","6,02","7,36","3008,14","2,16","25634,40","575,35","48,43","7,71"
08111,"      Stuttgart, Stadtkreis",2017,632743.0,316126.0,316617.0,71.0,5187.0,4927.0,0.0081976410643815,"99,35","81,98","56,21","37,65","10,50","53,52","73,85","6,08","7,36","3051,57","2,00","27314,34","575,35","50,18","8,19"
08111,"      Stuttgart, Stadtkreis",2019,635911.0,317794.0,318117.0,80.0,5092.0,5423.0,0.0080074098419432,"110,99","80,07","57,17","37,70","10,14","56,74","75,99","5,95","7,36","3067,14","1,85","26736,65","584,34","51,59","7,35"
08111,"      Stuttgart, Stadtkreis",2021,626275.0,312886.0,313389.0,78.0,4621.0,5005.0,0.0073785477625643,"112,55","73,79","54,57","38,14","8,77","58,89","78,25","5,78","7,36","3020,67","2,08","28672,82","581,90","50,35","7,24"
08111,"      Stuttgart, Stadtkreis",2023,613111.0,305226.0,307885.0,76.0,4706.0,5220.0,0.0076756084950359,"114,37","76,76","54,37","39,44","811,32","63,99","79,13","5,78","7,36","2957,17","2,03","32874,30","581,90","47,86","8,05"
08115,"      Böblingen, Landkreis",2015,381281.0,189163.0,192118.0,52.0,2844.0,2872.0,0.0074590656235165,"101,59","74,59","56,23","8,06","6,96","53,20","76,49","5,93","3,07","617,14","2,07","25634,96","862,31","34,01","3,93"
08115,"      Böblingen, Landkreis",2017,389548.0,193790.0,195758.0,55.0,2902.0,3047.0,0.0074496596054914,"107,21","74,50","43,14","7,74","6,96","57,91","78,42","5,53","3,07","630,58","1,92","26954,95","862,31","33,02","4,38"
08115,"      Böblingen, Landkreis",2019,392807.0,195497.0,197310.0,58.0,2869.0,3153.0,0.0073038413266566,"112,61","73,04","42,97","7,60","6,78","61,51","80,42","5,44","3,07","635,86","1,95","26439,59","863,31","33,01","4,03"
08115,"      Böblingen, Landkreis",2021,393195.0,195513.0,197682.0,57.0,2892.0,3160.0,0.0073551291343989,"114,58","73,55","41,70","5,94","5,93","64,32","82,22","5,17","3,07","636,49","2,11","28443,48","874,25","31,98","4,01"
08115,"      Böblingen, Landkreis",2023,394261.0,196056.0,198205.0,63.0,2874.0,3226.0,0.0072895873545696,"116,25","72,90","33,42","7,28","558,50","68,18","82,40","5,17","3,07","638,21","2,00","33025,37","874,25","36,98","4,79"
08116,"      Esslingen, Landkreis",2015,524127.0,260597.0,263530.0,66.0,4104.0,3680.0,0.0078301633001161,"95,96","78,30","45,03","-5,33","7,46","54,81","79,16","5,70","3,46","817,06","2,02","25470,27","813,83","35,67","4,55"
08116,"      Esslingen, Landkreis",2017,532447.0,265956.0,266491.0,71.0,4543.0,4160.0,0.0085323046237465,"98,04","85,32","46,52","-3,78","7,40","59,03","81,26","5,71","3,46","830,29","2,05","26738,86","813,83","35,46","4,89"
08116,"      Esslingen, Landkreis",2019,535024.0,267334.0,267690.0,75.0,4248.0,4234.0,0.007939830736565,"104,78","79,40","41,55","-4,55","7,26","62,35","83,27","5,70","3,46","834,31","2,14","26206,30","802,13","35,89","4,54"
08116,"      Esslingen, Landkreis",2021,533388.0,266348.0,267040.0,75.0,4221.0,4300.0,0.0079135638597043,"108,86","79,14","41,67","-5,66","6,50","64,98","84,70","5,62","3,46","831,76","2,23","28165,10","808,47","35,59","4,71"
08116,"      Esslingen, Landkreis",2023,536027.0,267206.0,268821.0,81.0,4171.0,4437.0,0.0077813244482087,"109,69","77,81","36,24","-4,89","616,70","68,23","84,53","5,62","3,46","835,87","2,21","32631,95","808,47","39,49","5,29"
08117,"      Göppingen, Landkreis",2015,252749.0,125606.0,127143.0,39.0,2244.0,2116.0,0.0088783734060273,"102,52","88,78","48,34","-15,07","8,22","51,16","78,57","5,80","4,50","393,47","2,42","23068,81","848,12","37,50","5,21"
08117,"      Göppingen, Landkreis",2017,256345.0,127717.0,128628.0,42.0,2350.0,2363.0,0.0091673330862704,"103,59","91,67","41,05","-15,07","8,52","55,34","79,72","5,70","4,50","399,08","2,30","24719,45","848,12","37,63","5,91"
08117,"      Göppingen, Landkreis",2019,258145.0,128649.0,129496.0,46.0,2494.0,2535.0,0.0096612369017412,"110,99","96,61","36,59","-18,42","8,46","59,29","81,74","5,37","4,50","401,88","2,49","24297,03","878,79","38,72","5,52"
08117,"      Göppingen, Landkreis",2021,259046.0,128916.0,130130.0,53.0,2515.0,2667.0,0.0097087003852597,"112,67","97,09","37,69","-20,26","7,45","61,15","82,44","5,32","4,50","403,28","2,57","26395,84","885,63","39,40","5,37"
08117,"      Göppingen, Landkreis",2023,259232.0,128710.0,130522.0,57.0,2605.0,2813.0,0.0100489137143562,"115,43","100,49","43,72","-22,68","696,92","64,84","83,29","5,32","4,50","403,57","2,29","30623,35","885,63","37,03","6,06"
08118,"      Ludwigsburg, Landkreis",2015,534074.0,264678.0,269396.0,80.0,4215.0,3931.0,0.0078921647561948,"98,35","78,92","49,19","-14,49","7,88","54,95","78,60","5,81","2,78","777,59","2,07","25378,55","819,68","34,09","4,26"
08118,"      Ludwigsburg, Landkreis",2017,542630.0,269294.0,273336.0,85.0,4995.0,4548.0,0.0092051674253174,"110,20","92,05","42,55","-15,28","7,75","58,50","80,52","5,92","2,78","790,12","2,08","26796,40","819,68","32,95","4,56"
08118,"      Ludwigsburg, Landkreis",2019,545423.0,270799.0,274624.0,88.0,4260.0,4703.0,0.0078104517044569,"118,11","78,10","41,20","-13,72","7,59","62,19","82,49","5,94","2,78","794,19","2,10","26400,60","818,34","33,13","3,95"
08118,"      Ludwigsburg, Landkreis",2021,544679.0,270057.0,274622.0,89.0,4239.0,4697.0,0.0077825655110624,"118,79","77,83","37,04","-13,93","6,56","64,68","83,63","6,06","2,78","793,10","2,32","28631,74","800,70","32,22","3,85"
08118,"      Ludwigsburg, Landkreis",2023,534808.0,264112.0,270696.0,96.0,4302.0,4862.0,0.0080440083170034,"121,40","80,44","37,62","-12,62","637,23","68,92","85,14","6,06","2,78","778,73","2,12","32907,00","800,70","38,42","4,90"
08119,"      Rems-Murr-Kreis, Landkreis",2015,419456.0,207145.0,212311.0,68.0,4019.0,3592.0,0.0095814578883124,"98,79","95,81","54,05","-19,54","8,25","54,23","79,35","5,75","3,08","488,80","2,21","24783,51","852,74","36,11","5,03"
08119,"      Rems-Murr-Kreis, Landkreis",2017,424878.0,210261.0,214617.0,69.0,3951.0,3883.0,0.0092991399884202,"102,56","92,99","47,84","-17,96","8,19","58,03","81,22","5,57","3,08","495,15","2,44","26241,70","852,74","36,02","5,54"
08119,"      Rems-Murr-Kreis, Landkreis",2019,427248.0,211395.0,215853.0,73.0,3943.0,4213.0,0.0092288319664457,"112,02","92,29","40,03","-17,89","7,87","61,62","82,86","5,58","3,08","497,91","2,33","25728,70","855,78","36,71","5,18"
08119,"      Rems-Murr-Kreis, Landkreis",2021,427316.0,211185.0,216131.0,72.0,3795.0,4168.0,0.008881015454605,"119,12","88,81","40,18","-18,60","6,94","63,85","84,26","5,63","3,08","497,99","2,41","27849,04","839,11","36,61","5,26"
08119,"      Rems-Murr-Kreis, Landkreis",2023,440103.0,217983.0,222120.0,72.0,3691.0,4029.0,0.0083866731197015,"113,56","83,87","39,68","-19,99","631,38","65,61","82,50","5,63","3,08","512,89","2,34","32359,92","839,11","37,07","5,71"
08121,"      Heilbronn, Stadtkreis",2015,122567.0,61268.0,61299.0,19.0,1588.0,1271.0,0.0129561790694069,"93,11","129,56","48,72","28,74","10,97","52,58","77,61","6,14","8,14","1227,14","2,80","26825,66","516,46","44,31","8,53"
08121,"      Heilbronn, Stadtkreis",2017,125113.0,63068.0,62045.0,19.0,1651.0,1289.0,0.0131960707520401,"88,23","131,96","43,76","27,07","11,30","56,88","79,91","6,32","8,14","1252,51","2,36","28952,65","516,46","48,09","8,86"
08121,"      Heilbronn, Stadtkreis",2019,126592.0,63802.0,62790.0,21.0,1654.0,1379.0,0.013065596562184,"95,83","130,66","42,11","24,07","11,75","60,96","81,35","5,79","8,14","1267,19","2,40","28796,64","544,48","48,84","7,57"
08121,"      Heilbronn, Stadtkreis",2021,125613.0,63138.0,62475.0,21.0,1537.0,1547.0,0.012235994682079,"113,25","122,36","44,89","24,78","10,56","63,00","83,01","6,35","8,14","1257,51","2,96","30824,63","528,90","50,38","7,60"
08121,"      Heilbronn, Stadtkreis",2023,131653.0,66605.0,65048.0,21.0,1512.0,1534.0,0.0114847363903595,"108,26","114,85","32,32","24,62","996,90","65,72","80,20","6,35","8,14","1317,98","2,37","35299,18","528,90","43,39","7,90"
08125,"      Heilbronn, Landkreis",2015,334388.0,167488.0,166900.0,52.0,2998.0,2732.0,0.0089656327380169,"102,71","89,66","49,11","-9,29","7,01","53,23","79,33","5,76","3,20","304,01","2,44","23795,91","923,50","31,09","3,78"
08125,"      Heilbronn, Landkreis",2017,340772.0,171195.0,169577.0,59.0,3199.0,2775.0,0.0093875083633631,"95,85","93,88","46,70","-6,91","7,30","57,24","81,09","5,86","3,20","309,82","2,21","25563,07","923,50","32,10","4,24"
08125,"      Heilbronn, Landkreis",2019,344456.0,172994.0,171462.0,59.0,2953.0,2936.0,0.0085729381982023,"106,69","85,73","44,82","-4,90","7,45","61,30","82,96","5,69","3,20","313,17","2,29","25272,36","925,34","31,77","3,83"
08125,"      Heilbronn, Landkreis",2021,347798.0,174514.0,173284.0,63.0,2935.0,2864.0,0.0084388064336195,"104,95","84,39","49,33","-6,20","6,64","63,15","84,39","5,41","3,20","316,21","2,47","27678,89","934,31","29,55","3,78"
08125,"      Heilbronn, Landkreis",2023,353609.0,177043.0,176566.0,67.0,2981.0,3136.0,0.0084302152942939,"113,38","84,30","42,51","-4,62","637,24","66,20","84,24","5,41","3,20","321,49","2,37","31985,72","934,31","34,11","4,57"
08126,"      Hohenlohekreis, Landkreis",2015,110181.0,55569.0,54612.0,26.0,1268.0,1111.0,0.0115083362830252,"94,96","115,08","51,60","11,40","6,17","55,78","82,25","5,81","1,81","141,85","2,54","23120,43","960,28","31,03","2,54"
08126,"      Hohenlohekreis, Landkreis",2017,111392.0,56212.0,55180.0,27.0,1264.0,1167.0,0.0113473139902326,"93,29","113,47","60,54","11,65","6,43","59,61","84,20","5,54","1,81","143,41","2,45","24801,77","960,28","32,25","2,74"
08126,"      Hohenlohekreis, Landkreis",2019,112655.0,56872.0,55783.0,28.0,1258.0,1273.0,0.0111668368026274,"110,22","111,67","48,57","12,91","6,34","63,78","85,35","5,79","1,81","145,03","2,31","24443,70","912,19","32,42","2,21"
08126,"      Hohenlohekreis, Landkreis",2021,113318.0,57184.0,56134.0,27.0,1221.0,1259.0,0.0107749872041511,"117,66","107,75","34,60","12,80","5,72","66,36","86,81","5,78","1,81","145,89","2,67","26564,37","912,02","31,46","2,20"
08126,"      Hohenlohekreis, Landkreis",2023,115335.0,58213.0,57122.0,25.0,1077.0,1116.0,0.009338015346599,"113,30","93,38","31,95","14,79","556,24","69,80","86,54","5,78","1,81","148,48","2,57","30847,86","912,02","34,89","3,05"
08127,"      Schwäbisch Hall, Landkreis",2015,191614.0,96187.0,95427.0,38.0,1927.0,1652.0,0.0100566764432661,"96,83","100,57","62,18","-2,66","6,74","52,51","79,91","6,47","3,87","129,12","2,26","22336,87","872,82","29,78","3,48"
08127,"      Schwäbisch Hall, Landkreis",2017,194203.0,97395.0,96808.0,39.0,1912.0,1783.0,0.0098453679912256,"96,95","98,45","41,56","-2,49","7,12","56,20","81,33","6,28","3,87","130,86","2,49","24291,85","872,82","30,19","3,96"
08127,"      Schwäbisch Hall, Landkreis",2019,196761.0,98720.0,98041.0,40.0,1837.0,1851.0,0.0093361997550327,"105,89","93,36","35,46","-2,75","7,04","60,47","83,71","6,22","3,87","132,58","2,55","23968,94","867,74","30,32","3,26"
08127,"      Schwäbisch Hall, Landkreis",2021,199398.0,100206.0,99192.0,40.0,1870.0,1975.0,0.0093782284676877,"111,96","93,78","60,42","-2,08","6,30","63,45","84,90","6,01","3,87","134,36","2,77","26207,27","868,84","28,47","3,22"
08127,"      Schwäbisch Hall, Landkreis",2023,200597.0,100633.0,99964.0,40.0,1883.0,2044.0,0.0093869798651026,"114,25","93,87","35,40","-2,43","597,00","68,36","85,79","6,01","3,87","135,17","2,83","30280,96","868,84","36,39","4,29"
08128,"      Main-Tauber-Kreis, Landkreis",2015,132181.0,65891.0,66290.0,27.0,1614.0,1498.0,0.0122105295012142,"104,32","122,11","41,31","-1,23","6,15","52,44","82,99","6,55","7,68","101,33","2,62","22310,12","680,51","34,39","3,49"
08128,"      Main-Tauber-Kreis, Landkreis",2017,132189.0,65797.0,66392.0,29.0,1676.0,1654.0,0.012678815937786,"104,88","126,79","43,19","0,24","6,25","56,21","84,95","6,57","7,68","101,36","2,40","24007,71","680,51","36,70","4,17"
08128,"      Main-Tauber-Kreis, Landkreis",2019,132399.0,65992.0,66407.0,33.0,1660.0,1738.0,0.0125378590472737,"110,07","125,38","49,14","0,18","6,31","61,08","86,76","6,51","7,68","101,52","2,36","23643,87","691,38","37,28","3,77"
08128,"      Main-Tauber-Kreis, Landkreis",2021,132956.0,66403.0,66553.0,34.0,1635.0,1781.0,0.0122973013628568,"119,61","122,97","42,19","-1,61","5,61","63,30","87,57","6,16","7,68","101,95","2,35","25954,14","714,82","36,95","3,38"
08128,"      Main-Tauber-Kreis, Landkreis",2023,133459.0,66682.0,66777.0,38.0,1634.0,1850.0,0.0122434605384425,"118,59","122,43","38,11","-1,68","526,92","67,20","88,54","6,16","7,68","102,34","2,64","30102,50","714,82","37,43","4,13"
08135,"      Heidenheim, Landkreis",2015,130527.0,64896.0,65631.0,22.0,1315.0,1272.0,0.010074543964084,"97,77","100,75","49,57","-3,99","8,03","50,16","77,10","6,63","3,50","208,13","2,39","22397,56","775,37","30,92","6,07"
08135,"      Heidenheim, Landkreis",2017,132006.0,65768.0,66238.0,23.0,1322.0,1299.0,0.0100146963016832,"100,46","100,15","38,98","-4,66","8,46","54,62","79,03","6,48","3,50","210,49","2,43","23923,80","775,37","32,09","6,45"
08135,"      Heidenheim, Landkreis",2019,132777.0,66089.0,66688.0,23.0,1257.0,1322.0,0.0094670010619309,"106,96","94,67","50,05","-4,16","8,57","59,45","80,71","6,31","3,50","211,72","2,44","23487,94","789,16","35,83","5,55"
08135,"      Heidenheim, Landkreis",2021,132958.0,66273.0,66685.0,23.0,1330.0,1356.0,0.0100031588922817,"108,05","100,03","47,19","-6,20","7,54","62,50","82,34","5,83","3,50","212,01","2,77","25656,12","813,20","35,14","4,97"
08135,"      Heidenheim, Landkreis",2023,135241.0,67388.0,67853.0,26.0,1315.0,1353.0,0.0097233827019912,"111,36","97,23","39,45","-8,66","740,33","65,67","81,67","5,83","3,50","215,65","2,79","29775,92","813,20","36,14","5,29"
08136,"      Ostalbkreis, Landkreis",2015,312650.0,155797.0,156853.0,55.0,2913.0,2912.0,0.0093171277786662,"110,39","93,17","51,49","-2,46","7,09","50,83","77,65","6,00","3,69","206,84","2,47","22906,81","827,61","30,18","4,01"
08136,"      Ostalbkreis, Landkreis",2017,312422.0,155476.0,156946.0,57.0,2973.0,2985.0,0.0095159751874067,"104,74","95,16","48,84","-2,58","7,23","54,78","79,77","6,03","3,69","206,71","2,41","24855,73","827,61","31,02","4,04"
08136,"      Ostalbkreis, Landkreis",2019,314025.0,156464.0,157561.0,60.0,3033.0,3240.0,0.0096584666825889,"112,23","96,58","40,40","-2,19","7,11","59,21","81,59","5,93","3,69","207,77","2,68","24466,79","814,59","35,12","3,54"
08136,"      Ostalbkreis, Landkreis",2021,315009.0,156818.0,158191.0,64.0,2993.0,3217.0,0.0095013158354205,"115,97","95,01","49,75","-2,76","6,25","61,48","82,97","5,67","3,69","208,42","2,76","26704,73","837,79","33,89","3,72"
08136,"      Ostalbkreis, Landkreis",2023,317263.0,157863.0,159400.0,70.0,3020.0,3294.0,0.0095189164825397,"117,56","95,19","55,49","-1,30","581,12","64,82","83,30","5,67","3,69","209,91","2,62","31080,28","837,79","36,47","4,53"
08211,"      Baden-Baden, Stadtkreis",2015,54160.0,25769.0,28391.0,16.0,848.0,813.0,0.0156573116691285,"107,97","156,57","55,75","33,42","9,64","51,68","79,35","8,22","11,60","386,28","3,33","27565,38","421,72","42,04","6,16"
08211,"      Baden-Baden, Stadtkreis",2017,54718.0,26266.0,28452.0,16.0,818.0,820.0,0.0149493768047077,"106,77","149,49","41,70","34,00","10,20","55,03","81,10","8,00","11,60","390,31","3,21","28883,43","421,72","43,44","6,71"
08211,"      Baden-Baden, Stadtkreis",2019,55185.0,26522.0,28663.0,16.0,644.0,710.0,0.0116698378182477,"114,70","116,70","53,83","29,99","10,23","60,05","81,98","7,76","11,60","393,64","3,05","28404,65","431,13","44,94","5,94"
08211,"      Baden-Baden, Stadtkreis",2021,55527.0,26715.0,28812.0,16.0,629.0,632.0,0.0113278225007653,"109,15","113,28","39,78","31,48","9,33","61,67","83,07","7,84","11,60","396,08","3,06","30063,25","436,36","45,08","6,09"
08211,"      Baden-Baden, Stadtkreis",2023,56526.0,26914.0,29612.0,17.0,632.0,743.0,0.0111806956091002,"125,08","111,81","37,01","31,96","872,96","63,70","83,31","7,84","11,60","403,21","2,97","35090,53","436,36","47,99","8,19"
08212,"      Karlsruhe, Stadtkreis",2015,307755.0,156686.0,151069.0,51.0,3341.0,3013.0,0.0108560380822407,"98,75","108,56","56,04","34,93","9,11","50,60","72,86","5,91","7,67","1774,21","2,25","23663,86","548,67","50,58","7,28"
08212,"      Karlsruhe, Stadtkreis",2017,311919.0,159659.0,152260.0,48.0,3060.0,2974.0,0.0098102391967145,"100,34","98,10","48,28","33,06","9,51","53,80","74,59","5,98","7,67","1798,63","2,28","25145,36","548,67","53,26","6,64"
08212,"      Karlsruhe, Stadtkreis",2019,312060.0,159887.0,152173.0,46.0,2661.0,2792.0,0.0085272063064795,"107,18","85,27","48,23","30,49","9,33","57,78","77,25","5,74","7,67","1799,45","2,29","24594,73","560,00","56,20","5,80"
08212,"      Karlsruhe, Stadtkreis",2021,306502.0,156807.0,149695.0,51.0,2671.0,2869.0,0.008714461895844,"111,20","87,14","40,88","31,10","8,33","60,16","79,34","5,77","7,67","1767,40","2,37","26390,95","553,40","51,81","5,77"
08212,"      Karlsruhe, Stadtkreis",2023,308197.0,156474.0,151723.0,43.0,2522.0,2735.0,0.0081830777067914,"108,45","81,83","47,53","32,35","750,65","62,27","78,62","5,77","7,67","1777,17","2,43","30438,97","553,40","48,09","6,22"
08215,"      Karlsruhe, Landkreis",2015,435841.0,216383.0,219458.0,70.0,4423.0,3875.0,0.0101481962458786,"97,85","101,48","45,83","-19,57","7,36","51,09","79,24","5,87","2,04","401,72","2,39","23986,39","859,56","33,57","3,49"
08215,"      Karlsruhe, Landkreis",2017,442673.0,220593.0,222080.0,72.0,4363.0,4056.0,0.009856033686265,"99,73","98,56","46,31","-19,35","7,74","55,51","80,94","5,74","2,04","407,89","2,47","25516,03","859,56","33,09","4,10"
08215,"      Karlsruhe, Landkreis",2019,445101.0,221685.0,223416.0,77.0,4055.0,3980.0,0.0091102918214068,"103,00","91,10","42,45","-18,76","7,65","59,44","83,18","5,67","2,04","410,24","2,47","25051,21","859,68","33,90","3,56"
08215,"      Karlsruhe, Landkreis",2021,448487.0,223284.0,225203.0,79.0,4116.0,4000.0,0.0091775235402586,"106,78","91,78","44,45","-18,25","6,84","62,55","84,19","5,43","2,04","413,36","2,61","27095,66","880,68","32,56","3,55"
08215,"      Karlsruhe, Landkreis",2023,455350.0,227092.0,228258.0,90.0,4283.0,4359.0,0.0094059514659053,"109,44","94,06","40,94","-19,81","627,52","65,99","84,69","5,43","2,04","419,69","2,50","31437,99","880,68","35,67","4,32"
08216,"      Rastatt, Landkreis",2015,227474.0,112509.0,114965.0,27.0,1740.0,1530.0,0.0076492258455911,"93,87","76,49","42,16","-8,28","7,51","53,57","81,11","5,77","2,20","307,92","2,50","22953,04","909,94","34,42","4,11"
08216,"      Rastatt, Landkreis",2017,230216.0,114267.0,115949.0,28.0,1868.0,1658.0,0.0081141189144108,"93,04","81,14","39,13","-8,30","7,73","57,83","83,12","5,76","2,20","311,76","2,76","24696,84","909,94","34,13","4,52"
08216,"      Rastatt, Landkreis",2019,231420.0,114941.0,116479.0,32.0,1928.0,1883.0,0.0083311727594849,"102,39","83,31","39,17","-6,88","7,66","61,86","84,59","5,83","2,20","313,39","2,67","24164,13","897,85","34,77","4,03"
08216,"      Rastatt, Landkreis",2021,232296.0,115408.0,116888.0,37.0,2060.0,1959.0,0.0088679960050969,"111,05","88,68","38,69","-9,80","6,93","64,33","85,94","5,75","2,20","314,58","2,96","26395,85","922,72","33,90","4,15"
08216,"      Rastatt, Landkreis",2023,231356.0,114906.0,116450.0,40.0,2001.0,1967.0,0.008649008454503,"111,44","86,49","40,32","-13,29","643,62","68,80","88,03","5,75","2,20","313,31","2,69","30731,14","922,72","37,12","5,18"
08221,"      Heidelberg, Stadtkreis",2015,156267.0,74954.0,81313.0,12.0,1081.0,1043.0,0.0069176473599672,"101,96","69,18","94,26","45,71","6,09","44,48","60,01","6,75","21,27","1435,75","1,74","23808,63","379,00","45,72","5,27"
08221,"      Heidelberg, Stadtkreis",2017,160601.0,77319.0,83282.0,14.0,1238.0,1200.0,0.0077085447786751,"100,50","77,09","75,58","43,77","6,32","48,14","61,78","6,48","21,27","1474,89","1,82","25627,62","379,00","43,98","4,98"
08221,"      Heidelberg, Stadtkreis",2019,161485.0,77638.0,83847.0,16.0,1249.0,1233.0,0.0077344645013468,"108,06","77,34","83,43","40,82","6,24","51,45","64,61","6,47","21,27","1483,83","1,59","25246,45","382,67","43,89","4,63"
08221,"      Heidelberg, Stadtkreis",2021,159245.0,76316.0,82929.0,16.0,1193.0,1318.0,0.0074916009921818,"117,05","74,92","90,23","39,84","5,43","54,59","66,90","6,75","21,27","1463,25","1,69","27020,37","374,25","42,68","4,66"
08221,"      Heidelberg, Stadtkreis",2023,155175.0,74203.0,80972.0,17.0,1262.0,1459.0,0.0081327533429998,"119,10","81,33","90,74","41,71","535,28","61,89","70,39","6,75","21,27","1425,85","1,75","31392,38","374,25","49,91","5,23"
08222,"      Mannheim, Stadtkreis",2015,305780.0,152868.0,152912.0,37.0,3119.0,2516.0,0.010200143894303,"88,10","102,00","57,04","36,25","13,53","49,56","72,02","7,01","7,38","2109,41","2,83","21346,84","527,62","55,95","11,44"
08222,"      Mannheim, Stadtkreis",2017,307997.0,153663.0,154334.0,37.0,3109.0,2691.0,0.0100942541648132,"91,50","100,94","42,57","34,30","14,14","52,83","73,73","6,73","7,38","2124,56","2,79","22702,21","527,62","56,91","11,16"
08222,"      Mannheim, Stadtkreis",2019,310658.0,155007.0,155651.0,42.0,2978.0,2658.0,0.0095861043333826,"95,44","95,86","38,62","32,57","13,95","56,69","75,53","6,73","7,38","2142,91","2,89","22133,28","530,36","59,35","10,55"
08222,"      Mannheim, Stadtkreis",2021,311831.0,155561.0,156270.0,41.0,2892.0,2627.0,0.009274254323656,"98,28","92,74","48,25","31,42","12,36","59,16","77,61","6,52","7,38","2151,00","2,75","23760,06","537,87","54,29","10,77"
08222,"      Mannheim, Stadtkreis",2023,316256.0,158054.0,158202.0,43.0,2956.0,2653.0,0.0093468582414246,"95,43","93,47","43,42","31,66","1120,13","61,77","78,46","6,52","7,38","2181,53","2,66","27660,43","537,87","51,57","11,32"
08225,"      Neckar-Odenwald-Kreis, Landkreis",2015,142936.0,71596.0,71340.0,36.0,1889.0,1671.0,0.0132157049308781,"99,11","132,16","40,92","-25,37","7,64","50,36","79,22","5,71","3,62","126,91","2,67","21655,32","889,15","33,27","3,78"
08225,"      Neckar-Odenwald-Kreis, Landkreis",2017,143376.0,71974.0,71402.0,36.0,1787.0,1649.0,0.0124637317263698,"98,45","124,64","40,89","-26,84","7,96","54,10","80,90","5,71","3,62","127,34","2,99","23445,72","889,15","31,99","4,09"
08225,"      Neckar-Odenwald-Kreis, Landkreis",2019,143633.0,72186.0,71447.0,42.0,1803.0,1816.0,0.0125528256041438,"113,08","125,53","33,48","-29,78","7,88","57,83","82,63","5,51","3,62","127,57","2,66","23174,09","900,52","32,90","3,56"
08225,"      Neckar-Odenwald-Kreis, Landkreis",2021,143929.0,72230.0,71699.0,45.0,1902.0,1915.0,0.0132148489880427,"113,38","132,15","32,98","-30,06","6,86","60,04","83,71","5,60","3,62","127,83","3,29","25341,55","885,72","31,48","3,36"
08225,"      Neckar-Odenwald-Kreis, Landkreis",2023,145681.0,73024.0,72657.0,46.0,1932.0,1897.0,0.0132618529526842,"108,84","132,62","29,70","-29,35","645,21","63,02","84,06","5,60","3,62","129,38","2,82","29509,76","885,72","34,91","4,19"
08226,"      Rhein-Neckar-Kreis, Landkreis",2015,541859.0,266128.0,275731.0,77.0,4996.0,4713.0,0.0092201107668231,"104,27","92,20","44,58","-28,95","8,05","50,39","78,26","6,36","2,68","510,36","2,41","23983,71","755,69","35,14","5,31"
08226,"      Rhein-Neckar-Kreis, Landkreis",2017,546745.0,268886.0,277859.0,81.0,5081.0,4876.0,0.0092931805503479,"103,86","92,93","43,06","-28,35","8,17","54,41","80,60","6,34","2,68","515,04","2,49","25691,63","755,69","33,98","5,54"
08226,"      Rhein-Neckar-Kreis, Landkreis",2019,548355.0,269715.0,278640.0,83.0,4864.0,4768.0,0.0088701662244349,"104,42","88,70","37,63","-27,18","7,89","58,35","82,74","6,40","2,68","516,56","2,45","25243,25","750,66","34,54","5,02"
08226,"      Rhein-Neckar-Kreis, Landkreis",2021,549030.0,269753.0,279277.0,81.0,4937.0,4904.0,0.0089922226472141,"107,71","89,92","42,43","-25,39","6,92","61,07","83,70","6,33","2,68","517,20","2,54","27473,11","748,51","33,55","4,88"
08226,"      Rhein-Neckar-Kreis, Landkreis",2023,557819.0,274136.0,283683.0,77.0,4728.0,4523.0,0.008475867620142,"104,55","84,76","34,43","-24,71","636,52","63,97","82,98","6,33","2,68","525,48","2,49","31985,60","748,51","37,56","5,47"
08231,"      Pforzheim, Stadtkreis",2015,122247.0,59901.0,62346.0,18.0,1706.0,1432.0,0.0139553526875915,"93,05","139,55","50,40","18,12","13,64","55,02","74,38","6,87","8,85","1247,42","2,61","22847,00","511,48","43,77","11,75"
08231,"      Pforzheim, Stadtkreis",2017,124289.0,61032.0,63257.0,20.0,1722.0,1660.0,0.013854806137309,"104,86","138,55","35,11","15,50","14,66","58,23","76,45","6,48","8,85","1267,35","2,78","24366,82","511,48","44,16","12,05"
08231,"      Pforzheim, Stadtkreis",2019,125957.0,61998.0,63959.0,20.0,1626.0,1435.0,0.0129091674142763,"93,18","129,09","33,11","12,72","15,09","61,25","78,08","6,28","8,85","1285,41","2,78","23864,68","515,16","44,54","10,99"
08231,"      Pforzheim, Stadtkreis",2021,125529.0,61855.0,63674.0,26.0,1664.0,1447.0,0.0132559010268543,"97,18","132,56","39,87","10,70","14,05","64,06","79,86","6,12","8,85","1281,04","3,16","25590,85","516,05","46,25","10,71"
08231,"      Pforzheim, Stadtkreis",2023,135087.0,66550.0,68537.0,25.0,1499.0,1416.0,0.0110965525920332,"102,91","110,97","38,51","10,01","1183,99","63,47","73,54","6,12","8,85","1378,58","2,73","29657,08","516,05","42,03","10,54"
08235,"      Calw, Landkreis",2015,155359.0,77683.0,77676.0,31.0,1767.0,1560.0,0.0113736571424893,"95,35","113,74","56,54","-41,41","8,58","53,70","79,19","6,02","6,28","194,81","2,30","22893,01","889,40","32,54","3,68"
08235,"      Calw, Landkreis",2017,157424.0,79006.0,78418.0,32.0,1744.0,1680.0,0.011078361622116,"102,88","110,78","51,47","-42,74","8,66","57,94","81,23","5,72","6,28","197,45","2,69","24709,34","889,40","31,19","4,00"
08235,"      Calw, Landkreis",2019,159201.0,79850.0,79351.0,41.0,1802.0,1840.0,0.0113190243779875,"111,45","113,19","46,81","-41,82","8,62","61,67","82,86","5,75","6,28","199,68","2,73","24255,53","878,35","31,62","3,33"
08235,"      Calw, Landkreis",2021,160686.0,80687.0,79999.0,41.0,1743.0,1850.0,0.0108472424480041,"111,18","108,47","50,50","-40,98","7,75","63,88","84,41","5,51","6,28","201,54","2,73","26391,23","904,00","30,15","3,43"
08235,"      Calw, Landkreis",2023,161181.0,80430.0,80751.0,45.0,1973.0,2151.0,0.0122408968799052,"116,71","122,41","40,83","-41,32","734,12","69,08","85,26","5,51","6,28","202,16","2,65","30731,53","904,00","37,64","4,21"
08236,"      Enzkreis, Landkreis",2015,196066.0,97100.0,98966.0,34.0,1764.0,2091.0,0.0089969704079238,"123,51","89,97","43,58","-37,58","6,85","54,67","78,85","5,92","1,56","341,76","2,15","24591,67","935,70","32,12","2,74"
08236,"      Enzkreis, Landkreis",2017,198369.0,98374.0,99995.0,35.0,1749.0,2113.0,0.00881690183446,"124,59","88,17","43,21","-35,00","7,23","58,59","80,71","5,58","1,56","345,83","2,02","26077,06","935,70","30,59","3,47"
08236,"      Enzkreis, Landkreis",2019,199556.0,99072.0,100484.0,39.0,1833.0,2113.0,0.0091853915692838,"117,65","91,85","35,22","-32,89","7,07","61,73","82,85","5,49","1,56","347,90","2,40","25583,64","964,04","31,08","3,12"
08236,"      Enzkreis, Landkreis",2021,200237.0,99211.0,101026.0,41.0,1898.0,2296.0,0.0094787676603225,"127,41","94,79","38,52","-34,60","6,45","63,55","84,14","5,14","1,56","349,09","2,45","27775,74","1012,58","29,98","3,16"
08236,"      Enzkreis, Landkreis",2023,199878.0,99046.0,100832.0,42.0,1987.0,2311.0,0.0099410640490699,"125,19","99,41","37,37","-33,30","616,11","68,13","85,07","5,14","1,56","348,46","2,38","32160,37","1012,58","34,12","3,90"
08237,"      Freudenstadt, Landkreis",2015,116233.0,57866.0,58367.0,35.0,1460.0,1358.0,0.0125609766589522,"103,35","125,61","48,82","-9,25","7,66","54,59","82,22","5,51","3,84","133,50","2,42","22971,24","873,28","33,30","3,19"
08237,"      Freudenstadt, Landkreis",2017,117456.0,58619.0,58837.0,33.0,1408.0,1381.0,0.0119874676474594,"99,71","119,87","43,58","-8,52","7,70","57,98","83,83","5,58","3,84","134,95","2,30","24828,13","873,28","32,42","3,97"
08237,"      Freudenstadt, Landkreis",2019,118243.0,59082.0,59161.0,33.0,1360.0,1373.0,0.0115017379464323,"106,27","115,02","53,68","-8,64","7,64","61,86","85,45","5,84","3,84","135,85","2,81","24336,02","874,26","33,33","3,22"
08237,"      Freudenstadt, Landkreis",2021,119183.0,59539.0,59644.0,33.0,1351.0,1508.0,0.0113355092588708,"119,30","113,36","50,71","-8,26","7,14","64,22","86,30","5,92","3,84","136,93","2,73","26823,38","865,21","32,03","3,27"
08237,"      Freudenstadt, Landkreis",2023,121901.0,60986.0,60915.0,35.0,1377.0,1515.0,0.0112960517140958,"114,60","112,96","53,25","-8,63","653,48","67,82","86,55","5,92","3,84","140,05","2,79","31182,55","865,21","37,96","3,93"
08311,"      Freiburg im Breisgau, Stadtkreis",2015,226393.0,107913.0,118480.0,22.0,1904.0,1968.0,0.0084101540241968,"108,55","84,10","56,04","36,32","7,76","47,99","70,64","8,92","10,75","1479,11","2,05","21282,79","368,15","52,56","8,44"
08311,"      Freiburg im Breisgau, Stadtkreis",2017,229636.0,109537.0,120099.0,24.0,1978.0,2028.0,0.0086136320089184,"108,57","86,14","51,43","35,13","8,18","51,56","72,64","8,48","10,75","1500,50","1,89","22823,45","368,15","52,95","8,08"
08311,"      Freiburg im Breisgau, Stadtkreis",2019,231195.0,110333.0,120862.0,27.0,2055.0,2229.0,0.0088886005320184,"114,66","88,89","48,54","34,27","8,07","55,48","75,16","8,11","10,75","1510,68","1,86","22442,53","378,85","54,03","7,29"
08311,"      Freiburg im Breisgau, Stadtkreis",2021,231848.0,110660.0,121188.0,28.0,2036.0,2292.0,0.0087816155412166,"119,62","87,82","48,82","33,79","7,05","57,80","76,27","8,10","10,75","1514,95","1,86","24226,76","382,11","48,37","7,06"
08311,"      Freiburg im Breisgau, Stadtkreis",2023,236236.0,112446.0,123790.0,29.0,2005.0,2379.0,0.0084872754364279,"125,21","84,87","54,18","34,16","617,92","60,75","76,37","8,10","10,75","1543,62","1,94","28160,73","382,11","48,46","7,42"
08315,"      Breisgau-Hochschwarzwald, Landkreis",2015,257343.0,126585.0,130758.0,37.0,2088.0,1913.0,0.0081136848486261,"104,36","81,14","59,31","-25,52","7,08","50,36","82,55","6,68","5,22","186,71","2,06","23296,33","754,58","34,91","3,72"
08315,"      Breisgau-Hochschwarzwald, Landkreis",2017,262405.0,129454.0,132951.0,39.0,2111.0,2061.0,0.0080448162192031,"101,83","80,45","45,73","-24,96","7,31","54,26","84,76","6,55","5,22","190,38","2,28","25066,79","754,58","34,62","4,24"
08315,"      Breisgau-Hochschwarzwald, Landkreis",2019,263601.0,129954.0,133647.0,45.0,2096.0,2187.0,0.007951411413462,"110,45","79,51","42,69","-25,12","7,14","58,56","87,11","6,50","5,22","191,25","2,10","24715,48","756,39","34,01","3,84"
08315,"      Breisgau-Hochschwarzwald, Landkreis",2021,265792.0,131044.0,134748.0,53.0,2185.0,2272.0,0.0082207139417288,"108,60","82,21","40,36","-25,55","6,27","61,55","88,14","6,37","5,22","192,84","2,17","26840,24","776,60","33,35","3,79"
08315,"      Breisgau-Hochschwarzwald, Landkreis",2023,271977.0,134174.0,137803.0,54.0,2260.0,2481.0,0.008309526173169,"117,64","83,10","42,94","-26,73","538,77","64,76","87,59","6,37","5,22","197,33","2,26","31209,98","776,60","39,06","4,52"
08316,"      Emmendingen, Landkreis",2015,162082.0,79920.0,82162.0,21.0,1264.0,1240.0,0.0077985217359114,"108,30","77,99","45,50","-33,89","7,04","53,27","83,03","6,52","6,31","238,40","2,41","22230,64","738,62","35,45","3,55"
08316,"      Emmendingen, Landkreis",2017,164712.0,81348.0,83364.0,24.0,1380.0,1439.0,0.0083782602360483,"107,23","83,78","50,30","-32,43","7,12","56,94","85,36","6,44","6,31","242,30","2,25","24065,54","738,62","35,84","4,28"
08316,"      Emmendingen, Landkreis",2019,166408.0,82244.0,84164.0,30.0,1472.0,1552.0,0.0088457285707417,"109,68","88,46","43,07","-31,06","6,94","61,42","87,44","6,63","6,31","244,79","2,25","23677,65","726,67","35,77","3,82"
08316,"      Emmendingen, Landkreis",2021,167945.0,83146.0,84799.0,31.0,1458.0,1719.0,0.00868141355801,"119,71","86,81","41,85","-29,14","6,05","64,80","88,43","6,59","6,31","247,05","2,29","25986,44","735,79","35,76","3,34"
08316,"      Emmendingen, Landkreis",2023,169470.0,83878.0,85592.0,33.0,1412.0,1769.0,0.0083318581459845,"126,45","83,32","40,37","-28,15","547,11","69,41","89,10","6,59","6,31","249,29","2,29","30223,77","735,79","37,19","4,17"
08317,"      Ortenaukreis, Landkreis",2015,420106.0,208393.0,211713.0,86.0,4375.0,4633.0,0.0104140383617467,"113,75","104,14","47,87","-1,48","8,13","53,38","82,02","6,56","4,73","225,77","2,38","22289,22","778,67","37,29","4,73"
08317,"      Ortenaukreis, Landkreis",2017,425932.0,212042.0,213890.0,89.0,4481.0,4903.0,0.0105204586647633,"113,97","105,20","42,11","-1,69","8,39","57,86","84,12","6,43","4,73","228,96","2,41","23969,64","778,67","38,20","4,95"
08317,"      Ortenaukreis, Landkreis",2019,430953.0,214820.0,216133.0,102.0,4498.0,5309.0,0.0104373330734442,"124,33","104,37","41,55","-0,73","8,35","61,47","86,20","6,37","4,73","231,66","2,51","23560,65","785,34","38,28","4,30"
08317,"      Ortenaukreis, Landkreis",2021,434535.0,216889.0,217646.0,107.0,4419.0,5365.0,0.0101694915254237,"130,06","101,69","44,02","-0,26","7,57","63,91","86,96","6,43","4,73","233,58","2,66","25696,23","784,71","38,79","4,10"
08317,"      Ortenaukreis, Landkreis",2023,443482.0,221342.0,222140.0,110.0,4584.0,5846.0,0.0103363834383357,"134,17","103,36","35,61","1,47","706,62","67,79","86,82","6,43","4,73","238,39","2,51","29741,52","784,71","36,79","4,91"
08325,"      Rottweil, Landkreis",2015,137500.0,68504.0,68996.0,27.0,1273.0,1273.0,0.0092581818181818,"109,46","92,58","42,34","-4,96","7,88","52,66","81,91","5,80","5,77","178,70","2,42","22524,92","830,24","32,48","2,98"
08325,"      Rottweil, Landkreis",2017,138858.0,69415.0,69443.0,28.0,1292.0,1367.0,0.0093044693139754,"109,54","93,04","37,44","-4,46","8,03","56,53","83,74","5,91","5,77","180,47","2,51","24480,84","830,24","34,64","3,40"
08325,"      Rottweil, Landkreis",2019,139878.0,70004.0,69874.0,29.0,1294.0,1395.0,0.0092509186576874,"112,68","92,51","36,79","-3,98","7,90","60,20","85,13","5,65","5,77","181,80","2,47","24028,40","859,47","34,97","2,82"
08325,"      Rottweil, Landkreis",2021,140446.0,70361.0,70085.0,32.0,1296.0,1403.0,0.0092277458952195,"119,10","92,28","32,62","-4,00","6,94","62,72","86,10","5,13","5,77","182,53","2,70","26317,16","913,47","33,67","2,48"
08325,"      Rottweil, Landkreis",2023,140344.0,70185.0,70159.0,35.0,1366.0,1501.0,0.0097332269281194,"119,98","97,33","31,02","-3,12","662,66","68,03","87,30","5,13","5,77","182,40","2,76","30477,79","913,47","37,26","3,52"
08326,"      Schwarzwald-Baar-Kreis, Landkreis",2015,209648.0,103904.0,105744.0,33.0,2315.0,2061.0,0.0110423185530031,"98,05","110,42","49,69","1,05","9,12","54,56","81,10","6,22","6,10","204,48","2,47","22726,36","737,84","36,70","4,45"
08326,"      Schwarzwald-Baar-Kreis, Landkreis",2017,211207.0,104997.0,106210.0,33.0,2326.0,2182.0,0.0110128925651138,"95,28","110,13","46,39","0,36","9,24","58,58","82,69","6,09","6,10","205,99","2,51","24408,98","737,84","39,67","4,59"
08326,"      Schwarzwald-Baar-Kreis, Landkreis",2019,212506.0,105394.0,107112.0,37.0,2276.0,2231.0,0.0107102858272237,"104,50","107,10","34,50","0,29","9,20","62,13","84,82","5,87","6,10","207,25","2,67","23942,57","746,95","40,40","4,11"
08326,"      Schwarzwald-Baar-Kreis, Landkreis",2021,213385.0,105679.0,107706.0,43.0,2368.0,2470.0,0.0110973123696604,"115,75","110,97","34,33","-0,92","8,23","64,34","85,46","5,88","6,10","208,11","2,53","26205,09","746,75","40,34","4,29"
08326,"      Schwarzwald-Baar-Kreis, Landkreis",2023,213922.0,105802.0,108120.0,41.0,2278.0,2405.0,0.0106487411299445,"109,57","106,49","38,39","-3,19","757,24","68,72","85,95","5,88","6,10","208,64","2,44","30404,05","746,75","40,74","5,31"
08327,"      Tuttlingen, Landkreis",2015,136606.0,68387.0,68219.0,19.0,1137.0,1172.0,0.0083232068869595,"112,05","83,23","39,91","7,94","8,93","56,38","81,78","5,31","2,17","186,02","2,55","23629,20","903,71","32,17","3,62"
08327,"      Tuttlingen, Landkreis",2017,139397.0,70009.0,69388.0,19.0,1103.0,1211.0,0.0079126523526331,"111,51","79,13","41,38","7,78","9,32","60,06","82,88","5,33","2,17","189,82","2,44","25377,94","903,71","33,81","4,19"
08327,"      Tuttlingen, Landkreis",2019,140766.0,70847.0,69919.0,22.0,1234.0,1397.0,0.0087663214128411,"120,74","87,66","40,63","8,87","9,23","63,71","84,75","4,56","2,17","191,68","2,42","24869,89","979,24","33,52","3,80"
08327,"      Tuttlingen, Landkreis",2021,142414.0,71732.0,70682.0,26.0,1227.0,1343.0,0.0086157259819961,"126,94","86,16","39,31","8,29","7,98","65,59","84,51","4,56","2,17","193,92","2,74","27247,08","987,27","31,35","3,71"
08327,"      Tuttlingen, Landkreis",2023,144955.0,72748.0,72207.0,26.0,1269.0,1388.0,0.0087544410334241,"124,37","87,54","36,92","7,90","752,50","68,85","84,12","4,56","2,17","197,38","2,54","31723,45","987,27","35,51","4,44"
08335,"      Konstanz, Landkreis",2015,280288.0,136421.0,143867.0,43.0,2777.0,2483.0,0.009907666400274,"97,76","99,08","49,74","-2,05","10,15","49,27","80,95","6,60","5,34","342,66","2,12","22529,31","658,97","39,27","4,73"
08335,"      Konstanz, Landkreis",2017,284015.0,138473.0,145542.0,39.0,2531.0,2504.0,0.0089115011531081,"100,97","89,12","49,03","-2,07","10,24","52,69","82,82","6,52","5,34","347,22","2,27","24322,50","658,97","40,79","5,30"
08335,"      Konstanz, Landkreis",2019,286305.0,139337.0,146968.0,45.0,2760.0,2690.0,0.0096400691570178,"102,55","96,40","45,16","-3,21","10,08","55,94","84,56","6,29","5,34","350,01","2,32","23879,05","668,55","40,81","4,70"
08335,"      Konstanz, Landkreis",2021,288097.0,139966.0,148131.0,50.0,2847.0,2979.0,0.0098820883244185,"112,46","98,82","46,78","-3,17","8,78","57,89","85,21","6,07","5,34","352,21","2,56","26054,86","678,27","40,92","4,69"
08335,"      Konstanz, Landkreis",2023,291397.0,141924.0,149473.0,53.0,2873.0,2981.0,0.0098594014351554,"108,95","98,59","45,36","-3,78","773,26","60,93","85,64","6,07","5,34","356,24","2,41","30302,64","678,27","43,95","5,47"
08336,"      Lörrach, Landkreis",2015,226708.0,110935.0,115773.0,32.0,2119.0,2166.0,0.0093468249907369,"113,28","93,47","45,20","3,38","8,54","44,26","85,32","6,33","3,68","281,01","2,43","23545,09","831,74","35,68","4,36"
08336,"      Lörrach, Landkreis",2017,228314.0,111904.0,116410.0,32.0,2101.0,2221.0,0.0092022390216981,"112,40","92,02","41,72","3,62","8,82","46,94","85,54","6,15","3,68","283,02","2,50","25532,28","831,74","36,80","4,69"
08336,"      Lörrach, Landkreis",2019,228736.0,112047.0,116689.0,33.0,1843.0,1983.0,0.0080573237269166,"109,80","80,57","41,18","3,21","8,76","49,03","87,40","5,73","3,68","283,56","2,41","25004,74","857,49","36,73","4,49"
08336,"      Lörrach, Landkreis",2021,229445.0,112631.0,116814.0,38.0,1920.0,2218.0,0.0083680184793741,"123,63","83,68","40,23","2,25","8,05","49,11","87,92","5,55","3,68","284,44","2,60","27203,46","866,65","37,00","4,97"
08336,"      Lörrach, Landkreis",2023,237212.0,116533.0,120679.0,35.0,1754.0,2022.0,0.0073942296342512,"121,15","73,94","36,31","1,26","731,23","51,74","86,11","5,55","3,68","294,07","2,33","31715,72","866,65","39,54","5,64"
08337,"      Waldshut, Landkreis",2015,167861.0,83106.0,84755.0,35.0,1752.0,1464.0,0.0104372069748184,"102,45","104,37","59,94","-1,36","8,53","41,61","88,80","5,60","3,72","148,40","2,32","22315,62","899,33","34,77","3,23"
08337,"      Waldshut, Landkreis",2017,170198.0,84456.0,85742.0,34.0,1705.0,1514.0,0.0100177440392954,"93,80","100,18","66,71","-1,75","9,01","44,90","87,93","5,33","3,72","150,47","2,69","24288,20","899,33","35,15","3,97"
08337,"      Waldshut, Landkreis",2019,171003.0,84828.0,86175.0,33.0,1580.0,1577.0,0.0092396039835558,"103,68","92,40","75,73","-2,85","9,16","47,38","89,52","5,57","3,72","151,18","2,60","23890,97","896,48","34,76","3,64"
08337,"      Waldshut, Landkreis",2021,171249.0,84942.0,86307.0,33.0,1532.0,1548.0,0.0089460376410957,"109,87","89,46","28,45","-3,38","8,25","48,37","89,95","5,39","3,72","151,39","2,62","26066,25","925,67","34,90","3,70"
08337,"      Waldshut, Landkreis",2023,171777.0,84818.0,86959.0,32.0,1493.0,1574.0,0.0086915011904969,"112,91","86,92","45,49","-3,52","787,98","51,57","91,03","5,39","3,72","151,86","2,63","30260,13","925,67","39,08","4,73"
08415,"      Reutlingen, Landkreis",2015,282113.0,139634.0,142479.0,48.0,2237.0,2338.0,0.0079294467110696,"109,15","79,29","45,55","-4,00","7,32","53,79","79,76","6,27","3,94","258,18","2,13","23572,50","751,98","38,39","4,73"
08415,"      Reutlingen, Landkreis",2017,285754.0,141853.0,143901.0,48.0,2241.0,2484.0,0.0078424099050232,"110,99","78,42","46,15","-4,53","7,81","57,50","81,66","6,15","3,94","261,56","2,41","25159,57","751,98","39,49","5,45"
08415,"      Reutlingen, Landkreis",2019,287034.0,142281.0,144753.0,52.0,2334.0,2569.0,0.0081314408746002,"111,70","81,31","36,40","-5,13","8,03","61,84","83,65","6,21","3,94","262,74","2,20","24642,97","758,85","39,84","4,89"
08415,"      Reutlingen, Landkreis",2021,288158.0,142900.0,145258.0,53.0,2287.0,2621.0,0.0079366181053449,"118,60","79,37","41,89","-5,51","7,23","64,65","84,62","6,14","3,94","263,77","2,37","26765,23","760,31","39,70","4,62"
08415,"      Reutlingen, Landkreis",2023,293385.0,145418.0,147967.0,50.0,2179.0,2465.0,0.0074271009083627,"117,27","74,27","36,30","-7,06","687,33","67,99","84,23","6,14","3,94","268,55","2,39","31173,80","760,31","37,11","5,11"
08416,"      Tübingen, Landkreis",2015,221837.0,108268.0,113569.0,37.0,1473.0,1711.0,0.0066400104581291,"118,98","66,40","75,50","-10,78","5,67","51,77","73,08","6,32","8,51","427,28","1,59","23159,67","639,99","36,06","3,70"
08416,"      Tübingen, Landkreis",2017,225755.0,110042.0,115713.0,37.0,1484.0,1577.0,0.0065734978184314,"107,50","65,73","63,92","-8,80","6,00","55,30","74,66","6,14","8,51","434,88","1,80","24645,69","639,99","35,57","4,24"
08416,"      Tübingen, Landkreis",2019,228678.0,111504.0,117174.0,37.0,1412.0,1619.0,0.00617462108292,"115,89","61,75","46,84","-8,78","5,99","59,63","77,16","6,02","8,51","440,52","1,96","24245,63","645,98","35,60","3,71"
08416,"      Tübingen, Landkreis",2021,229806.0,111879.0,117927.0,44.0,1386.0,1854.0,0.0060311741207801,"145,41","60,31","43,29","-5,06","5,21","62,32","78,32","6,06","8,51","442,69","1,86","26353,52","644,17","33,13","3,43"
08416,"      Tübingen, Landkreis",2023,232897.0,112855.0,120042.0,43.0,1437.0,1842.0,0.0061701095333988,"138,08","61,70","35,81","-1,93","472,66","66,49","78,90","6,06","8,51","448,64","1,79","30522,64","644,17","40,00","4,12"
08417,"      Zollernalbkreis, Landkreis",2015,188595.0,93608.0,94987.0,34.0,1658.0,1632.0,0.0087913253267583,"109,31","87,91","55,27","-14,31","7,97","51,36","80,11","5,67","2,86","205,51","2,46","23494,22","872,17","38,34","4,18"
08417,"      Zollernalbkreis, Landkreis",2017,188170.0,93357.0,94813.0,39.0,1764.0,1750.0,0.009374501780305,"113,78","93,75","53,45","-14,55","8,36","55,96","82,07","5,67","2,86","205,07","2,39","25222,88","872,17","39,95","3,87"
08417,"      Zollernalbkreis, Landkreis",2019,189363.0,93921.0,95442.0,42.0,1669.0,1803.0,0.0088137598158035,"118,00","88,14","44,19","-13,87","8,54","58,95","84,24","5,10","2,86","206,37","2,59","24766,21","917,01","40,70","3,39"
08417,"      Zollernalbkreis, Landkreis",2021,190545.0,94483.0,96062.0,40.0,1550.0,1801.0,0.0081345613896979,"123,78","81,35","42,15","-12,91","7,61","61,66","85,11","5,00","2,86","207,66","2,82","26890,72","926,10","40,31","3,37"
08417,"      Zollernalbkreis, Landkreis",2023,193339.0,95614.0,97725.0,37.0,1541.0,1943.0,0.0079704560383574,"140,29","79,70","48,33","-13,75","717,21","65,41","85,12","5,00","2,86","210,71","2,81","31220,51","926,10","35,73","4,24"
08421,"      Ulm, Stadtkreis",2015,122636.0,60400.0,62236.0,17.0,1387.0,1060.0,0.0113098926905639,"89,75","113,10","63,13","46,69","7,72","53,46","76,21","7,18","16,09","1033,25","2,51","23766,30","416,92","43,45","5,39"
08421,"      Ulm, Stadtkreis",2017,125596.0,62321.0,63275.0,19.0,1302.0,1179.0,0.0103665721838275,"100,77","103,67","50,45","45,70","8,44","57,04","78,32","6,81","16,09","1058,27","1,86","25515,86","416,92","44,63","5,70"
08421,"      Ulm, Stadtkreis",2019,126790.0,62913.0,63877.0,22.0,1183.0,1149.0,0.0093303888319268,"105,51","93,30","41,55","43,83","8,51","60,90","79,92","6,68","16,09","1068,34","2,25","25017,89","420,53","46,98","5,18"
08421,"      Ulm, Stadtkreis",2021,126949.0,62943.0,64006.0,26.0,1216.0,1293.0,0.0095786496939715,"117,87","95,79","47,08","44,26","7,49","62,79","80,46","8,23","16,09","1069,67","2,05","26877,26","344,97","47,73","4,91"
08421,"      Ulm, Stadtkreis",2023,128998.0,63631.0,65367.0,26.0,1206.0,1276.0,0.009348982154762,"112,42","93,49","37,67","44,91","691,15","66,40","81,11","8,23","16,09","1086,94","2,19","31106,15","344,97","43,98","5,89"
08425,"      Alb-Donau-Kreis, Landkreis",2015,192104.0,96733.0,95371.0,32.0,1473.0,1414.0,0.0076677216507724,"108,19","76,68","43,33","-53,94","5,90","53,59","80,27","6,58","2,14","141,39","2,23","22907,10","827,33","31,55","2,51"
08425,"      Alb-Donau-Kreis, Landkreis",2017,194629.0,98401.0,96228.0,34.0,1524.0,1542.0,0.0078302822292669,"107,23","78,30","35,75","-54,59","6,38","57,23","82,50","6,40","2,14","143,26","2,29","24611,81","827,33","30,25","3,03"
08425,"      Alb-Donau-Kreis, Landkreis",2019,197076.0,99480.0,97596.0,36.0,1661.0,1760.0,0.0084282205849519,"112,53","84,28","29,43","-53,72","6,50","60,92","84,17","5,97","2,14","145,06","2,01","24197,16","863,42","32,18","2,75"
08425,"      Alb-Donau-Kreis, Landkreis",2021,199732.0,100725.0,99007.0,40.0,1611.0,1720.0,0.0080658081829651,"113,31","80,66","32,46","-51,94","5,75","63,96","85,20","5,82","2,14","147,02","2,17","26495,77","914,11","32,10","2,38"
08425,"      Alb-Donau-Kreis, Landkreis",2023,201769.0,101363.0,100406.0,39.0,1603.0,1755.0,0.0079447288731172,"116,30","79,45","38,92","-51,74","541,76","68,60","85,50","5,82","2,14","148,52","2,11","30738,85","914,11","32,79","3,17"
08426,"      Biberach, Landkreis",2015,194019.0,97540.0,96479.0,31.0,1576.0,1701.0,0.0081229157969064,"115,95","81,23","46,51","-4,59","6,30","52,98","80,09","5,93","3,30","137,63","2,18","23163,19","851,84","32,38","2,46"
08426,"      Biberach, Landkreis",2017,198265.0,99840.0,98425.0,34.0,1557.0,1713.0,0.0078531258668953,"113,14","78,53","51,18","-3,34","6,61","57,02","81,98","6,06","3,30","140,66","2,19","24889,65","851,84","31,71","3,11"
08426,"      Biberach, Landkreis",2019,201282.0,101390.0,99892.0,38.0,1523.0,1720.0,0.007566498743057,"117,57","75,66","51,88","-2,58","6,66","60,86","84,29","6,19","3,30","142,80","2,15","24619,04","840,43","33,04","2,49"
08426,"      Biberach, Landkreis",2021,203244.0,102385.0,100859.0,40.0,1482.0,1767.0,0.0072917281690972,"126,12","72,92","45,66","-3,21","5,85","63,81","86,06","6,04","3,30","144,19","2,43","26977,45","861,20","33,33","2,34"
08426,"      Biberach, Landkreis",2023,206783.0,104288.0,102495.0,40.0,1477.0,1773.0,0.0071427535145539,"124,60","71,43","36,61","-2,98","541,10","67,95","86,41","6,04","3,30","146,70","2,25","31248,00","861,20","34,86","3,06"
08435,"      Bodenseekreis, Landkreis",2015,212201.0,104569.0,107632.0,32.0,1606.0,1545.0,0.0075682960966253,"101,58","75,68","53,04","3,21","7,08","54,26","80,90","6,67","3,70","319,19","2,11","24532,59","654,94","36,97","2,91"
08435,"      Bodenseekreis, Landkreis",2017,214655.0,105793.0,108862.0,36.0,1741.0,1763.0,0.0081106892455335,"107,76","81,11","47,30","2,16","7,37","58,19","83,45","6,67","3,70","322,89","2,18","26060,68","654,94","38,33","3,89"
08435,"      Bodenseekreis, Landkreis",2019,217470.0,107252.0,110218.0,35.0,1701.0,1754.0,0.0078217685197958,"109,90","78,22","45,00","3,25","7,43","62,01","85,19","6,54","3,70","327,14","2,34","25757,65","656,51","39,34","3,45"
08435,"      Bodenseekreis, Landkreis",2021,218885.0,107741.0,111144.0,38.0,1660.0,1924.0,0.0075838910843593,"119,28","75,84","45,36","2,32","6,44","64,04","85,90","6,26","3,70","329,26","2,36","27931,51","676,07","40,43","3,27"
08435,"      Bodenseekreis, Landkreis",2023,221208.0,108833.0,112375.0,36.0,1573.0,1898.0,0.0071109543958627,"125,78","71,11","42,95","2,93","593,55","68,42","86,77","6,26","3,70","332,76","2,28","32095,07","676,07","42,09","4,37"
08436,"      Ravensburg, Landkreis",2015,279296.0,138713.0,140583.0,50.0,2461.0,2475.0,0.0088114401924839,"110,74","88,11","39,38","-0,45","6,59","52,96","80,19","6,42","5,59","171,16","2,14","22673,93","682,15","34,65","3,42"
08436,"      Ravensburg, Landkreis",2017,283264.0,141176.0,142088.0,44.0,2285.0,2347.0,0.0080666798463624,"108,91","80,67","37,41","-0,55","7,08","56,81","82,72","6,29","5,59","173,56","2,21","24305,30","682,15","35,90","3,94"
08436,"      Ravensburg, Landkreis",2019,285424.0,142334.0,143090.0,47.0,2275.0,2557.0,0.0079705981276977,"115,13","79,71","32,24","-0,22","7,08","60,69","85,14","6,19","5,59","174,88","2,26","23960,84","683,24","36,51","3,33"
08436,"      Ravensburg, Landkreis",2021,287011.0,143027.0,143984.0,54.0,2272.0,2554.0,0.0079160729031291,"120,02","79,16","36,28","0,69","6,09","63,33","86,72","6,17","5,59","175,86","2,30","26354,59","690,76","37,21","3,27"
08436,"      Ravensburg, Landkreis",2023,289725.0,144197.0,145528.0,54.0,2299.0,2660.0,0.0079351108810078,"120,31","79,35","39,01","0,60","572,42","67,23","87,14","6,17","5,59","177,52","2,28","30463,80","690,76","38,35","4,07"
08437,"      Sigmaringen, Landkreis",2015,130772.0,65635.0,65137.0,23.0,1037.0,1053.0,0.0079298320741443,"106,04","79,30","62,64","-13,44","9,02","52,38","79,10","6,25","4,93","108,58","2,64","21494,72","876,71","33,63","3,61"
08437,"      Sigmaringen, Landkreis",2017,130192.0,65210.0,64982.0,27.0,1021.0,1113.0,0.0078422637335627,"110,42","78,42","63,73","-13,77","9,11","56,61","82,06","6,09","4,93","108,11","2,56","23446,79","876,71","34,61","3,47"
08437,"      Sigmaringen, Landkreis",2019,130849.0,65573.0,65276.0,29.0,980.0,1116.0,0.0074895490221553,"117,97","74,90","53,55","-13,74","9,10","60,86","84,23","6,00","4,93","108,66","2,73","23122,32","866,55","34,98","2,87"
08437,"      Sigmaringen, Landkreis",2021,131725.0,66170.0,65555.0,34.0,988.0,1090.0,0.0075004744733345,"118,48","75,00","40,30","-14,24","7,82","63,34","85,15","5,39","4,93","109,39","2,65","25384,32","905,33","35,73","2,70"
08437,"      Sigmaringen, Landkreis",2023,132758.0,66498.0,66260.0,34.0,985.0,1159.0,0.007419515208123,"123,17","74,20","45,81","-15,48","728,69","67,65","86,17","5,39","4,93","110,24","2,36","29460,07","905,33","36,17","3,42"
09161,"      Ingolstadt, kreisfreie Stadt",2015,132438.0,66825.0,65613.0,15.0,1199.0,982.0,0.0090532928615654,"102,40","90,53","54,89","42,64","7,37","50,70","76,63","6,49","8,52","993,01","2,28","24614,78","528,81","39,89","4,88"
09161,"      Ingolstadt, kreisfreie Stadt",2017,135244.0,68292.0,66952.0,15.0,1170.0,988.0,0.0086510307296441,"106,12","86,51","49,36","42,79","7,30","55,26","78,04","6,32","8,52","1014,20","2,14","26219,69","528,81","42,82","5,31"
09161,"      Ingolstadt, kreisfreie Stadt",2019,137392.0,69471.0,67921.0,16.0,1051.0,958.0,0.007649644811925,"103,79","76,50","39,20","41,39","7,40","58,87","79,85","6,00","8,52","1030,31","2,38","25842,53","541,45","45,20","5,04"
09161,"      Ingolstadt, kreisfreie Stadt",2021,138016.0,69858.0,68158.0,16.0,1080.0,945.0,0.0078251796893113,"106,42","78,25","41,32","39,20","6,99","59,96","81,28","5,87","8,52","1034,99","2,78","27906,85","547,14","44,01","5,53"
09161,"      Ingolstadt, kreisfreie Stadt",2023,139536.0,70758.0,68778.0,16.0,1079.0,990.0,0.0077327714711615,"106,22","77,33","41,38","36,89","663,64","62,75","80,44","5,87","8,52","1046,39","2,39","32253,42","547,14","45,28","6,05"
09162,"      München, kreisfreie Stadt",2015,1450381.0,707150.0,743231.0,67.0,7478.0,5820.0,0.0051558866256521,"86,94","51,56","75,53","24,36","8,33","51,37","77,57","7,38","7,24","4668,11","1,98","28756,62","458,63","51,61","6,24"
09162,"      München, kreisfreie Stadt",2017,1456039.0,708422.0,747617.0,71.0,7479.0,5926.0,0.0051365382383301,"84,57","51,37","67,71","24,03","8,92","55,88","80,84","7,23","7,24","4686,17","1,90","30478,32","458,63","52,64","6,16"
09162,"      München, kreisfreie Stadt",2019,1484226.0,723663.0,760563.0,76.0,7770.0,6374.0,0.005235051804779,"87,89","52,35","62,76","23,64","8,96","59,76","82,05","6,79","7,24","4777,04","1,80","29869,95","473,63","51,94","5,33"
09162,"      München, kreisfreie Stadt",2021,1487708.0,725594.0,762114.0,77.0,7714.0,6457.0,0.0051851573023738,"91,06","51,85","60,55","27,51","7,88","61,76","82,61","6,63","7,24","4788,25","2,07","31905,39","480,22","52,52","5,63"
09162,"      München, kreisfreie Stadt",2023,1488719.0,728124.0,760595.0,79.0,7682.0,6644.0,0.005160141034003,"91,83","51,60","62,32","26,50","732,46","66,39","81,74","6,63","7,24","4791,50","1,86","36752,49","480,22","55,17","5,88"
09163,"      Rosenheim, kreisfreie Stadt",2015,61844.0,30273.0,31571.0,5.0,409.0,322.0,0.0066134143975163,"91,22","66,13","57,39","29,63","9,78","49,48","80,58","7,84","11,73","1661,58","2,66","23933,30","335,53","42,87","6,56"
09163,"      Rosenheim, kreisfreie Stadt",2017,63080.0,31126.0,31954.0,5.0,468.0,307.0,0.0074191502853519,"72,58","74,19","59,66","30,00","10,36","53,44","80,99","7,61","11,73","1694,79","2,55","24983,74","335,53","43,51","6,65"
09163,"      Rosenheim, kreisfreie Stadt",2019,63551.0,31357.0,32194.0,5.0,460.0,317.0,0.0072382810656008,"86,14","72,38","72,93","25,72","10,40","56,65","83,28","7,68","11,73","1707,44","2,56","24659,10","325,07","44,31","5,75"
09163,"      Rosenheim, kreisfreie Stadt",2021,63508.0,31438.0,32070.0,5.0,419.0,335.0,0.006597594003905,"91,28","65,98","67,14","23,98","9,05","58,37","85,66","7,72","11,73","1706,29","2,83","26288,12","319,54","42,94","5,35"
09163,"      Rosenheim, kreisfreie Stadt",2023,64453.0,31823.0,32630.0,6.0,417.0,375.0,0.0064698307293686,"103,59","64,70","62,04","23,07","782,29","61,55","84,00","7,72","11,73","1731,68","2,12","30553,48","319,54","48,58","5,83"
09171,"      Altötting, Landkreis",2015,108485.0,53369.0,55116.0,17.0,1353.0,1189.0,0.0124717702908236,"106,54","124,72","61,83","3,65","6,94","48,82","79,85","6,73","5,16","190,54","2,86","22853,82","753,16","37,02","3,68"
09171,"      Altötting, Landkreis",2017,110338.0,54467.0,55871.0,22.0,1418.0,1278.0,0.0128514201816237,"99,92","128,51","71,35","3,44","7,01","53,17","81,00","6,34","5,16","193,82","2,91","24492,49","753,16","38,44","4,09"
09171,"      Altötting, Landkreis",2019,111516.0,55205.0,56311.0,24.0,1383.0,1344.0,0.0124018078123318,"108,74","124,02","49,56","3,61","6,87","57,61","82,78","6,19","5,16","195,89","2,85","24104,49","763,81","38,14","3,40"
09171,"      Altötting, Landkreis",2021,112116.0,55429.0,56687.0,25.0,1374.0,1373.0,0.0122551642941239,"112,82","122,55","54,02","3,02","6,31","60,36","84,10","6,38","5,16","196,94","3,20","26099,80","709,59","37,30","3,12"
09171,"      Altötting, Landkreis",2023,113018.0,55985.0,57033.0,29.0,1414.0,1387.0,0.0125112813888053,"106,77","125,11","55,56","2,21","608,98","63,97","86,52","6,38","5,16","198,53","3,01","30529,99","709,59","39,01","3,83"
09172,"      Berchtesgadener Land, Landkreis",2015,103907.0,50897.0,53010.0,18.0,1343.0,979.0,0.0129250194885811,"98,79","129,25","47,54","-0,65","6,49","43,24","74,26","7,94","6,73","123,71","2,56","21856,46","679,95","39,72","3,35"
09172,"      Berchtesgadener Land, Landkreis",2017,105052.0,51603.0,53449.0,18.0,1318.0,1020.0,0.0125461676122301,"87,63","125,46","40,98","-0,55","6,76","46,13","75,72","7,47","6,73","125,09","2,46","23527,52","679,95","40,76","3,62"
09172,"      Berchtesgadener Land, Landkreis",2019,105929.0,52153.0,53776.0,17.0,1211.0,1045.0,0.0114321857092958,"96,49","114,32","43,11","-0,47","6,64","49,16","77,85","7,13","6,73","126,13","2,18","23224,34","696,90","40,71","3,43"
09172,"      Berchtesgadener Land, Landkreis",2021,106389.0,52425.0,53964.0,18.0,1179.0,1085.0,0.0110819727603417,"102,65","110,82","41,20","-2,33","5,84","50,80","78,37","6,65","6,73","126,68","2,78","25277,54","726,20","40,01","3,19"
09172,"      Berchtesgadener Land, Landkreis",2023,105108.0,51414.0,53694.0,18.0,1175.0,1121.0,0.0111789778132968,"108,41","111,79","38,92","-4,43","534,81","55,30","81,01","6,65","6,73","125,15","2,43","29349,93","726,20","44,86","3,76"
09173,"      Bad Tölz-Wolfratshausen, Landkreis",2015,124930.0,61462.0,63468.0,15.0,1042.0,829.0,0.0083406707756343,"92,73","83,41","37,89","-34,32","6,57","49,42","80,76","7,26","5,56","112,48","2,49","25621,84","666,17","41,71","2,50"
09173,"      Bad Tölz-Wolfratshausen, Landkreis",2017,126572.0,62408.0,64164.0,15.0,1014.0,836.0,0.0080112505135417,"88,00","80,11","41,95","-35,75","6,72","52,49","82,25","6,97","5,56","113,96","2,12","27023,34","666,17","41,22","2,95"
09173,"      Bad Tölz-Wolfratshausen, Landkreis",2019,127917.0,63164.0,64753.0,18.0,1063.0,929.0,0.0083100760649483,"96,57","83,10","42,30","-35,68","6,47","55,39","84,25","6,47","5,56","115,17","2,21","26595,63","692,38","39,74","2,47"
09173,"      Bad Tölz-Wolfratshausen, Landkreis",2021,127919.0,63112.0,64807.0,22.0,1075.0,1037.0,0.0084037555015283,"112,47","84,04","36,87","-37,06","5,56","58,77","86,47","6,59","5,56","115,17","2,52","28656,26","678,62","39,93","2,46"
09173,"      Bad Tölz-Wolfratshausen, Landkreis",2023,129787.0,64094.0,65693.0,22.0,1067.0,983.0,0.0082211623660304,"97,23","82,21","38,17","-37,02","486,79","62,68","87,46","6,59","5,56","116,85","2,42","33598,23","678,62","40,40","3,22"
09174,"      Dachau, Landkreis",2015,149370.0,74745.0,74625.0,14.0,1451.0,1022.0,0.0097141326906339,"81,56","97,14","43,07","-64,52","6,18","53,47","80,48","6,04","3,02","257,90","1,97","26294,12","816,59","31,90","2,17"
09174,"      Dachau, Landkreis",2017,152703.0,76431.0,76272.0,16.0,1593.0,1153.0,0.0104320150881122,"80,74","104,32","42,68","-63,27","6,22","56,89","82,23","6,14","3,02","263,66","2,09","27747,13","816,59","32,13","2,03"
09174,"      Dachau, Landkreis",2019,154899.0,77524.0,77375.0,16.0,1558.0,1145.0,0.0100581669345831,"80,98","100,58","39,87","-60,26","6,16","60,79","84,30","6,27","3,02","267,45","2,00","27431,36","813,12","32,36","1,70"
09174,"      Dachau, Landkreis",2021,155449.0,77545.0,77904.0,16.0,1571.0,1148.0,0.0101062084670856,"91,62","101,06","55,92","-58,93","5,40","63,08","85,93","6,16","3,02","268,40","2,25","29268,72","807,53","31,80","1,82"
09174,"      Dachau, Landkreis",2023,151925.0,75964.0,75961.0,14.0,1417.0,1055.0,0.0093269705446766,"88,95","93,27","48,72","-58,22","504,38","68,69","90,44","6,16","3,02","262,32","2,05","34147,90","807,53","36,80","2,49"
09175,"      Ebersberg, Landkreis",2015,137421.0,68564.0,68857.0,15.0,1131.0,949.0,0.008230183159779,"103,15","82,30","48,80","-46,34","5,67","51,60","80,18","5,86","2,27","250,14","1,89","28638,14","830,68","32,65","1,79"
09175,"      Ebersberg, Landkreis",2017,140800.0,70285.0,70515.0,15.0,1114.0,969.0,0.0079119318181818,"90,65","79,12","59,92","-46,47","5,87","55,51","80,74","5,82","2,27","256,28","1,75","30084,81","830,68","33,50","2,08"
09175,"      Ebersberg, Landkreis",2019,143649.0,71806.0,71843.0,16.0,1124.0,1022.0,0.0078246280865164,"97,33","78,25","45,25","-49,08","5,86","59,06","82,47","5,78","2,27","261,47","1,70","29709,61","843,75","33,85","1,63"
09175,"      Ebersberg, Landkreis",2021,144562.0,72179.0,72383.0,15.0,1191.0,1090.0,0.0082386795976812,"101,30","82,39","47,57","-49,71","4,99","62,41","84,73","5,71","2,27","263,13","1,90","31579,44","832,01","33,80","1,76"
09175,"      Ebersberg, Landkreis",2023,143011.0,71349.0,71662.0,15.0,1200.0,1181.0,0.0083909629329212,"105,16","83,91","38,99","-46,27","460,29","67,31","87,37","5,71","2,27","260,31","1,91","36468,12","832,01","35,89","2,70"
09176,"      Eichstätt, Landkreis",2015,128805.0,65284.0,63521.0,18.0,825.0,822.0,0.0064050308606032,"121,24","64,05","34,57","-44,94","3,74","49,70","75,52","5,34","3,50","106,10","1,97","23778,50","966,21","26,47","1,09"
09176,"      Eichstätt, Landkreis",2017,131646.0,66929.0,64717.0,18.0,818.0,772.0,0.0062136335323519,"100,78","62,14","43,59","-41,59","3,77","54,46","77,15","5,74","3,50","108,45","1,87","25766,09","966,21","28,28","1,57"
09176,"      Eichstätt, Landkreis",2019,132881.0,67518.0,65363.0,18.0,815.0,828.0,0.006133307244828,"113,74","61,33","27,78","-38,52","3,98","58,14","79,41","5,53","3,50","109,47","1,99","25472,81","969,93","28,79","1,40"
09176,"      Eichstätt, Landkreis",2021,133634.0,67599.0,66035.0,19.0,906.0,813.0,0.0067797117500037,"114,51","67,80","26,48","-38,81","3,78","58,89","80,47","5,26","3,50","110,09","2,33","27874,44","973,65","26,28","1,43"
09176,"      Eichstätt, Landkreis",2023,135220.0,68535.0,66685.0,20.0,897.0,868.0,0.0066336340777991,"123,47","66,34","34,68","-38,66","355,36","60,10","80,74","5,26","3,50","111,40","2,11","32161,52","973,65","31,90","2,26"
09177,"      Erding, Landkreis",2015,133747.0,67321.0,66426.0,16.0,1057.0,856.0,0.007902981001443,"98,17","79,03","39,02","-45,39","6,15","51,56","80,55","6,07","4,40","153,61","2,17","25605,38","846,27","28,97","2,11"
09177,"      Erding, Landkreis",2017,136884.0,69075.0,67809.0,15.0,1053.0,933.0,0.0076926448671868,"92,74","76,93","41,84","-38,21","6,41","55,06","82,22","6,05","4,40","157,20","2,28","26898,16","846,27","28,84","2,26"
09177,"      Erding, Landkreis",2019,138182.0,69629.0,68553.0,15.0,1039.0,926.0,0.0075190690538565,"94,11","75,19","43,45","-36,86","6,15","58,91","84,58","5,97","4,40","158,69","1,99","26428,58","847,74","28,69","1,90"
09177,"      Erding, Landkreis",2021,139622.0,70223.0,69399.0,15.0,1022.0,924.0,0.0073197633610749,"99,57","73,20","42,86","-42,89","5,27","61,16","86,03","5,89","4,40","160,35","2,16","28287,23","837,31","27,87","1,96"
09177,"      Erding, Landkreis",2023,139547.0,70022.0,69525.0,15.0,1011.0,933.0,0.0072448709037098,"97,70","72,45","41,04","-42,57","471,94","66,73","87,65","5,89","4,40","160,26","2,47","32821,53","837,31","35,19","2,44"
09178,"      Freising, Landkreis",2015,173225.0,88149.0,85076.0,16.0,1153.0,823.0,0.0066560831288786,"87,18","66,56","59,96","3,30","6,63","53,04","80,15","5,99","1,95","216,58","2,07","24530,40","879,00","32,42","1,51"
09178,"      Freising, Landkreis",2017,177997.0,90805.0,87192.0,16.0,1118.0,845.0,0.0062810047360348,"82,20","62,81","65,09","0,31","7,05","57,43","80,86","5,77","1,95","222,54","1,96","25796,78","879,00","32,69","1,74"
09178,"      Freising, Landkreis",2019,180007.0,92107.0,87900.0,15.0,1115.0,786.0,0.0061942035587504,"80,37","61,94","47,41","-0,03","6,77","61,60","83,56","5,70","1,95","225,05","1,91","25327,26","895,56","32,75","1,50"
09178,"      Freising, Landkreis",2021,181144.0,92520.0,88624.0,16.0,1116.0,823.0,0.0061608444110762,"83,98","61,61","33,72","-3,87","5,82","63,59","84,82","5,45","1,95","226,47","2,06","27153,90","913,72","31,36","1,75"
09178,"      Freising, Landkreis",2023,183535.0,93749.0,89786.0,17.0,1120.0,845.0,0.0061023782929686,"84,25","61,02","64,99","-5,96","539,54","68,01","84,79","5,45","1,95","229,46","1,91","31411,36","913,72","38,91","2,43"
09179,"      Fürstenfeldbruck, Landkreis",2015,213481.0,104273.0,109208.0,23.0,1856.0,1403.0,0.0086939821342414,"87,63","86,94","43,97","-76,32","6,28","51,86","81,29","6,01","1,77","491,00","2,10","27260,35","732,21","35,72","3,85"
09179,"      Fürstenfeldbruck, Landkreis",2017,217831.0,106671.0,111160.0,24.0,1854.0,1518.0,0.0085111852766594,"92,17","85,11","51,47","-75,69","6,53","55,88","81,97","6,01","1,77","500,99","1,85","28534,81","732,21","36,84","4,14"
09179,"      Fürstenfeldbruck, Landkreis",2019,219311.0,107802.0,111509.0,24.0,1800.0,1497.0,0.0082075226504826,"92,07","82,08","54,79","-73,61","6,38","59,57","84,05","6,06","1,77","504,40","2,01","28006,70","733,48","37,18","3,56"
09179,"      Fürstenfeldbruck, Landkreis",2021,218579.0,107330.0,111249.0,23.0,1843.0,1468.0,0.0084317340641141,"93,98","84,32","43,41","-71,66","5,52","62,23","86,24","6,17","1,77","502,71","2,07","29803,56","727,38","36,98","3,48"
09179,"      Fürstenfeldbruck, Landkreis",2023,216912.0,106286.0,110626.0,24.0,1818.0,1554.0,0.0083812790440362,"96,10","83,81","45,64","-71,58","511,57","67,12","87,35","6,17","1,77","498,88","2,10","34715,78","727,38","38,86","4,04"
09180,"      Garmisch-Partenkirchen, Landkreis",2015,87385.0,42370.0,45015.0,17.0,1137.0,691.0,0.0130113863935458,"83,76","130,11","44,08","-14,01","7,20","44,85","81,13","8,90","14,33","86,33","2,79","23419,56","619,72","46,51","3,90"
09180,"      Garmisch-Partenkirchen, Landkreis",2017,88155.0,42755.0,45400.0,16.0,951.0,662.0,0.0107878169133911,"82,44","107,88","36,08","-13,64","7,50","49,05","82,23","8,42","14,33","87,09","2,72","24882,80","619,72","47,04","4,46"
09180,"      Garmisch-Partenkirchen, Landkreis",2019,88424.0,42916.0,45508.0,13.0,840.0,578.0,0.0094996833438885,"91,17","95,00","45,38","-14,46","7,32","53,83","85,23","8,51","14,33","87,36","2,30","24419,29","603,58","46,15","3,42"
09180,"      Garmisch-Partenkirchen, Landkreis",2021,88232.0,42733.0,45499.0,11.0,740.0,492.0,0.0083869797805784,"89,95","83,87","41,24","-16,68","6,00","56,72","87,42","8,14","14,33","87,17","2,45","26563,20","615,93","46,67","2,82"
09180,"      Garmisch-Partenkirchen, Landkreis",2023,89322.0,42930.0,46392.0,9.0,719.0,437.0,0.0080495286715478,"89,92","80,50","41,82","-16,66","507,30","59,57","88,91","8,14","14,33","88,25","2,23","30849,82","615,93","46,73","3,45"
09181,"      Landsberg am Lech, Landkreis",2015,117657.0,58888.0,58769.0,14.0,623.0,735.0,0.0052950525680579,"123,74","52,95","39,80","-25,81","5,47","48,09","77,81","6,46","4,24","146,27","2,10","24886,29","805,01","32,41","2,27"
09181,"      Landsberg am Lech, Landkreis",2017,119141.0,59673.0,59468.0,14.0,622.0,784.0,0.0052207048790928,"130,02","52,21","52,49","-24,09","5,69","51,63","79,14","6,50","4,24","148,12","2,25","26603,22","805,01","33,34","2,81"
09181,"      Landsberg am Lech, Landkreis",2019,120302.0,60066.0,60236.0,13.0,647.0,759.0,0.0053781317018835,"120,48","53,78","40,66","-21,49","5,57","54,73","81,09","6,32","4,24","149,56","2,03","26234,60","796,70","33,28","2,09"
09181,"      Landsberg am Lech, Landkreis",2021,121466.0,60572.0,60894.0,14.0,629.0,746.0,0.0051784038331714,"129,97","51,78","37,01","-23,59","4,60","56,88","82,73","6,17","4,24","151,01","1,95","28467,24","807,08","33,02","1,95"
09181,"      Landsberg am Lech, Landkreis",2023,120966.0,60111.0,60855.0,15.0,629.0,750.0,0.0051998082105715,"124,17","52,00","42,31","-21,90","443,01","62,18","85,17","6,17","4,24","150,39","2,06","33206,39","807,08","36,24","2,60"
09182,"      Miesbach, Landkreis",2015,98286.0,48065.0,50221.0,9.0,971.0,656.0,0.0098793317461286,"83,14","98,79","47,02","-10,95","7,10","48,05","81,92","7,68","4,58","113,46","2,67","27039,68","580,90","42,90","2,14"
09182,"      Miesbach, Landkreis",2017,99189.0,48558.0,50631.0,10.0,977.0,688.0,0.0098498825474599,"83,19","98,50","41,97","-10,46","7,19","51,64","83,72","7,46","4,58","114,51","1,95","28529,66","580,90","42,44","2,10"
09182,"      Miesbach, Landkreis",2019,100010.0,48999.0,51011.0,11.0,973.0,733.0,0.0097290270972902,"88,85","97,29","32,54","-9,90","7,15","54,93","85,26","7,28","4,58","115,46","2,27","28121,17","590,03","40,86","1,65"
09182,"      Miesbach, Landkreis",2021,99978.0,48892.0,51086.0,11.0,831.0,661.0,0.0083118286022925,"98,66","83,12","32,76","-10,75","6,11","57,36","86,86","7,38","4,58","115,42","2,37","30497,86","584,67","40,39","1,64"
09182,"      Miesbach, Landkreis",2023,96730.0,47560.0,49170.0,10.0,776.0,610.0,0.0080223301974568,"92,85","80,22","32,04","-10,26","542,68","63,75","92,33","7,38","4,58","111,67","2,34","35124,46","584,67","45,44","2,40"
09183,"      Mühldorf a.Inn, Landkreis",2015,112034.0,56499.0,55535.0,19.0,1604.0,1252.0,0.0143170823142974,"104,16","143,17","41,30","-18,70","7,72","47,16","77,70","6,96","2,37","139,12","2,92","22668,59","720,04","34,69","4,16"
09183,"      Mühldorf a.Inn, Landkreis",2017,114486.0,57961.0,56525.0,20.0,1561.0,1426.0,0.0136348549167583,"104,78","136,35","42,31","-18,26","8,02","51,21","78,69","6,97","2,37","142,16","2,80","24402,45","720,04","35,68","4,36"
09183,"      Mühldorf a.Inn, Landkreis",2019,115872.0,58718.0,57154.0,22.0,1551.0,1376.0,0.0133854598177299,"99,28","133,85","41,56","-16,92","8,09","54,64","81,27","6,52","2,37","143,88","2,72","24158,87","739,22","35,15","3,65"
09183,"      Mühldorf a.Inn, Landkreis",2021,117606.0,59484.0,58122.0,23.0,1522.0,1393.0,0.0129415165892896,"109,60","129,42","44,22","-17,64","7,15","57,43","82,26","6,27","2,37","146,03","3,09","26140,91","769,92","34,82","3,24"
09183,"      Mühldorf a.Inn, Landkreis",2023,121263.0,61350.0,59913.0,26.0,1517.0,1458.0,0.0125099989279499,"106,73","125,10","41,78","-18,47","649,89","62,06","82,36","6,27","2,37","150,58","2,82","30385,24","769,92","36,32","3,67"
09184,"      München, Landkreis",2015,340003.0,168380.0,171623.0,40.0,3311.0,2608.0,0.0097381493692702,"91,32","97,38","68,26","38,46","6,09","52,22","79,04","5,54","2,82","511,86","1,85","31022,02","804,26","35,32","2,65"
09184,"      München, Landkreis",2017,346433.0,172236.0,174197.0,41.0,3349.0,2679.0,0.0096670929155132,"90,14","96,67","73,83","39,01","6,47","55,60","80,05","5,51","2,82","521,53","1,76","32466,11","804,26","36,31","2,99"
09184,"      München, Landkreis",2019,350473.0,174436.0,176037.0,43.0,3292.0,2641.0,0.0093930202897227,"87,80","93,93","75,98","40,19","6,27","59,30","81,52","5,47","2,82","527,62","1,66","31993,04","784,93","36,67","2,47"
09184,"      München, Landkreis",2021,349837.0,173610.0,176227.0,44.0,3194.0,2649.0,0.009129966241421,"92,82","91,30","71,15","38,52","5,48","62,28","83,49","5,58","2,82","526,66","1,76","34082,20","761,34","36,48","2,68"
09184,"      München, Landkreis",2023,352771.0,174450.0,178321.0,43.0,3219.0,2714.0,0.0091248997224828,"91,94","91,25","56,00","40,56","506,47","66,36","83,22","5,58","2,82","531,08","1,67","39352,75","761,34","39,36","3,64"
09185,"      Neuburg-Schrobenhausen, Landkreis",2015,94654.0,47580.0,47074.0,13.0,859.0,642.0,0.0090751579436685,"92,64","90,75","75,17","-27,15","5,08","49,35","79,05","6,26","4,66","127,94","2,12","22554,63","845,40","30,91","1,88"
09185,"      Neuburg-Schrobenhausen, Landkreis",2017,96164.0,48421.0,47743.0,13.0,855.0,640.0,0.0088910611039474,"83,22","88,91","68,61","-28,25","5,41","53,17","80,57","6,11","4,66","130,00","2,05","24204,62","845,40","33,50","2,39"
09185,"      Neuburg-Schrobenhausen, Landkreis",2019,97303.0,48931.0,48372.0,13.0,868.0,659.0,0.0089205882655211,"93,74","89,21","53,61","-29,94","5,48","56,85","82,84","5,83","4,66","131,54","2,26","23921,43","863,00","34,65","2,16"
09185,"      Neuburg-Schrobenhausen, Landkreis",2021,98503.0,49541.0,48962.0,12.0,872.0,656.0,0.0088525222582053,"89,99","88,53","40,41","-31,47","4,88","58,73","84,78","5,74","4,66","133,16","2,39","26286,95","854,69","33,49","1,95"
09185,"      Neuburg-Schrobenhausen, Landkreis",2023,98967.0,49755.0,49212.0,12.0,830.0,692.0,0.0083866339284812,"93,89","83,87","28,87","-33,54","472,76","62,84","86,46","5,74","4,66","133,79","2,76","30463,50","854,69","34,29","2,91"
09186,"      Pfaffenhofen a.d.Ilm, Landkreis",2015,124128.0,63325.0,60803.0,13.0,982.0,701.0,0.0079111884506316,"87,30","79,11","56,11","-40,35","6,15","48,15","77,35","5,82","2,09","163,08","2,02","24297,45","901,74","29,85","1,37"
09186,"      Pfaffenhofen a.d.Ilm, Landkreis",2017,126244.0,64299.0,61945.0,14.0,1068.0,764.0,0.0084598079908748,"78,44","84,60","38,51","-35,52","6,31","52,01","79,22","5,54","2,09","165,88","2,33","26072,33","901,74","31,88","1,54"
09186,"      Pfaffenhofen a.d.Ilm, Landkreis",2019,128227.0,65167.0,63060.0,14.0,1109.0,765.0,0.0086487245275955,"78,78","86,49","31,06","-31,02","6,42","56,26","81,14","5,87","2,09","168,49","2,50","25667,71","881,29","33,19","1,16"
09186,"      Pfaffenhofen a.d.Ilm, Landkreis",2021,129772.0,65711.0,64061.0,14.0,1113.0,792.0,0.0085765804641987,"84,80","85,77","30,05","-28,80","5,77","59,18","82,71","5,89","2,09","170,52","2,28","27804,87","865,15","31,77","1,29"
09186,"      Pfaffenhofen a.d.Ilm, Landkreis",2023,129497.0,65620.0,63877.0,13.0,1018.0,815.0,0.0078611859734202,"86,98","78,61","50,89","-27,98","535,83","64,17","84,71","5,89","2,09","170,16","2,27","32102,51","865,15","34,02","1,83"
09187,"      Rosenheim, Landkreis",2015,256074.0,126896.0,129178.0,58.0,3670.0,3012.0,0.01433179471559,"106,66","143,32","54,33","-22,00","6,14","47,09","79,19","7,15","10,31","177,89","2,40","24096,72","767,60","34,52","2,06"
09187,"      Rosenheim, Landkreis",2017,259449.0,128537.0,130912.0,59.0,3658.0,3078.0,0.01409911003704,"97,16","140,99","59,57","-23,00","6,60","50,95","81,18","6,95","10,31","180,24","2,40","25855,18","767,60","35,46","2,45"
09187,"      Rosenheim, Landkreis",2019,261330.0,129399.0,131931.0,60.0,3662.0,3204.0,0.0140129338384418,"100,47","140,13","55,22","-21,40","6,55","54,59","83,82","6,52","10,31","181,55","2,24","25510,78","794,32","34,83","2,07"
09187,"      Rosenheim, Landkreis",2021,263367.0,130304.0,133063.0,59.0,3596.0,3163.0,0.0136539505708763,"105,15","136,54","47,55","-23,17","5,75","57,07","85,24","6,46","10,31","182,96","2,32","27766,46","817,91","34,20","2,00"
09187,"      Rosenheim, Landkreis",2023,256815.0,126522.0,130293.0,53.0,3449.0,3086.0,0.013429900901427,"98,47","134,30","48,11","-24,00","524,12","63,73","90,21","6,46","10,31","178,41","2,52","32305,14","817,91","39,54","2,58"
09188,"      Starnberg, Landkreis",2015,133621.0,64772.0,68849.0,16.0,1061.0,730.0,0.0079403686546276,"82,02","79,40","48,40","1,41","6,06","47,57","75,51","7,63","9,43","273,98","2,03","33394,56","561,84","37,40","2,19"
09188,"      Starnberg, Landkreis",2017,135545.0,65703.0,69842.0,19.0,1156.0,887.0,0.0085285329595337,"92,69","85,29","50,05","2,49","6,32","50,92","76,09","7,51","9,43","277,92","1,68","34992,42","561,84","39,05","2,60"
09188,"      Starnberg, Landkreis",2019,136667.0,66265.0,70402.0,21.0,1202.0,1008.0,0.0087951004997548,"95,09","87,95","47,03","4,72","6,14","54,07","77,94","7,34","9,43","280,22","1,91","34375,95","556,12","39,92","2,22"
09188,"      Starnberg, Landkreis",2021,136747.0,66184.0,70563.0,23.0,1286.0,1029.0,0.0094042282463235,"98,56","94,04","49,25","3,53","5,12","57,00","79,61","6,93","9,43","280,39","1,75","36714,60","571,57","40,49","2,25"
09188,"      Starnberg, Landkreis",2023,138926.0,67081.0,71845.0,25.0,1260.0,1034.0,0.00906957660913,"97,64","90,70","41,60","4,55","458,52","59,80","80,39","6,93","9,43","284,85","1,89","42641,60","571,57","40,75","3,05"
09189,"      Traunstein, Landkreis",2015,174162.0,85999.0,88163.0,26.0,1907.0,1445.0,0.0109495756824106,"97,97","109,50","62,00","-3,32","5,65","46,92","79,17","7,12","5,19","113,53","2,54","23028,91","612,65","37,60","2,64"
09189,"      Traunstein, Landkreis",2017,176290.0,87177.0,89113.0,27.0,1989.0,1491.0,0.0112825458052073,"87,81","112,83","59,92","-3,04","5,91","50,82","80,99","6,99","5,19","114,94","2,36","24734,19","612,65","38,97","2,86"
09189,"      Traunstein, Landkreis",2019,177319.0,87614.0,89705.0,28.0,1872.0,1623.0,0.0105572442885421,"95,58","105,57","66,93","-3,28","5,77","54,32","83,69","6,98","5,19","115,61","2,41","24448,24","613,03","38,46","2,44"
09189,"      Traunstein, Landkreis",2021,178447.0,88061.0,90386.0,29.0,1835.0,1592.0,0.0102831653095877,"104,67","102,83","57,02","-2,07","5,07","56,58","85,00","6,99","5,19","116,35","2,84","26782,62","630,00","37,95","2,21"
09189,"      Traunstein, Landkreis",2023,172021.0,84665.0,87356.0,30.0,1777.0,1766.0,0.0103301341115328,"109,55","103,30","53,43","-1,72","478,07","63,27","90,62","6,99","5,19","112,16","2,35","30911,83","630,00","41,31","3,10"
09190,"      Weilheim-Schongau, Landkreis",2015,132906.0,65974.0,66932.0,16.0,1099.0,970.0,0.0082690021518968,"98,48","82,69","41,94","-13,93","6,56","48,72","80,15","7,54","3,58","137,53","2,35","23718,01","632,52","42,22","3,08"
09190,"      Weilheim-Schongau, Landkreis",2017,134252.0,66767.0,67485.0,18.0,1095.0,1015.0,0.008156303071835,"103,78","81,56","42,33","-12,39","6,75","52,02","81,31","7,63","3,58","138,93","2,26","25342,23","632,52","41,62","3,19"
09190,"      Weilheim-Schongau, Landkreis",2019,135478.0,67242.0,68236.0,19.0,1143.0,1000.0,0.0084367941658424,"103,95","84,37","32,32","-10,75","6,49","55,99","83,63","7,31","3,58","140,21","2,19","24962,43","653,69","40,05","2,91"
09190,"      Weilheim-Schongau, Landkreis",2021,136642.0,67701.0,68941.0,20.0,1156.0,1087.0,0.0084600635236603,"106,15","84,60","40,85","-11,17","5,49","57,88","84,73","7,28","3,58","141,41","2,28","27176,62","656,93","40,10","2,65"
09190,"      Weilheim-Schongau, Landkreis",2023,138052.0,68250.0,69802.0,20.0,1144.0,1076.0,0.0082867325355663,"98,99","82,87","43,61","-10,11","487,22","62,39","85,96","7,28","3,58","142,87","2,35","31640,46","656,93","38,40","3,33"
09261,"      Landshut, kreisfreie Stadt",2015,69211.0,33513.0,35698.0,11.0,1232.0,939.0,0.0178006386268078,"99,26","178,01","58,63","26,52","7,99","47,96","76,46","7,37","15,89","1051,68","2,77","24486,26","380,71","45,95","5,92"
09261,"      Landshut, kreisfreie Stadt",2017,71193.0,34617.0,36576.0,11.0,1232.0,975.0,0.0173050721278777,"95,49","173,05","49,48","25,14","8,58","51,32","78,49","6,95","15,89","1081,47","2,74","25868,75","380,71","50,19","5,76"
09261,"      Landshut, kreisfreie Stadt",2019,73411.0,35952.0,37459.0,10.0,1223.0,986.0,0.0166596286660037,"95,27","166,60","47,29","20,65","8,69","55,69","80,28","6,44","15,89","1115,16","2,41","25538,15","399,52","51,87","5,28"
09261,"      Landshut, kreisfreie Stadt",2021,73150.0,35715.0,37435.0,10.0,1219.0,1011.0,0.0166643882433356,"97,02","166,64","39,47","20,92","7,68","57,87","81,82","6,43","15,89","1111,20","2,93","27266,76","396,48","53,80","5,20"
09261,"      Landshut, kreisfreie Stadt",2023,68741.0,33529.0,35212.0,10.0,1160.0,933.0,0.0168749363553046,"92,56","168,75","35,96","19,21","777,92","66,23","89,11","6,43","15,89","1044,22","2,81","31368,94","396,48","51,46","6,99"
09262,"      Passau, kreisfreie Stadt",2015,50566.0,23945.0,26621.0,11.0,1006.0,772.0,0.0198947909662619,"94,15","198,95","38,70","54,18","9,22","44,36","72,56","8,11","15,07","726,84","2,90","21820,64","346,94","48,48","6,47"
09262,"      Passau, kreisfreie Stadt",2017,51781.0,24864.0,26917.0,12.0,977.0,827.0,0.0188679245283018,"97,18","188,68","36,19","53,64","9,85","49,50","75,50","8,11","15,07","744,41","2,76","22978,83","346,94","50,36","6,73"
09262,"      Passau, kreisfreie Stadt",2019,52803.0,25613.0,27190.0,12.0,999.0,838.0,0.0189193795807056,"97,78","189,19","30,98","52,11","9,51","52,64","78,58","7,50","15,07","759,10","2,19","22661,88","358,59","52,64","6,15"
09262,"      Passau, kreisfreie Stadt",2021,53093.0,25869.0,27224.0,13.0,939.0,825.0,0.0176859473000207,"108,27","176,86","30,79","51,58","8,40","55,33","80,00","7,40","15,07","763,27","3,19","24252,93","359,34","54,40","6,61"
09262,"      Passau, kreisfreie Stadt",2023,52894.0,25697.0,27197.0,14.0,857.0,799.0,0.0162022157522592,"109,90","162,02","26,51","49,80","792,31","59,49","82,93","7,40","15,07","760,41","2,54","28048,46","359,34","59,11","7,35"
09263,"      Straubing, kreisfreie Stadt",2015,46806.0,23519.0,23287.0,8.0,862.0,596.0,0.0184164423364525,"89,49","184,16","29,15","37,31","10,23","46,44","79,24","8,65","9,40","692,60","2,73","22613,98","373,96","41,04","7,80"
09263,"      Straubing, kreisfreie Stadt",2017,47586.0,23956.0,23630.0,9.0,864.0,653.0,0.0181566006808725,"92,10","181,57","34,68","34,91","11,60","51,24","80,28","8,30","9,40","704,04","3,35","23830,90","373,96","42,38","7,37"
09263,"      Straubing, kreisfreie Stadt",2019,47791.0,24088.0,23703.0,11.0,882.0,699.0,0.0184553577033332,"100,29","184,55","26,54","34,42","11,47","55,47","83,55","7,53","9,40","707,07","3,42","23429,82","385,41","44,07","6,49"
09263,"      Straubing, kreisfreie Stadt",2021,47854.0,24084.0,23770.0,10.0,791.0,695.0,0.0165294437246625,"109,11","165,29","30,49","35,24","10,06","57,82","83,45","7,52","9,40","708,00","4,23","25232,86","385,92","45,40","6,11"
09263,"      Straubing, kreisfreie Stadt",2023,47524.0,24027.0,23497.0,10.0,663.0,676.0,0.0139508458883932,"115,75","139,51","30,61","28,65","979,14","63,61","86,75","7,52","9,40","703,12","3,52","29444,13","385,92","49,90","6,55"
09271,"      Deggendorf, Landkreis",2015,116596.0,57851.0,58745.0,19.0,1472.0,1257.0,0.0126247898727229,"104,06","126,25","36,69","2,32","6,99","45,80","78,89","6,58","10,09","135,37","3,02","21382,59","678,52","35,56","3,48"
09271,"      Deggendorf, Landkreis",2017,118741.0,59193.0,59548.0,19.0,1578.0,1270.0,0.0132894282514043,"96,14","132,89","42,34","1,02","7,58","49,04","81,03","6,38","10,09","137,88","2,66","23179,03","678,52","36,08","3,25"
09271,"      Deggendorf, Landkreis",2019,119478.0,59650.0,59828.0,18.0,1504.0,1248.0,0.0125880915314953,"97,50","125,88","35,78","0,57","7,23","53,02","83,45","6,21","10,09","138,74","2,49","22915,12","681,76","36,20","2,69"
09271,"      Deggendorf, Landkreis",2021,120521.0,60544.0,59977.0,17.0,1408.0,1200.0,0.0116826113291459,"104,35","116,83","33,28","-0,10","6,33","55,39","84,60","6,14","10,09","139,95","3,35","25258,18","682,84","36,60","2,52"
09271,"      Deggendorf, Landkreis",2023,121137.0,60706.0,60431.0,19.0,1296.0,1204.0,0.0106986304762376,"108,08","106,99","37,06","-1,71","579,84","59,97","86,00","6,14","10,09","140,67","3,02","29337,09","682,84","40,36","3,05"
09272,"      Freyung-Grafenau, Landkreis",2015,78122.0,38921.0,39201.0,12.0,748.0,677.0,0.0095747676710785,"102,58","95,75","36,32","-31,05","5,91","41,03","77,33","6,46","4,64","79,38","3,11","19517,23","863,31","34,10","2,38"
09272,"      Freyung-Grafenau, Landkreis",2017,78345.0,39111.0,39234.0,14.0,799.0,751.0,0.0101984810772863,"103,16","101,98","37,35","-26,19","6,14","44,90","79,54","6,16","4,64","79,63","3,01","21290,69","863,31","34,25","2,06"
09272,"      Freyung-Grafenau, Landkreis",2019,78362.0,39063.0,39299.0,16.0,862.0,833.0,0.0110002297031724,"105,58","110,00","25,10","-21,71","6,14","49,34","82,74","6,19","4,64","79,65","3,18","21098,60","847,16","33,76","1,59"
09272,"      Freyung-Grafenau, Landkreis",2021,78632.0,39190.0,39442.0,16.0,851.0,792.0,0.0108225658764879,"102,72","108,23","26,44","-20,57","5,39","52,50","85,13","6,49","4,64","79,92","3,31","23424,23","810,64","33,64","1,86"
09272,"      Freyung-Grafenau, Landkreis",2023,78512.0,38917.0,39595.0,20.0,892.0,808.0,0.0113613205624617,"102,15","113,61","26,23","-18,58","512,35","57,28","87,03","6,49","4,64","79,80","3,41","27065,00","810,64","35,99","2,63"
09273,"      Kelheim, Landkreis",2015,118965.0,60306.0,58659.0,13.0,1140.0,782.0,0.0095826503593493,"87,37","95,83","153,42","-32,54","6,56","48,49","77,23","6,64","4,17","111,60","2,43","22356,96","876,09","29,74","1,78"
09273,"      Kelheim, Landkreis",2017,121119.0,61529.0,59590.0,13.0,1119.0,809.0,0.0092388477447799,"85,52","92,39","156,21","-34,40","6,60","52,37","79,13","6,65","4,17","113,71","2,54","23938,67","876,09","32,04","2,47"
09273,"      Kelheim, Landkreis",2019,123058.0,62512.0,60546.0,16.0,1106.0,848.0,0.0089876318483966,"95,28","89,88","107,67","-34,40","6,47","56,34","81,16","6,34","4,17","115,53","2,33","23610,88","901,52","31,22","1,90"
09273,"      Kelheim, Landkreis",2021,123899.0,62610.0,61289.0,16.0,1093.0,850.0,0.0088217015472279,"100,47","88,22","101,44","-33,71","5,81","59,06","83,12","6,38","4,17","116,32","2,35","0,00","888,16","31,22","1,81"
09273,"      Kelheim, Landkreis",2023,125597.0,63553.0,62044.0,20.0,1129.0,930.0,0.0089890682102279,"102,99","89,89","73,46","-33,71","532,41","62,48","84,79","6,38","4,17","117,92","2,33","29889,64","888,16","33,22","2,39"
09274,"      Landshut, Landkreis",2015,154577.0,78468.0,76109.0,21.0,1261.0,1010.0,0.0081577466246595,"100,70","81,58","51,67","-41,12","5,49","48,32","78,95","5,92","1,23","114,68","2,27","22503,04","1283,58","29,67","2,00"
09274,"      Landshut, Landkreis",2017,157239.0,79866.0,77373.0,22.0,1279.0,1077.0,0.008134114310063,"93,41","81,34","40,20","-38,13","5,65","52,13","80,87","6,01","1,23","116,68","2,19","24390,51","1283,58","31,39","2,20"
09274,"      Landshut, Landkreis",2019,159895.0,80913.0,78982.0,23.0,1287.0,1053.0,0.0080490321773663,"95,12","80,49","40,31","-34,52","5,57","56,41","82,12","5,79","1,23","118,66","1,87","24131,99","1324,18","30,44","1,95"
09274,"      Landshut, Landkreis",2021,162331.0,81932.0,80399.0,23.0,1252.0,1059.0,0.007712636526603,"100,57","77,13","32,68","-36,07","5,00","58,85","83,58","6,11","1,23","120,46","2,17","26453,95","1263,28","29,86","1,98"
09274,"      Landshut, Landkreis",2023,161180.0,81035.0,80145.0,24.0,1218.0,1091.0,0.0075567688298796,"102,73","75,57","40,78","-37,87","483,48","63,63","87,00","6,11","1,23","119,61","2,42","30758,71","1263,28","32,57","2,44"
09275,"      Passau, Landkreis",2015,188336.0,93347.0,94989.0,32.0,2159.0,1747.0,0.0114635544983433,"97,27","114,64","42,81","-27,87","6,47","43,87","79,40","8,12","3,66","123,07","2,82","20913,41","829,18","33,38","3,41"
09275,"      Passau, Landkreis",2017,190504.0,94605.0,95899.0,35.0,2228.0,1938.0,0.0116952924872968,"101,20","116,95","46,09","-26,82","6,70","48,13","81,78","7,82","3,66","124,50","2,64","22647,89","829,18","33,81","3,79"
09275,"      Passau, Landkreis",2019,192656.0,95727.0,96929.0,36.0,2079.0,2022.0,0.0107912548791628,"109,36","107,91","39,18","-25,35","6,67","51,49","84,08","7,60","3,66","125,91","2,70","22467,42","844,98","33,55","3,01"
09275,"      Passau, Landkreis",2021,194090.0,96442.0,97648.0,35.0,2038.0,1925.0,0.0105002833736926,"112,11","105,00","42,17","-26,77","5,92","53,70","85,59","7,27","3,66","126,85","2,97","24786,60","864,54","33,57","3,05"
09275,"      Passau, Landkreis",2023,194068.0,96355.0,97713.0,41.0,1952.0,1971.0,0.0100583300698724,"116,90","100,58","34,90","-28,60","558,15","58,47","88,66","7,27","3,66","126,83","3,02","28737,54","864,54","36,94","3,68"
09276,"      Regen, Landkreis",2015,76812.0,38402.0,38410.0,16.0,812.0,749.0,0.010571264906525,"105,05","105,71","32,92","-14,11","6,10","41,51","78,78","6,87","4,30","78,79","3,35","19569,21","755,99","35,15","3,01"
09276,"      Regen, Landkreis",2017,77489.0,38679.0,38810.0,15.0,806.0,816.0,0.010401476338577,"112,71","104,01","33,84","-11,98","6,55","45,00","80,25","6,78","4,30","79,49","3,14","21467,62","755,99","35,32","3,90"
09276,"      Regen, Landkreis",2019,77410.0,38619.0,38791.0,16.0,802.0,840.0,0.0103604185505748,"118,81","103,60","36,61","-8,32","6,65","49,06","83,54","6,81","4,30","79,41","3,16","21286,75","768,34","34,94","3,19"
09276,"      Regen, Landkreis",2021,77176.0,38539.0,38637.0,18.0,919.0,863.0,0.011907846999067,"114,91","119,08","29,15","-6,86","5,94","51,74","85,28","6,71","4,30","79,17","3,29","23610,71","749,28","34,32","2,84"
09276,"      Regen, Landkreis",2023,77439.0,38559.0,38880.0,20.0,898.0,863.0,0.011596224124795,"109,80","115,96","35,92","-6,47","541,28","56,94","87,28","6,71","4,30","79,44","3,72","27446,36","749,28","37,58","3,58"
09277,"      Rottal-Inn, Landkreis",2015,119218.0,59402.0,59816.0,21.0,1431.0,1236.0,0.0120032209901189,"101,06","120,03","55,56","-24,35","5,85","44,58","77,70","6,63","5,11","93,04","2,51","21236,98","810,58","33,07","3,09"
09277,"      Rottal-Inn, Landkreis",2017,120371.0,60157.0,60214.0,24.0,1365.0,1307.0,0.0113399406833871,"105,40","113,40","61,19","-24,04","6,31","48,34","79,41","6,40","5,11","93,95","2,56","23038,10","810,58","35,57","3,28"
09277,"      Rottal-Inn, Landkreis",2019,121502.0,60920.0,60582.0,28.0,1349.0,1383.0,0.0111026978979769,"112,07","111,03","51,82","-23,62","6,60","52,13","81,36","6,24","5,11","94,83","2,85","22668,13","832,21","35,30","3,12"
09277,"      Rottal-Inn, Landkreis",2021,122252.0,61352.0,60900.0,29.0,1359.0,1393.0,0.0111163825540686,"119,57","111,16","52,06","-23,40","5,95","54,45","82,75","5,91","5,11","95,42","2,70","24780,88","833,06","35,90","3,08"
09277,"      Rottal-Inn, Landkreis",2023,120475.0,60048.0,60427.0,28.0,1362.0,1417.0,0.0113052500518779,"122,05","113,05","55,91","-25,95","572,13","60,53","87,01","5,91","5,11","94,03","3,02","28932,84","833,06","36,09","3,89"
09278,"      Straubing-Bogen, Landkreis",2015,98806.0,49683.0,49123.0,11.0,670.0,629.0,0.0067809647187417,"106,07","67,81","92,92","-67,56","5,06","45,81","79,32","6,02","3,86","82,21","2,26","21571,82","1137,75","29,11","2,39"
09278,"      Straubing-Bogen, Landkreis",2017,99838.0,50276.0,49562.0,11.0,662.0,670.0,0.0066307418017187,"110,93","66,31","76,35","-59,10","5,37","49,73","82,68","6,03","3,86","83,09","2,43","23464,73","1137,75","28,34","2,32"
09278,"      Straubing-Bogen, Landkreis",2019,101120.0,50763.0,50357.0,14.0,653.0,691.0,0.0064576740506329,"114,21","64,58","71,71","-59,18","5,34","54,18","83,76","6,03","3,86","84,15","2,26","23256,08","1093,19","26,85","1,92"
09278,"      Straubing-Bogen, Landkreis",2021,102398.0,51417.0,50981.0,15.0,632.0,681.0,0.006171995546788,"139,55","61,72","59,09","-60,63","4,87","57,06","85,16","6,13","3,86","85,22","2,66","25563,41","1069,43","25,42","1,71"
09278,"      Straubing-Bogen, Landkreis",2023,103329.0,51829.0,51500.0,15.0,530.0,629.0,0.0051292473555342,"132,98","51,29","35,13","-53,96","463,68","60,91","86,71","6,13","3,86","85,99","2,69","29838,89","1069,43","29,41","2,40"
09279,"      Dingolfing-Landau, Landkreis",2015,94104.0,48369.0,45735.0,14.0,789.0,714.0,0.0083843407294057,"106,41","83,84","100,11","15,88","6,10","47,36","84,49","6,54","2,24","107,21","2,47","21951,74","800,26","31,65","1,92"
09279,"      Dingolfing-Landau, Landkreis",2017,95831.0,49456.0,46375.0,16.0,818.0,784.0,0.0085358600035479,"103,70","85,36","75,13","14,62","6,37","51,74","87,62","6,47","2,24","109,20","2,30","23293,47","800,26","33,98","2,26"
09279,"      Dingolfing-Landau, Landkreis",2019,96683.0,49580.0,47103.0,18.0,804.0,812.0,0.0083158362897303,"112,00","83,16","59,26","11,64","6,35","55,46","89,48","6,02","2,24","110,17","2,36","23051,45","837,08","33,27","2,14"
09279,"      Dingolfing-Landau, Landkreis",2021,98045.0,50219.0,47826.0,18.0,802.0,821.0,0.0081799173848742,"116,95","81,80","66,46","10,82","5,82","57,33","88,91","5,49","2,24","111,72","2,57","25218,80","881,30","33,33","1,88"
09279,"      Dingolfing-Landau, Landkreis",2023,100727.0,51893.0,48834.0,23.0,863.0,932.0,0.008567712728464,"135,27","85,68","53,79","12,01","544,86","60,70","90,34","5,49","2,24","114,78","2,61","29237,72","881,30","33,81","2,27"
09361,"      Amberg, kreisfreie Stadt",2015,41861.0,20571.0,21290.0,7.0,696.0,596.0,0.0166264542175294,"108,96","166,26","52,31","38,96","9,43","47,37","83,03","8,72","13,76","834,88","3,06","22214,28","362,64","43,13","7,52"
09361,"      Amberg, kreisfreie Stadt",2017,42248.0,20809.0,21439.0,8.0,692.0,610.0,0.0163794735845483,"96,06","163,79","48,27","39,48","10,25","53,07","83,38","8,64","13,76","842,77","3,71","24434,61","362,64","47,63","8,21"
09361,"      Amberg, kreisfreie Stadt",2019,42207.0,20816.0,21391.0,9.0,686.0,683.0,0.0162532281375127,"108,24","162,53","36,92","38,76","9,79","58,60","85,97","8,88","13,76","841,95","3,21","24062,64","350,99","49,01","6,12"
09361,"      Amberg, kreisfreie Stadt",2021,41994.0,20725.0,21269.0,9.0,685.0,739.0,0.0163118540743915,"121,95","163,12","35,68","37,85","8,67","61,96","87,31","9,11","13,76","837,70","3,38","25767,89","347,78","48,39","5,39"
09361,"      Amberg, kreisfreie Stadt",2023,42217.0,20731.0,21486.0,11.0,767.0,731.0,0.0181680365729445,"111,43","181,68","35,22","36,28","793,52","66,46","87,16","9,11","13,76","841,98","3,62","29726,07","347,78","49,41","6,37"
09362,"      Regensburg, kreisfreie Stadt",2015,145465.0,69969.0,75496.0,25.0,1901.0,1441.0,0.0130684357061836,"99,38","130,68","103,64","49,52","9,91","47,27","74,12","7,18","18,06","1802,54","2,31","24129,57","401,31","56,04","5,91"
09362,"      Regensburg, kreisfreie Stadt",2017,150894.0,73121.0,77773.0,24.0,1851.0,1491.0,0.0122668893395363,"93,83","122,67","67,40","48,70","9,91","51,46","75,73","7,19","18,06","1866,35","2,34","25630,07","401,31","57,53","5,65"
09362,"      Regensburg, kreisfreie Stadt",2019,153094.0,74316.0,78778.0,24.0,1794.0,1473.0,0.0117182907233464,"92,06","117,18","79,12","47,77","9,01","55,88","78,35","6,83","18,06","1893,32","2,48","25040,76","409,07","57,22","4,95"
09362,"      Regensburg, kreisfreie Stadt",2021,153542.0,74784.0,78758.0,24.0,1779.0,1556.0,0.0115864063253051,"102,50","115,86","76,06","46,77","7,66","58,24","79,70","6,64","18,06","1898,86","2,46","26752,93","411,92","57,49","4,97"
09362,"      Regensburg, kreisfreie Stadt",2023,149664.0,73564.0,76100.0,23.0,1661.0,1444.0,0.0110981932862946,"100,77","110,98","67,43","45,86","739,22","65,99","84,29","6,64","18,06","1850,90","2,43","30855,78","411,92","62,81","5,88"
09363,"      Weiden i.d.OPf., kreisfreie Stadt",2015,42055.0,20052.0,22003.0,9.0,674.0,536.0,0.0160266317917013,"92,10","160,27","85,98","41,57","11,08","46,15","81,75","8,32","15,28","596,10","3,30","21740,81","332,37","43,67","10,03"
09363,"      Weiden i.d.OPf., kreisfreie Stadt",2017,42543.0,20506.0,22037.0,9.0,699.0,554.0,0.0164304350892038,"85,63","164,30","48,51","41,21","11,74","52,07","82,88","7,76","15,28","602,85","2,87","23345,57","332,37","48,24","9,85"
09363,"      Weiden i.d.OPf., kreisfreie Stadt",2019,42743.0,20652.0,22091.0,10.0,713.0,574.0,0.0166810939803008,"89,13","166,81","52,32","40,02","11,29","55,53","83,69","7,49","15,28","605,68","3,79","22968,65","339,90","49,60","8,44"
09363,"      Weiden i.d.OPf., kreisfreie Stadt",2021,42472.0,20556.0,21916.0,11.0,675.0,646.0,0.0158928235072518,"104,36","158,93","38,54","38,66","9,96","58,83","85,11","7,06","15,28","601,84","3,76","24834,89","366,93","48,99","7,10"
09363,"      Weiden i.d.OPf., kreisfreie Stadt",2023,42430.0,20603.0,21827.0,11.0,681.0,605.0,0.0160499646476549,"93,94","160,50","51,58","36,13","930,93","61,92","85,61","7,06","15,28","601,25","3,01","28694,27","366,93","50,42","7,75"
09371,"      Amberg-Sulzbach, Landkreis",2015,103568.0,51767.0,51801.0,20.0,1385.0,1030.0,0.0133728564807662,"94,24","133,73","73,50","-52,22","5,86","48,60","80,03","6,47","1,89","82,48","2,75","20505,54","1076,82","35,02","2,49"
09371,"      Amberg-Sulzbach, Landkreis",2017,102836.0,51452.0,51384.0,18.0,1282.0,1084.0,0.0124664514372398,"92,49","124,66","72,41","-53,00","6,17","53,05","82,43","6,27","1,89","81,88","3,04","22455,20","1076,82","37,44","2,84"
09371,"      Amberg-Sulzbach, Landkreis",2019,103049.0,51634.0,51415.0,20.0,1322.0,1114.0,0.0128288484119205,"97,38","128,29","54,39","-51,01","5,83","56,67","84,75","6,36","1,89","82,05","2,77","22208,46","1096,27","36,21","2,28"
09371,"      Amberg-Sulzbach, Landkreis",2021,103277.0,51795.0,51482.0,22.0,1332.0,1134.0,0.0128973537186401,"102,44","128,97","51,54","-48,98","5,24","59,71","86,18","5,95","1,89","82,24","3,16","24541,38","1092,88","34,08","2,04"
09371,"      Amberg-Sulzbach, Landkreis",2023,104127.0,52050.0,52077.0,22.0,1326.0,1117.0,0.0127344492782851,"97,38","127,34","49,78","-47,52","479,30","63,37","86,58","5,95","1,89","82,91","3,28","28427,66","1092,88","35,93","2,98"
09372,"      Cham, Landkreis",2015,126359.0,63117.0,63242.0,26.0,1444.0,1226.0,0.0114277574213154,"99,43","114,28","61,72","-4,04","5,89","44,06","79,27","6,89","5,62","83,12","2,99","20075,91","811,08","39,89","1,96"
09372,"      Cham, Landkreis",2017,127339.0,63910.0,63429.0,30.0,1510.0,1341.0,0.0118581110264726,"101,13","118,58","53,38","-1,31","6,07","47,38","81,30","6,68","5,62","83,40","2,97","22044,00","811,08","40,92","2,57"
09372,"      Cham, Landkreis",2019,127998.0,64289.0,63709.0,34.0,1522.0,1489.0,0.0118908107939186,"109,24","118,91","47,03","-0,39","6,04","51,62","84,24","6,50","5,62","83,83","2,88","21783,98","843,48","39,77","2,17"
09372,"      Cham, Landkreis",2021,128444.0,64549.0,63895.0,35.0,1440.0,1457.0,0.011211111457133,"116,93","112,11","45,71","0,30","5,27","54,66","85,70","6,77","5,62","84,13","3,30","24087,69","814,23","40,88","2,15"
09372,"      Cham, Landkreis",2023,128230.0,64501.0,63729.0,39.0,1419.0,1543.0,0.0110660531856819,"121,40","110,66","41,66","1,11","486,64","60,15","87,51","6,77","5,62","83,98","3,13","28100,26","814,23","36,01","3,01"
09373,"      Neumarkt i.d.OPf., Landkreis",2015,130385.0,65671.0,64714.0,27.0,1428.0,1230.0,0.0109521800820646,"101,07","109,52","54,83","-17,59","5,23","48,30","78,71","5,89","3,92","97,00","2,54","21736,99","839,52","38,98","1,77"
09373,"      Neumarkt i.d.OPf., Landkreis",2017,132644.0,67037.0,65607.0,27.0,1418.0,1345.0,0.0106902686891227,"102,13","106,90","38,57","-15,77","5,42","52,17","80,36","6,09","3,92","98,70","2,48","23717,18","839,52","40,19","2,17"
09373,"      Neumarkt i.d.OPf., Landkreis",2019,134573.0,68058.0,66515.0,26.0,1390.0,1440.0,0.0103289664345745,"111,03","103,29","33,07","-14,27","5,24","55,46","83,35","6,06","3,92","100,13","2,24","23382,21","857,15","39,35","1,73"
09373,"      Neumarkt i.d.OPf., Landkreis",2021,136062.0,68857.0,67205.0,27.0,1405.0,1408.0,0.0103261748320618,"109,74","103,26","43,28","-13,73","4,60","58,22","84,88","6,19","3,92","101,24","2,90","25672,54","837,30","40,81","1,45"
09373,"      Neumarkt i.d.OPf., Landkreis",2023,138214.0,69943.0,68271.0,27.0,1394.0,1465.0,0.0100858089629125,"111,83","100,86","32,02","-13,79","416,61","62,14","85,86","6,19","3,92","102,84","2,66","29760,19","837,30","31,95","2,26"
09374,"      Neustadt a.d.Waldnaab, Landkreis",2015,95078.0,47226.0,47852.0,20.0,1061.0,909.0,0.011159258713898,"96,81","111,59","52,48","-30,74","5,98","45,92","79,67","6,68","1,96","66,60","2,87","20330,41","1052,77","35,47","3,04"
09374,"      Neustadt a.d.Waldnaab, Landkreis",2017,94486.0,46967.0,47519.0,24.0,1150.0,960.0,0.0121711152975043,"91,25","121,71","67,26","-26,78","6,58","50,62","81,32","6,83","1,96","66,18","2,99","22166,78","1052,77","37,37","3,39"
09374,"      Neustadt a.d.Waldnaab, Landkreis",2019,94450.0,47061.0,47389.0,26.0,1177.0,1054.0,0.0124616199047114,"101,25","124,62","64,78","-23,92","6,57","54,24","84,25","6,93","1,96","66,16","2,92","21933,97","1037,91","35,89","2,67"
09374,"      Neustadt a.d.Waldnaab, Landkreis",2021,94838.0,47235.0,47603.0,27.0,1175.0,1006.0,0.01238954849322,"104,14","123,90","55,36","-22,75","5,81","56,54","85,59","6,96","1,96","66,43","3,22","24223,31","920,76","32,88","2,37"
09374,"      Neustadt a.d.Waldnaab, Landkreis",2023,96209.0,47941.0,48268.0,26.0,1130.0,1020.0,0.0117452629171907,"107,48","117,45","53,28","-20,75","529,29","59,59","86,16","6,96","1,96","67,48","3,16","28105,40","920,76","34,12","3,26"
09375,"      Regensburg, Landkreis",2015,189390.0,94531.0,94859.0,28.0,2020.0,1620.0,0.0106658218490944,"98,60","106,66","51,19","-82,61","5,79","48,31","79,68","6,64","1,17","136,07","2,21","23269,46","876,62","38,39","2,18"
09375,"      Regensburg, Landkreis",2017,192200.0,96350.0,95850.0,29.0,1973.0,1600.0,0.0102653485952133,"91,38","102,65","52,29","-77,42","5,97","52,71","81,58","6,41","1,17","138,11","2,51","25311,61","876,62","39,13","2,48"
09375,"      Regensburg, Landkreis",2019,194070.0,97185.0,96885.0,32.0,1969.0,1695.0,0.0101458236718709,"100,12","101,46","46,36","-70,80","5,70","56,49","83,92","6,18","1,17","139,45","2,21","24875,10","903,70","37,81","2,14"
09375,"      Regensburg, Landkreis",2021,195225.0,97630.0,97595.0,35.0,1866.0,1642.0,0.0095582020745293,"103,60","95,58","46,85","-67,17","4,96","59,03","85,59","6,43","1,17","140,28","2,34","26977,66","844,22","38,89","2,22"
09375,"      Regensburg, Landkreis",2023,193801.0,96847.0,96954.0,38.0,1923.0,1649.0,0.0099225494192496,"97,52","99,23","44,53","-65,63","453,19","64,54","87,95","6,43","1,17","139,26","2,56","31312,38","844,22","33,57","3,06"
09376,"      Schwandorf, Landkreis",2015,144864.0,72784.0,72080.0,21.0,1816.0,1329.0,0.0125358957366909,"96,16","125,36","68,50","-11,95","6,93","46,22","79,12","6,89","3,99","98,88","2,94","20635,87","776,09","36,69","2,97"
09376,"      Schwandorf, Landkreis",2017,146487.0,73653.0,72834.0,22.0,1874.0,1446.0,0.0127929440837753,"89,70","127,93","51,93","-13,12","7,23","50,26","80,68","6,98","3,99","100,45","2,64","22522,73","776,09","39,32","3,13"
09376,"      Schwandorf, Landkreis",2019,147872.0,74315.0,73557.0,22.0,1858.0,1559.0,0.0125649210127677,"95,70","125,65","49,47","-13,38","7,14","54,56","83,26","6,68","3,99","101,40","2,83","22176,30","791,82","39,09","2,64"
09376,"      Schwandorf, Landkreis",2021,149239.0,75024.0,74215.0,22.0,1801.0,1653.0,0.0120678911008516,"104,22","120,68","54,09","-14,14","6,20","57,41","84,55","6,78","3,99","102,33","3,22","24451,47","787,54","37,16","2,51"
09376,"      Schwandorf, Landkreis",2023,148698.0,74574.0,74124.0,23.0,1783.0,1643.0,0.0119907463449407,"104,38","119,91","47,62","-13,59","587,69","62,38","86,77","6,78","3,99","101,96","3,02","28456,49","787,54","36,04","3,59"
09377,"      Tirschenreuth, Landkreis",2015,73314.0,36426.0,36888.0,14.0,1145.0,849.0,0.0156177537714488,"94,02","156,18","48,39","-20,57","5,69","44,08","78,52","6,21","3,42","67,62","2,98","19953,94","897,90","36,73","3,46"
09377,"      Tirschenreuth, Landkreis",2017,72730.0,36255.0,36475.0,13.0,1109.0,927.0,0.0152481781933177,"91,33","152,48","52,57","-16,93","5,92","48,10","81,08","5,91","3,42","67,08","3,47","21872,85","897,90","39,29","3,47"
09377,"      Tirschenreuth, Landkreis",2019,72046.0,35891.0,36155.0,15.0,1111.0,961.0,0.0154207034394692,"97,17","154,21","40,21","-12,89","5,84","52,59","84,01","5,79","3,42","66,45","3,61","21710,90","926,64","38,72","2,72"
09377,"      Tirschenreuth, Landkreis",2021,71648.0,35674.0,35974.0,15.0,1084.0,944.0,0.0151295221080839,"100,53","151,30","44,21","-9,79","5,32","56,48","85,75","5,83","3,42","66,08","4,02","23950,50","939,65","36,52","2,42"
09377,"      Tirschenreuth, Landkreis",2023,72545.0,36052.0,36493.0,16.0,1084.0,917.0,0.0149424495140946,"98,07","149,42","39,25","-5,87","473,97","59,26","86,87","5,83","3,42","66,91","3,70","27887,44","939,65","37,81","3,53"
09461,"      Bamberg, kreisfreie Stadt",2015,73331.0,34767.0,38564.0,12.0,1044.0,860.0,0.0142368166259835,"92,97","142,37","96,97","50,60","8,31","46,19","74,12","8,11","14,61","1342,57","2,95","22646,02","366,21","45,36","5,74"
09461,"      Bamberg, kreisfreie Stadt",2017,77179.0,37165.0,40014.0,14.0,958.0,880.0,0.0124127029373275,"98,99","124,13","77,94","48,65","8,51","50,58","72,41","7,45","14,61","1413,02","2,61","23770,22","366,21","48,36","5,97"
09461,"      Bamberg, kreisfreie Stadt",2019,77373.0,37296.0,40077.0,16.0,900.0,869.0,0.0116319646388274,"100,23","116,32","64,65","45,79","7,78","54,88","75,75","7,08","14,61","1416,57","2,38","23413,26","367,13","49,48","4,94"
09461,"      Bamberg, kreisfreie Stadt",2021,77749.0,37702.0,40047.0,16.0,884.0,884.0,0.0113699211565422,"108,73","113,70","58,35","45,39","6,93","57,24","76,93","6,92","14,61","1423,45","2,90","25034,96","364,59","50,11","4,62"
09461,"      Bamberg, kreisfreie Stadt",2023,75087.0,36861.0,38226.0,17.0,871.0,968.0,0.0115998774754617,"120,40","116,00","57,45","44,28","663,98","60,86","83,90","6,92","14,61","1374,72","3,12","29151,02","364,59","55,10","5,75"
09462,"      Bayreuth, kreisfreie Stadt",2015,72148.0,34850.0,37298.0,16.0,1227.0,941.0,0.0170067084326661,"92,89","170,07","60,73","44,83","9,16","48,16","75,28","8,52","18,81","1078,12","2,96","22039,06","367,24","43,12","7,25"
09462,"      Bayreuth, kreisfreie Stadt",2017,73999.0,36035.0,37964.0,15.0,1216.0,993.0,0.016432654495331,"89,86","164,33","37,06","44,21","9,92","51,53","76,29","8,11","18,81","1106,28","2,75","23396,83","367,24","46,81","6,98"
09462,"      Bayreuth, kreisfreie Stadt",2019,74783.0,36539.0,38244.0,15.0,1207.0,1074.0,0.0161400318254148,"98,08","161,40","37,14","42,51","9,56","56,09","77,80","7,35","18,81","1118,00","3,04","23029,80","380,58","47,89","6,16"
09462,"      Bayreuth, kreisfreie Stadt",2021,73909.0,36307.0,37602.0,15.0,1352.0,1066.0,0.0182927654277557,"99,35","182,93","43,36","40,70","8,51","58,58","80,49","7,37","18,81","1104,93","3,07","24588,95","377,09","48,17","5,63"
09462,"      Bayreuth, kreisfreie Stadt",2023,73074.0,35844.0,37230.0,15.0,1343.0,1004.0,0.0183786298820373,"94,99","183,79","37,70","40,49","783,23","60,57","83,47","7,37","18,81","1092,45","2,82","28482,14","377,09","55,29","6,31"
09463,"      Coburg, kreisfreie Stadt",2015,41257.0,20004.0,21253.0,10.0,660.0,560.0,0.0159972853091596,"96,39","159,97","73,57","52,02","9,31","51,11","79,23","4,85","12,97","854,36","3,06","23882,37","418,64","44,27","8,00"
09463,"      Coburg, kreisfreie Stadt",2017,41236.0,20065.0,21171.0,10.0,658.0,537.0,0.0159569308371326,"88,61","159,57","58,73","50,20","9,31","55,53","80,92","5,34","12,97","853,92","3,32","25295,95","418,64","46,95","8,31"
09463,"      Coburg, kreisfreie Stadt",2019,41072.0,20042.0,21030.0,10.0,647.0,554.0,0.0157528243085313,"97,19","157,53","46,68","49,58","9,35","59,22","82,98","5,54","12,97","850,53","3,17","24762,45","409,70","47,98","7,38"
09463,"      Coburg, kreisfreie Stadt",2021,40955.0,19896.0,21059.0,8.0,646.0,570.0,0.0157734098400683,"106,54","157,73","38,02","49,69","7,97","60,61","84,03","5,31","12,97","848,11","4,10","26568,28","415,79","48,10","7,26"
09463,"      Coburg, kreisfreie Stadt",2023,40907.0,19923.0,20984.0,10.0,624.0,586.0,0.0152541129879971,"103,35","152,54","38,96","48,68","740,52","63,84","83,61","5,31","12,97","847,11","3,25","30687,12","415,79","52,62","9,10"
09464,"      Hof, kreisfreie Stadt",2015,44660.0,21342.0,23318.0,9.0,760.0,635.0,0.0170174652933273,"87,83","170,17","37,22","32,15","13,62","45,36","75,82","9,29","9,93","769,60","3,34","20537,12","425,46","42,68","11,93"
09464,"      Hof, kreisfreie Stadt",2017,45950.0,22055.0,23895.0,10.0,845.0,719.0,0.0183895538628944,"91,59","183,90","30,17","30,94","14,18","50,99","76,59","9,03","9,93","791,97","4,13","22224,00","425,46","46,01","15,25"
09464,"      Hof, kreisfreie Stadt",2019,45825.0,22095.0,23730.0,11.0,826.0,793.0,0.0180250954719039,"99,87","180,25","27,57","29,36","13,84","54,95","79,34","8,18","9,93","789,81","3,33","21760,55","441,69","46,56","13,31"
09464,"      Hof, kreisfreie Stadt",2021,45125.0,21847.0,23278.0,12.0,829.0,793.0,0.018371191135734,"110,14","183,71","30,39","29,00","13,64","58,15","81,01","8,42","9,93","777,75","4,79","23941,38","420,75","46,31","11,19"
09464,"      Hof, kreisfreie Stadt",2023,46484.0,22819.0,23665.0,12.0,786.0,773.0,0.0169090439721194,"101,44","169,09","32,25","24,04","1279,89","63,25","80,47","8,42","9,93","801,17","3,75","27666,82","420,75","50,91","11,69"
09471,"      Bamberg, Landkreis",2015,145570.0,72906.0,72664.0,31.0,1410.0,1151.0,0.0096860616885347,"91,57","96,86","45,88","-74,91","5,98","48,51","82,29","5,36","2,11","124,65","2,95","21556,97","1191,74","30,19","1,90"
09471,"      Bamberg, Landkreis",2017,146584.0,73417.0,73167.0,33.0,1392.0,1137.0,0.0094962615292255,"85,75","94,96","36,28","-69,99","6,13","52,71","83,86","5,87","2,11","125,52","2,73","23341,17","1191,74","30,17","2,25"
09471,"      Bamberg, Landkreis",2019,147163.0,73740.0,73423.0,35.0,1371.0,1304.0,0.009316200403634,"102,68","93,16","29,25","-63,63","5,82","56,24","86,35","6,20","2,11","126,02","2,70","22991,61","1149,71","29,34","1,90"
09471,"      Bamberg, Landkreis",2021,147697.0,73984.0,73713.0,38.0,1303.0,1410.0,0.0088221155473706,"120,93","88,22","31,57","-62,80","5,04","59,52","87,58","6,25","2,11","126,48","2,82","25173,62","1123,17","27,01","1,76"
09471,"      Bamberg, Landkreis",2023,148017.0,73917.0,74100.0,37.0,1264.0,1402.0,0.0085395596451758,"122,66","85,40","31,91","-66,01","465,67","62,50","88,82","6,25","2,11","126,75","2,65","29175,73","1123,17","33,50","2,34"
09472,"      Bayreuth, Landkreis",2015,104306.0,51516.0,52790.0,23.0,1208.0,1101.0,0.0115813088412938,"102,42","115,81","52,31","-83,03","6,30","47,00","83,30","6,04","0,96","81,89","3,30","21386,13","1182,96","35,16","2,71"
09472,"      Bayreuth, Landkreis",2017,103805.0,51359.0,52446.0,22.0,1196.0,1022.0,0.0115216030056355,"91,58","115,22","47,58","-83,19","6,45","51,98","84,57","6,29","0,96","81,50","2,68","23209,01","1182,96","36,21","2,81"
09472,"      Bayreuth, Landkreis",2019,103664.0,51361.0,52303.0,24.0,1259.0,1070.0,0.0121450069455162,"91,45","121,45","45,22","-81,01","6,21","55,75","87,28","6,08","0,96","81,39","2,54","22926,91","1212,44","35,07","2,22"
09472,"      Bayreuth, Landkreis",2021,103648.0,51423.0,52225.0,24.0,1246.0,1096.0,0.0120214572398888,"99,10","120,21","46,10","-80,27","5,04","58,49","88,69","5,98","0,96","81,38","2,91","25285,87","1256,34","34,29","1,95"
09472,"      Bayreuth, Landkreis",2023,103269.0,51289.0,51980.0,26.0,1255.0,1154.0,0.0121527273431523,"103,78","121,53","43,07","-80,26","486,05","62,58","91,14","5,98","0,96","80,96","3,22","29494,13","1256,34","35,52","2,71"
09473,"      Coburg, Landkreis",2015,86599.0,42781.0,43818.0,13.0,1059.0,777.0,0.0122287786233097,"82,22","122,29","33,49","-31,35","7,75","52,66","83,23","6,52","0,91","146,66","3,15","22604,71","1259,20","35,69","3,71"
09473,"      Coburg, Landkreis",2017,86885.0,42927.0,43958.0,13.0,1059.0,765.0,0.0121885250618633,"80,78","121,89","30,22","-32,56","7,69","57,20","84,65","6,39","0,91","147,16","3,30","24369,80","1259,20","36,50","4,01"
09473,"      Coburg, Landkreis",2019,86747.0,42836.0,43911.0,15.0,1058.0,892.0,0.0121963871949462,"93,70","121,96","34,99","-31,49","7,59","60,45","86,70","6,22","0,91","146,92","2,85","23938,52","1324,38","36,36","3,51"
09473,"      Coburg, Landkreis",2021,86544.0,42781.0,43763.0,17.0,1054.0,857.0,0.0121787761138842,"92,85","121,79","24,09","-31,39","6,77","63,77","87,56","5,60","0,91","146,58","3,10","25915,35","1407,22","35,13","3,38"
09473,"      Coburg, Landkreis",2023,84518.0,41922.0,42596.0,17.0,1037.0,896.0,0.0122695757116827,"93,92","122,70","37,46","-37,00","617,82","68,31","90,86","5,60","0,91","143,15","2,99","30015,91","1407,22","37,29","3,85"
09474,"      Forchheim, Landkreis",2015,114834.0,56865.0,57969.0,23.0,1123.0,879.0,0.0097793336468293,"96,17","97,79","52,32","-64,99","5,95","50,21","79,99","6,53","2,66","178,65","2,47","23178,21","786,95","32,05","2,74"
09474,"      Forchheim, Landkreis",2017,115681.0,57412.0,58269.0,24.0,980.0,880.0,0.0084715726869581,"98,54","84,72","49,45","-60,97","6,18","53,81","81,82","6,55","2,66","179,96","2,65","24870,78","786,95","31,97","3,32"
09474,"      Forchheim, Landkreis",2019,116203.0,57771.0,58432.0,25.0,912.0,914.0,0.0078483343803516,"106,90","78,48","47,17","-56,81","6,02","57,58","84,17","6,28","2,66","180,77","2,58","24530,40","812,61","31,51","2,77"
09474,"      Forchheim, Landkreis",2021,116753.0,57917.0,58836.0,26.0,909.0,942.0,0.007785667177717,"116,15","77,86","44,70","-51,44","5,29","59,43","84,78","6,17","2,66","181,63","2,87","26731,73","813,61","29,69","2,72"
09474,"      Forchheim, Landkreis",2023,116284.0,57671.0,58613.0,25.0,908.0,962.0,0.0078084689209177,"115,76","78,08","37,31","-51,88","476,04","63,96","87,10","6,17","2,66","180,89","2,72","31076,25","813,61","35,25","3,61"
09475,"      Hof, Landkreis",2015,96429.0,47008.0,49421.0,20.0,1636.0,1254.0,0.0169658505221458,"83,60","169,66","37,94","-1,93","8,74","46,34","79,58","6,59","6,66","108,04","3,54","21106,09","925,34","37,57","4,11"
09475,"      Hof, Landkreis",2017,95773.0,46782.0,48991.0,20.0,1587.0,1256.0,0.0165704321677299,"84,07","165,70","35,38","-0,06","8,89","51,23","80,78","6,63","6,66","107,31","3,61","22738,20","925,34","39,08","4,03"
09475,"      Hof, Landkreis",2019,94801.0,46459.0,48342.0,21.0,1565.0,1276.0,0.0165082646807523,"87,04","165,08","25,41","0,57","8,75","55,14","82,91","6,65","6,66","106,22","3,27","22350,24","924,89","38,22","3,70"
09475,"      Hof, Landkreis",2021,93907.0,46017.0,47890.0,21.0,1512.0,1219.0,0.0161010361314917,"89,37","161,01","23,10","-5,43","7,97","58,63","83,84","6,44","6,66","105,22","3,96","24432,22","983,32","37,27","3,50"
09475,"      Hof, Landkreis",2023,92675.0,45405.0,47270.0,23.0,1512.0,1222.0,0.0163150795791745,"87,29","163,15","23,82","2,39","736,44","63,68","85,99","6,44","6,66","103,84","3,78","28337,89","983,32","39,48","4,29"
09476,"      Kronach, Landkreis",2015,67916.0,33475.0,34441.0,11.0,730.0,723.0,0.0107485717651216,"102,99","107,49","35,27","-11,74","6,91","46,08","82,36","6,40","3,63","104,24","3,38","21461,20","833,01","37,12","3,25"
09476,"      Kronach, Landkreis",2017,67474.0,33301.0,34173.0,16.0,729.0,802.0,0.0108041616029878,"112,32","108,04","37,16","-11,11","6,93","51,28","83,05","6,82","3,63","103,57","3,41","23100,82","833,01","37,89","3,13"
09476,"      Kronach, Landkreis",2019,66743.0,32987.0,33756.0,18.0,686.0,809.0,0.0102782314250183,"119,67","102,78","34,75","-10,96","6,88","56,39","85,80","6,82","3,63","102,45","3,33","22546,79","801,72","37,68","2,60"
09476,"      Kronach, Landkreis",2021,66091.0,32676.0,33415.0,19.0,684.0,823.0,0.0103493667821639,"127,60","103,49","30,69","-12,27","6,20","58,38","87,44","5,98","3,63","101,45","4,24","24508,91","858,32","36,61","2,54"
09476,"      Kronach, Landkreis",2023,65009.0,32135.0,32874.0,20.0,677.0,832.0,0.010413942684859,"130,00","104,14","32,93","-13,09","597,87","63,59","89,87","5,98","3,63","99,79","3,22","28416,75","858,32","36,66","2,96"
09477,"      Kulmbach, Landkreis",2015,72468.0,35503.0,36965.0,12.0,837.0,795.0,0.0115499254843517,"99,25","115,50","63,45","-11,64","7,45","48,94","84,10","7,31","8,61","110,08","3,24","21252,53","676,17","37,09","4,23"
09477,"      Kulmbach, Landkreis",2017,72012.0,35394.0,36618.0,13.0,935.0,897.0,0.0129839471199244,"103,82","129,84","73,48","-12,42","7,59","53,38","85,68","7,36","8,61","109,38","3,69","23141,31","676,17","38,96","4,08"
09477,"      Kulmbach, Landkreis",2019,71566.0,35244.0,36322.0,18.0,954.0,970.0,0.0133303524019785,"107,30","133,30","74,28","-9,38","7,16","57,61","88,28","7,13","8,61","108,71","3,17","22819,34","683,21","38,25","3,60"
09477,"      Kulmbach, Landkreis",2021,71328.0,35111.0,36217.0,20.0,934.0,968.0,0.0130944369672498,"115,79","130,94","67,73","-9,00","6,32","60,71","88,93","7,54","8,61","108,35","3,69","25136,95","668,18","37,56","3,02"
09477,"      Kulmbach, Landkreis",2023,71752.0,35355.0,36397.0,21.0,920.0,964.0,0.0128219422455123,"116,99","128,22","50,27","-6,61","539,93","64,63","89,84","7,54","8,61","108,99","3,29","29211,42","668,18","39,43","3,64"
09478,"      Lichtenfels, Landkreis",2015,66655.0,32817.0,33838.0,13.0,906.0,775.0,0.0135923786662665,"92,04","135,92","34,26","-0,83","7,15","48,73","83,28","6,41","12,11","128,20","3,19","20800,17","837,33","36,31","3,82"
09478,"      Lichtenfels, Landkreis",2017,66777.0,33001.0,33776.0,15.0,1035.0,823.0,0.0154993485781032,"93,84","154,99","38,97","-1,27","7,36","53,50","84,09","5,95","12,11","128,43","3,34","22526,38","837,33","37,55","3,99"
09478,"      Lichtenfels, Landkreis",2019,66776.0,32965.0,33811.0,17.0,1045.0,880.0,0.0156493350904516,"95,44","156,49","29,86","-1,26","7,03","55,59","86,32","6,18","12,11","128,43","3,01","22151,67","816,83","37,68","3,21"
09478,"      Lichtenfels, Landkreis",2021,66741.0,32949.0,33792.0,17.0,1032.0,919.0,0.0154627590236885,"104,08","154,63","32,62","-2,59","6,24","59,29","87,52","6,71","12,11","128,36","2,74","24437,52","754,14","37,03","2,85"
09478,"      Lichtenfels, Landkreis",2023,67716.0,33409.0,34307.0,18.0,945.0,880.0,0.0139553429027113,"108,24","139,55","31,96","-5,01","554,05","62,57","87,29","6,71","12,11","130,24","3,43","28274,22","754,14","36,76","3,57"
09479,"      Wunsiedel i.Fichtelgebirge, Landkreis",2015,73185.0,35470.0,37715.0,14.0,1095.0,781.0,0.0149620823939331,"80,43","149,62","43,00","2,55","8,81","47,22","78,88","6,90","5,29","120,68","4,22","20881,15","751,76","39,59","6,68"
09479,"      Wunsiedel i.Fichtelgebirge, Landkreis",2017,73485.0,35818.0,37667.0,15.0,1063.0,801.0,0.0144655371844594,"76,87","144,66","35,51","4,15","9,15","51,13","79,96","6,23","5,29","121,19","4,34","22606,46","751,76","41,64","7,46"
09479,"      Wunsiedel i.Fichtelgebirge, Landkreis",2019,72655.0,35446.0,37209.0,15.0,1063.0,889.0,0.0146307893469134,"87,24","146,31","29,46","4,75","9,27","55,24","82,11","6,85","5,29","119,82","4,04","22219,92","728,37","41,16","6,70"
09479,"      Wunsiedel i.Fichtelgebirge, Landkreis",2021,71482.0,34955.0,36527.0,15.0,1083.0,968.0,0.0151506673008589,"96,22","151,51","28,44","2,11","8,43","58,46","84,22","6,51","5,29","117,89","4,86","24554,50","748,50","40,17","5,25"
09479,"      Wunsiedel i.Fichtelgebirge, Landkreis",2023,70959.0,34626.0,36333.0,16.0,1017.0,914.0,0.0143322200143744,"95,81","143,32","29,31","3,78","777,51","63,78","84,30","6,51","5,29","117,02","4,53","28380,90","748,50","43,11","6,45"
09561,"      Ansbach, kreisfreie Stadt",2015,41159.0,19778.0,21381.0,8.0,722.0,529.0,0.0175417284190578,"90,74","175,42","71,67","37,29","9,99","50,57","80,29","7,11","20,11","411,96","2,83","22283,22","362,19","46,29","7,55"
09561,"      Ansbach, kreisfreie Stadt",2017,41652.0,19930.0,21722.0,9.0,720.0,515.0,0.017286084701815,"80,59","172,86","106,65","38,02","10,56","54,26","81,19","6,54","20,11","416,90","2,96","23903,69","362,19","48,06","8,24"
09561,"      Ansbach, kreisfreie Stadt",2019,41798.0,20022.0,21776.0,9.0,658.0,479.0,0.0157423800181826,"83,89","157,42","81,84","37,36","10,27","59,21","83,58","6,64","20,11","418,36","2,93","23428,34","359,55","48,93","7,09"
09561,"      Ansbach, kreisfreie Stadt",2021,41662.0,19946.0,21716.0,8.0,646.0,502.0,0.0155057366425039,"99,60","155,06","72,48","36,96","9,23","60,25","84,96","6,66","20,11","417,00","2,97","25408,13","355,33","50,28","6,23"
09561,"      Ansbach, kreisfreie Stadt",2023,39700.0,19275.0,20425.0,9.0,645.0,493.0,0.0162468513853904,"93,90","162,47","65,52","40,26","901,10","65,75","90,66","6,66","20,11","397,36","3,77","29392,20","355,33","48,35","7,98"
09562,"      Erlangen, kreisfreie Stadt",2015,108336.0,53454.0,54882.0,14.0,1131.0,900.0,0.0104397430217102,"93,56","104,40","85,79","50,80","6,12","55,06","75,97","7,11","18,30","1407,88","2,36","25962,56","470,33","38,31","4,86"
09562,"      Erlangen, kreisfreie Stadt",2017,110998.0,55200.0,55798.0,14.0,1135.0,884.0,0.0102254094668372,"82,46","102,25","74,73","48,65","6,87","59,31","75,37","7,03","18,30","1442,28","2,46","27414,01","470,33","44,27","5,23"
09562,"      Erlangen, kreisfreie Stadt",2019,112528.0,56013.0,56515.0,14.0,1131.0,891.0,0.0100508317929759,"88,92","100,51","54,14","47,24","6,76","61,66","76,78","6,87","18,30","1462,16","2,34","26815,12","476,31","46,32","4,56"
09562,"      Erlangen, kreisfreie Stadt",2021,113292.0,56520.0,56772.0,14.0,1174.0,903.0,0.0103626028316209,"87,08","103,63","62,25","46,36","5,89","63,07","77,80","6,66","18,30","1472,09","2,25","28681,50","478,53","46,48","4,36"
09562,"      Erlangen, kreisfreie Stadt",2023,115314.0,57181.0,58133.0,14.0,1185.0,957.0,0.0102762890889224,"91,06","102,76","76,14","44,87","553,14","66,08","79,17","6,66","18,30","1498,36","2,58","32961,54","478,53","55,59","5,27"
09563,"      Fürth, kreisfreie Stadt",2015,124171.0,60669.0,63502.0,11.0,1440.0,960.0,0.0115969107118409,"80,74","115,97","44,62","-14,39","11,26","51,49","77,83","6,52","5,97","1960,08","2,89","24007,29","560,47","48,96","9,20"
09563,"      Fürth, kreisfreie Stadt",2017,126526.0,61962.0,64564.0,12.0,1315.0,971.0,0.0103931207814994,"76,58","103,93","45,60","-15,38","11,91","55,61","80,37","6,52","5,97","1997,25","2,73","25478,22","560,47","51,69","9,18"
09563,"      Fürth, kreisfreie Stadt",2019,128497.0,63051.0,65446.0,15.0,1373.0,1018.0,0.0106850743597126,"80,92","106,85","37,63","-17,54","11,54","59,03","81,95","6,38","5,97","2028,37","2,65","24942,40","567,94","52,00","7,58"
09563,"      Fürth, kreisfreie Stadt",2021,129122.0,63224.0,65898.0,15.0,1355.0,1002.0,0.0104939514567618,"82,67","104,94","38,59","-16,11","10,27","61,96","82,93","6,54","5,97","2038,23","3,08","26718,44","554,77","53,05","7,11"
09563,"      Fürth, kreisfreie Stadt",2023,131712.0,64847.0,66865.0,16.0,1387.0,989.0,0.0105305515063168,"81,80","105,31","45,98","-17,67","947,41","64,34","82,87","6,54","5,97","2079,12","2,83","30809,64","554,77","46,12","7,51"
09564,"      Nürnberg, kreisfreie Stadt",2015,509975.0,247931.0,262044.0,59.0,5587.0,4063.0,0.0109554389921074,"88,93","109,55","77,14","30,87","10,80","49,34","78,28","6,96","6,75","2736,21","3,00","22990,77","523,58","51,82","11,22"
09564,"      Nürnberg, kreisfreie Stadt",2017,515201.0,250702.0,264499.0,64.0,5716.0,4312.0,0.0110946989621526,"80,63","110,95","72,65","30,92","11,93","53,61","78,81","6,96","6,75","2763,21","2,86","24452,44","523,58","53,09","10,60"
09564,"      Nürnberg, kreisfreie Stadt",2019,518370.0,253135.0,265235.0,71.0,5740.0,4331.0,0.0110731716727434,"80,95","110,73","59,11","28,97","11,85","58,11","80,93","6,94","6,75","2780,21","2,88","23972,78","526,26","53,30","9,04"
09564,"      Nürnberg, kreisfreie Stadt",2021,510632.0,249546.0,261086.0,71.0,5766.0,4435.0,0.0112918892666342,"87,46","112,92","53,29","27,99","10,56","61,42","83,49","6,95","6,75","2738,85","3,10","25761,23","521,45","54,71","9,04"
09564,"      Nürnberg, kreisfreie Stadt",2023,526606.0,258519.0,268087.0,72.0,5738.0,4484.0,0.0108961918398195,"88,08","108,96","52,24","27,56","975,67","63,01","81,18","6,95","6,75","2824,53","2,68","29661,88","521,45","51,29","9,57"
09565,"      Schwabach, kreisfreie Stadt",2015,40428.0,19710.0,20718.0,9.0,525.0,401.0,0.0129860492727812,"84,24","129,86","54,89","-2,63","7,86","50,43","78,92","7,17","4,13","990,40","3,45","24343,21","578,45","34,97","5,71"
09565,"      Schwabach, kreisfreie Stadt",2017,40781.0,19885.0,20896.0,8.0,474.0,411.0,0.0116230597582207,"91,74","116,23","61,76","-1,90","8,08","54,05","80,21","7,60","4,13","999,53","2,76","26019,97","578,45","39,89","6,06"
09565,"      Schwabach, kreisfreie Stadt",2019,40981.0,20068.0,20913.0,9.0,473.0,414.0,0.0115419340670066,"92,20","115,42","35,82","-0,57","7,84","57,37","82,61","7,69","4,13","1004,44","2,57","25561,39","563,31","40,79","4,86"
09565,"      Schwabach, kreisfreie Stadt",2021,41146.0,20207.0,20939.0,9.0,457.0,377.0,0.011106790453507,"94,49","111,07","58,39","-4,28","7,19","61,46","83,66","7,53","4,13","1008,48","2,91","27353,08","554,15","41,83","5,03"
09565,"      Schwabach, kreisfreie Stadt",2023,40994.0,20003.0,20991.0,9.0,456.0,455.0,0.0111235790603502,"107,06","111,24","36,61","-1,36","665,15","66,30","84,19","7,53","4,13","1004,75","2,76","31710,00","554,15","41,02","5,62"
09571,"      Ansbach, Landkreis",2015,181314.0,90933.0,90381.0,28.0,1792.0,1473.0,0.0098834066867423,"101,94","98,83","51,54","-30,02","5,65","50,29","81,30","5,90","2,20","91,95","2,71","21190,31","1062,35","33,65","2,08"
09571,"      Ansbach, Landkreis",2017,183256.0,92126.0,91130.0,31.0,1786.0,1604.0,0.00974592919195,"98,95","97,46","46,68","-29,54","6,10","54,28","82,73","5,39","2,20","92,96","2,50","23126,58","1062,35","33,75","2,10"
09571,"      Ansbach, Landkreis",2019,184591.0,92836.0,91755.0,33.0,1718.0,1730.0,0.0093070626411905,"107,72","93,07","38,31","-28,42","6,07","57,85","84,55","5,65","2,20","93,64","2,82","22868,09","1063,93","33,54","1,38"
09571,"      Ansbach, Landkreis",2021,186279.0,93562.0,92717.0,38.0,1819.0,1911.0,0.00976492250871,"119,74","97,65","42,40","-29,42","5,36","60,37","85,11","5,51","2,20","94,49","2,77","24988,02","1089,35","33,10","1,36"
09571,"      Ansbach, Landkreis",2023,187340.0,93785.0,93555.0,39.0,1785.0,1878.0,0.0095281306715063,"113,47","95,28","41,44","-30,64","496,09","64,59","87,13","5,51","2,20","95,03","2,76","29219,77","1089,35","34,97","1,90"
09572,"      Erlangen-Höchstadt, Landkreis",2015,134136.0,66722.0,67414.0,15.0,1208.0,868.0,0.0090057851732569,"89,21","90,06","43,41","-20,11","4,81","52,76","79,14","6,37","1,05","237,55","2,14","26020,43","816,49","32,62","2,02"
09572,"      Erlangen-Höchstadt, Landkreis",2017,135334.0,67259.0,68075.0,15.0,1215.0,816.0,0.0089777882867572,"75,56","89,78","37,92","-14,10","4,99","57,03","80,70","6,54","1,05","239,72","2,39","27826,67","816,49","32,50","2,44"
09572,"      Erlangen-Höchstadt, Landkreis",2019,137262.0,68245.0,69017.0,16.0,1177.0,888.0,0.0085748422724424,"85,38","85,75","43,01","-13,03","4,91","60,48","82,62","6,48","1,05","243,14","2,29","27397,54","812,20","33,03","2,09"
09572,"      Erlangen-Höchstadt, Landkreis",2021,139323.0,69214.0,70109.0,16.0,1068.0,865.0,0.0076656402747572,"90,10","76,66","34,14","-13,56","4,29","62,96","83,36","6,68","1,05","246,79","2,70","29744,24","784,92","32,80","2,03"
09572,"      Erlangen-Höchstadt, Landkreis",2023,138581.0,68821.0,69760.0,17.0,1046.0,923.0,0.0075479322562256,"93,71","75,48","29,49","-14,67","396,83","66,96","86,63","6,68","1,05","245,47","2,49","34546,04","784,92","34,11","2,84"
09573,"      Fürth, Landkreis",2015,114291.0,55381.0,58910.0,16.0,1330.0,1033.0,0.0116369617905171,"93,32","116,37","52,46","-101,89","6,17","51,93","82,21","5,69","0,00","371,61","2,73","24407,08","798,58","38,08","2,88"
09573,"      Fürth, Landkreis",2017,116193.0,56410.0,59783.0,16.0,1289.0,1060.0,0.0110936114912258,"87,17","110,94","54,20","-99,42","6,48","56,69","83,66","6,41","0,00","377,94","2,53","25990,77","798,58","39,03","2,62"
09573,"      Fürth, Landkreis",2019,117853.0,57200.0,60653.0,19.0,1417.0,1172.0,0.0120234529456186,"89,19","120,23","47,66","-94,08","6,29","60,17","84,94","6,47","0,00","383,34","2,39","25585,65","814,18","40,39","2,47"
09573,"      Fürth, Landkreis",2021,119432.0,58211.0,61221.0,19.0,1378.0,1116.0,0.0115379462790541,"93,39","115,38","48,66","-97,31","5,52","61,97","86,18","6,59","0,00","388,47","2,69","27645,42","826,52","41,54","2,57"
09573,"      Fürth, Landkreis",2023,117617.0,57151.0,60466.0,20.0,1345.0,1198.0,0.0114354217502571,"101,61","114,35","46,79","-100,48","522,49","67,13","88,04","6,59","0,00","382,57","2,50","31970,59","826,52","36,77","3,22"
09574,"      Nürnberger Land, Landkreis",2015,167643.0,82530.0,85113.0,31.0,2011.0,1513.0,0.0119957290194043,"95,10","119,96","52,79","-29,12","6,64","50,02","81,00","6,14","5,15","209,67","2,68","24454,13","782,27","37,82","2,64"
09574,"      Nürnberger Land, Landkreis",2017,169752.0,83755.0,85997.0,27.0,1776.0,1373.0,0.0104623215043121,"87,56","104,62","49,96","-29,11","6,84","54,17","82,44","6,39","5,15","212,32","2,79","26042,21","782,27","38,34","3,35"
09574,"      Nürnberger Land, Landkreis",2019,170792.0,84197.0,86595.0,28.0,1827.0,1494.0,0.010697222352335,"94,62","106,97","55,32","-28,94","6,49","57,90","84,51","6,53","5,15","213,62","2,42","25599,13","771,07","39,20","2,75"
09574,"      Nürnberger Land, Landkreis",2021,171424.0,84391.0,87033.0,29.0,1866.0,1455.0,0.0108852902744073,"93,99","108,85","37,43","-29,64","5,70","60,77","85,77","6,59","5,15","214,41","2,84","27641,75","749,39","39,59","2,58"
09574,"      Nürnberger Land, Landkreis",2023,169193.0,83154.0,86039.0,32.0,1863.0,1482.0,0.0110110938395796,"94,88","110,11","63,74","-29,78","514,06","65,35","87,60","6,59","5,15","211,62","2,95","32085,24","749,39","37,30","3,18"
09575,"      Neustadt a.d.Aisch-Bad Windsheim, Landkreis",2015,98751.0,49217.0,49534.0,17.0,1124.0,927.0,0.0113821632186003,"102,89","113,82","44,69","-31,86","6,28","50,98","80,70","7,16","4,81","77,91","2,68","21597,70","793,95","34,07","2,64"
09575,"      Neustadt a.d.Aisch-Bad Windsheim, Landkreis",2017,99641.0,49888.0,49753.0,20.0,1078.0,976.0,0.010818839634287,"96,92","108,19","57,85","-29,17","6,84","54,94","82,04","7,08","4,81","78,62","2,96","23382,65","793,95","34,27","3,38"
09575,"      Neustadt a.d.Aisch-Bad Windsheim, Landkreis",2019,101014.0,50621.0,50393.0,23.0,1121.0,1043.0,0.0110974716375947,"103,27","110,97","51,44","-29,07","6,66","58,78","84,14","6,82","4,81","79,70","2,61","23139,12","836,55","33,98","2,69"
09575,"      Neustadt a.d.Aisch-Bad Windsheim, Landkreis",2021,101788.0,51017.0,50771.0,24.0,1145.0,1096.0,0.0112488702008095,"112,99","112,49","38,60","-30,09","5,75","61,04","85,36","6,07","4,81","80,31","2,85","25313,11","846,47","33,27","2,57"
09575,"      Neustadt a.d.Aisch-Bad Windsheim, Landkreis",2023,100982.0,50690.0,50292.0,23.0,1056.0,1039.0,0.0104573092234259,"105,38","104,57","34,65","-30,84","553,71","65,17","89,41","6,07","4,81","79,67","3,05","29396,15","846,47","34,77","3,26"
09576,"      Roth, Landkreis",2015,125140.0,62231.0,62909.0,16.0,987.0,900.0,0.0078871663736614,"102,39","78,87","70,90","-42,19","5,72","49,80","80,32","5,95","2,12","139,76","2,56","22698,12","934,08","35,19","2,30"
09576,"      Roth, Landkreis",2017,126101.0,62701.0,63400.0,17.0,1035.0,1026.0,0.0082077065209633,"105,77","82,08","78,96","-39,64","5,75","53,75","81,95","6,15","2,12","140,87","2,60","24773,19","934,08","35,41","2,43"
09576,"      Roth, Landkreis",2019,126749.0,62952.0,63797.0,21.0,1120.0,1118.0,0.0088363616280996,"107,81","88,36","41,00","-35,62","5,49","57,71","84,35","6,31","2,12","141,59","2,55","24413,37","925,18","36,43","1,84"
09576,"      Roth, Landkreis",2021,127520.0,63240.0,64280.0,23.0,1136.0,1152.0,0.0089084065244667,"113,83","89,08","36,36","-35,32","4,79","60,29","85,68","6,49","2,12","142,45","3,07","26583,34","880,97","37,12","1,67"
09576,"      Roth, Landkreis",2023,128438.0,63756.0,64682.0,24.0,1120.0,1167.0,0.0087201607001043,"112,64","87,20","35,70","-30,83","435,48","64,25","87,30","6,49","2,12","143,48","2,61","31114,82","880,97","33,52","2,24"
09577,"      Weißenburg-Gunzenhausen, Landkreis",2015,93342.0,46525.0,46817.0,17.0,1012.0,928.0,0.0108418503996057,"111,54","108,42","42,75","-19,10","6,75","48,30","80,60","6,78","4,35","96,14","3,15","21342,19","772,20","37,76","3,02"
09577,"      Weißenburg-Gunzenhausen, Landkreis",2017,94208.0,46955.0,47253.0,17.0,1004.0,859.0,0.0106572690217391,"90,90","106,57","55,16","-17,82","7,10","52,43","81,93","6,63","4,35","97,04","2,81","23378,56","772,20","38,24","3,41"
09577,"      Weißenburg-Gunzenhausen, Landkreis",2019,94734.0,47305.0,47429.0,23.0,991.0,1000.0,0.010460869381637,"109,17","104,61","42,25","-19,36","6,99","55,64","84,08","6,54","4,35","97,59","2,92","23128,01","786,17","38,35","3,01"
09577,"      Weißenburg-Gunzenhausen, Landkreis",2021,95523.0,47641.0,47882.0,23.0,942.0,1025.0,0.0098614993247699,"122,46","98,61","42,62","-21,57","6,20","58,10","84,71","6,91","4,35","98,40","3,41","25083,41","758,12","38,25","2,96"
09577,"      Weißenburg-Gunzenhausen, Landkreis",2023,94670.0,47228.0,47442.0,21.0,960.0,991.0,0.0101404880109855,"117,56","101,40","34,21","-24,47","585,32","63,01","87,29","6,91","4,35","97,52","3,19","29255,43","758,12","37,13","4,39"
09661,"      Aschaffenburg, kreisfreie Stadt",2015,68986.0,33288.0,35698.0,7.0,712.0,576.0,0.0103209346823993,"91,87","103,21","45,79","40,45","10,56","49,06","78,53","6,56","11,94","1104,31","2,70","22991,51","360,92","40,88","8,86"
09661,"      Aschaffenburg, kreisfreie Stadt",2017,69928.0,33899.0,36029.0,8.0,701.0,624.0,0.0100245967280631,"97,65","100,25","45,89","37,99","10,99","53,32","79,98","6,58","11,94","1119,74","3,05","24729,55","360,92","44,38","9,51"
09661,"      Aschaffenburg, kreisfreie Stadt",2019,71002.0,34641.0,36361.0,9.0,706.0,652.0,0.0099433818765668,"98,34","99,43","53,20","37,42","11,23","55,77","81,32","6,18","11,94","1136,94","2,94","24319,42","371,74","46,35","8,29"
09661,"      Aschaffenburg, kreisfreie Stadt",2021,71381.0,34822.0,36559.0,9.0,706.0,664.0,0.0098905871310292,"103,75","98,91","52,04","36,70","10,06","58,55","82,31","6,02","11,94","1143,01","3,05","26291,61","367,47","44,87","8,00"
09661,"      Aschaffenburg, kreisfreie Stadt",2023,72554.0,35453.0,37101.0,8.0,681.0,626.0,0.0093861124128235,"96,31","93,86","38,99","35,38","883,85","61,69","82,02","6,02","11,94","1161,79","3,11","30394,03","367,47","47,29","8,94"
09662,"      Schweinfurt, kreisfreie Stadt",2015,51969.0,25160.0,26809.0,8.0,915.0,713.0,0.0176066501183397,"92,00","176,07","44,24","64,52","10,23","49,44","76,04","6,83","17,56","1455,71","3,81","21265,85","354,47","47,96","12,44"
09662,"      Schweinfurt, kreisfreie Stadt",2017,53437.0,26150.0,27287.0,8.0,880.0,748.0,0.0164679903437693,"85,88","164,68","47,83","62,66","10,72","53,22","76,01","6,46","17,56","1496,83","3,38","22673,30","354,47","51,91","12,69"
09662,"      Schweinfurt, kreisfreie Stadt",2019,53426.0,26169.0,27257.0,10.0,1036.0,805.0,0.0193913076030397,"91,48","193,91","33,33","61,58","10,45","57,23","78,25","6,64","17,56","1496,53","2,89","22205,49","350,33","54,10","10,55"
09662,"      Schweinfurt, kreisfreie Stadt",2021,53585.0,26451.0,27134.0,10.0,1034.0,833.0,0.0192964449006251,"95,09","192,96","26,88","60,25","9,39","59,76","80,03","7,18","17,56","1500,98","3,41","24047,91","344,04","54,26","9,66"
09662,"      Schweinfurt, kreisfreie Stadt",2023,53938.0,26679.0,27259.0,10.0,1092.0,898.0,0.0202454670176869,"99,78","202,45","47,31","59,99","891,70","65,70","82,85","7,18","17,56","1510,87","3,54","27888,18","344,04","50,78","10,59"
09663,"      Würzburg, kreisfreie Stadt",2015,124873.0,59159.0,65714.0,32.0,2020.0,1487.0,0.0161764352582223,"87,21","161,76","34,03","44,66","7,08","52,07","79,74","8,43","18,90","1425,00","2,24","22409,39","328,28","57,58","6,14"
09663,"      Würzburg, kreisfreie Stadt",2017,126635.0,60447.0,66188.0,32.0,1948.0,1511.0,0.0153827930666877,"87,29","153,83","37,84","43,41","7,74","55,55","81,36","8,43","18,90","1445,61","2,35","23957,86","328,28","59,03","6,66"
09663,"      Würzburg, kreisfreie Stadt",2019,127934.0,61131.0,66803.0,34.0,1969.0,1509.0,0.0153907483546203,"87,38","153,91","44,92","42,50","7,80","59,38","83,14","8,04","18,90","1460,43","2,26","23539,10","336,23","61,42","5,74"
09663,"      Würzburg, kreisfreie Stadt",2021,126933.0,60749.0,66184.0,34.0,1974.0,1707.0,0.0155515114272884,"99,24","155,52","42,30","41,68","6,95","62,61","84,83","7,96","18,90","1449,01","2,50","25328,68","338,94","62,14","5,18"
09663,"      Würzburg, kreisfreie Stadt",2023,131759.0,62918.0,68841.0,32.0,1845.0,1648.0,0.014002838515775,"97,57","140,03","42,11","41,88","615,84","62,77","82,25","7,96","18,90","1504,10","2,39","29310,82","338,94","58,33","5,55"
09671,"      Aschaffenburg, Landkreis",2015,173695.0,86543.0,87152.0,24.0,1247.0,1065.0,0.0071792509859236,"96,55","71,79","46,15","-41,86","6,84","47,59","79,32","5,84","0,89","248,43","2,28","23304,06","1140,78","31,68","3,23"
09671,"      Aschaffenburg, Landkreis",2017,173969.0,86382.0,87587.0,25.0,1244.0,1120.0,0.0071506992625122,"93,10","71,51","37,24","-37,89","7,14","51,30","80,85","6,15","0,89","248,92","2,25","25084,43","1140,78","32,49","3,95"
09671,"      Aschaffenburg, Landkreis",2019,174200.0,86457.0,87743.0,26.0,1219.0,1185.0,0.0069977037887485,"101,20","69,98","39,34","-36,91","7,21","55,60","83,01","6,37","0,89","249,25","2,45","24619,54","1111,32","32,83","3,49"
09671,"      Aschaffenburg, Landkreis",2021,174965.0,86790.0,88175.0,29.0,1226.0,1259.0,0.007007115708856,"107,79","70,07","35,32","-34,49","6,37","58,57","84,12","6,34","0,89","250,34","2,30","26907,24","1107,37","29,01","3,42"
09671,"      Aschaffenburg, Landkreis",2023,170856.0,84580.0,86276.0,30.0,1277.0,1316.0,0.0074741302617408,"113,55","74,74","33,48","-31,90","596,41","63,51","87,19","6,34","0,89","244,46","2,50","31072,74","1107,37","35,78","4,46"
09672,"      Bad Kissingen, Landkreis",2015,103106.0,50623.0,52483.0,36.0,1579.0,1308.0,0.0153143367020348,"101,71","153,14","55,39","-20,90","6,24","47,20","80,37","7,23","8,63","90,69","2,94","21296,64","752,39","36,00","3,28"
09672,"      Bad Kissingen, Landkreis",2017,103265.0,50790.0,52475.0,35.0,1548.0,1241.0,0.0149905582724059,"86,42","149,91","49,51","-19,97","6,49","51,90","82,64","7,17","8,63","90,84","2,89","23100,95","752,39","38,51","3,68"
09672,"      Bad Kissingen, Landkreis",2019,103235.0,50860.0,52375.0,38.0,1529.0,1380.0,0.0148108684070325,"100,66","148,11","41,30","-18,51","6,53","55,66","85,51","6,56","8,63","90,80","2,96","22709,15","766,12","39,18","2,98"
09672,"      Bad Kissingen, Landkreis",2021,103454.0,50987.0,52467.0,40.0,1505.0,1292.0,0.0145475283700968,"100,16","145,48","37,53","-20,10","5,83","58,16","86,63","6,36","8,63","91,00","3,24","24893,59","795,80","37,53","2,77"
09672,"      Bad Kissingen, Landkreis",2023,103447.0,50906.0,52541.0,35.0,1315.0,1267.0,0.0127118234458225,"107,74","127,12","33,56","-20,68","547,48","63,23","88,08","6,36","8,63","90,99","2,75","28980,33","795,80","38,09","3,88"
09673,"      Rhön-Grabfeld, Landkreis",2015,79723.0,39540.0,40183.0,15.0,994.0,749.0,0.0124681710422337,"98,55","124,68","49,49","-4,67","5,20","47,86","80,07","7,21","13,13","78,02","2,73","20619,43","703,05","31,74","2,63"
09673,"      Rhön-Grabfeld, Landkreis",2017,79796.0,39702.0,40094.0,19.0,1054.0,868.0,0.0132086821394556,"97,86","132,09","39,48","-5,36","5,73","51,43","82,14","6,96","13,13","78,10","2,64","22638,57","703,05","33,21","2,95"
09673,"      Rhön-Grabfeld, Landkreis",2019,79635.0,39646.0,39989.0,22.0,994.0,938.0,0.0124819488918189,"107,32","124,82","37,66","-2,50","5,74","56,34","84,74","6,78","13,13","77,95","2,73","22255,84","733,96","32,91","2,36"
09673,"      Rhön-Grabfeld, Landkreis",2021,79376.0,39486.0,39890.0,22.0,976.0,895.0,0.0122959080830477,"108,09","122,96","38,90","-1,65","5,22","58,34","86,50","6,30","13,13","77,69","2,88","24551,13","770,64","30,39","2,29"
09673,"      Rhön-Grabfeld, Landkreis",2023,79430.0,39586.0,39844.0,22.0,877.0,878.0,0.0110411683243107,"114,47","110,41","44,41","-2,77","493,47","62,95","89,14","6,30","13,13","77,74","2,88","28627,63","770,64","36,13","3,30"
09674,"      Haßberge, Landkreis",2015,84581.0,42412.0,42169.0,13.0,653.0,584.0,0.0077204100211631,"107,55","77,20","56,37","-32,66","6,39","46,98","80,91","6,30","2,61","88,44","2,45","20321,72","832,16","30,72","2,71"
09674,"      Haßberge, Landkreis",2017,84464.0,42398.0,42066.0,15.0,636.0,646.0,0.0075298351960598,"104,70","75,30","52,70","-30,34","6,71","51,33","83,12","6,45","2,61","88,33","3,18","22189,00","832,16","32,47","2,93"
09674,"      Haßberge, Landkreis",2019,84384.0,42309.0,42075.0,17.0,641.0,714.0,0.0075962267728479,"121,64","75,96","46,75","-27,67","6,52","54,46","85,54","6,19","2,61","88,25","2,82","21782,61","831,37","32,45","2,57"
09674,"      Haßberge, Landkreis",2021,84284.0,42287.0,41997.0,16.0,587.0,718.0,0.0069645484314935,"128,90","69,65","53,09","-27,76","5,72","57,55","87,64","6,47","2,61","88,15","3,28","24072,35","806,55","30,25","2,26"
09674,"      Haßberge, Landkreis",2023,83673.0,41996.0,41677.0,17.0,588.0,685.0,0.0070273564949266,"122,32","70,27","39,45","-31,61","527,54","62,82","89,61","6,47","2,61","87,51","3,16","27980,63","806,55","33,74","2,72"
09675,"      Kitzingen, Landkreis",2015,89306.0,44796.0,44510.0,14.0,1049.0,821.0,0.0117461312789734,"96,47","117,46","41,24","-18,36","6,56","48,38","81,39","6,55","2,63","130,53","2,67","21484,30","789,77","37,43","2,94"
09675,"      Kitzingen, Landkreis",2017,90429.0,45526.0,44903.0,15.0,1017.0,848.0,0.0112463921971933,"91,97","112,46","32,83","-17,87","6,73","53,58","82,67","6,41","2,63","132,18","2,48","23304,91","789,77","35,18","2,98"
09675,"      Kitzingen, Landkreis",2019,91155.0,45862.0,45293.0,17.0,1004.0,923.0,0.0110142065712248,"100,44","110,14","33,53","-14,67","6,58","57,69","84,54","6,09","2,63","133,24","2,14","22961,83","813,88","33,86","2,24"
09675,"      Kitzingen, Landkreis",2021,91980.0,46286.0,45694.0,19.0,949.0,857.0,0.0103174603174603,"102,39","103,17","35,55","-13,55","5,99","60,60","85,57","6,14","2,63","134,45","2,83","24982,57","823,09","32,82","2,06"
09675,"      Kitzingen, Landkreis",2023,91197.0,45684.0,45513.0,24.0,954.0,878.0,0.0104608704233691,"107,73","104,61","33,25","-13,81","574,15","66,11","88,35","6,14","2,63","133,30","2,38","29107,17","823,09","37,16","2,93"
09676,"      Miltenberg, Landkreis",2015,128446.0,64062.0,64384.0,20.0,1104.0,1167.0,0.0085950516170219,"121,44","85,95","40,64","-26,28","7,92","48,73","79,25","6,73","2,14","179,43","2,64","21610,89","866,67","30,53","3,40"
09676,"      Miltenberg, Landkreis",2017,128484.0,64035.0,64449.0,22.0,1155.0,1210.0,0.0089894461567199,"118,98","89,89","40,70","-23,40","8,24","52,29","80,72","6,36","2,14","179,55","2,24","23340,83","866,67","31,17","3,59"
09676,"      Miltenberg, Landkreis",2019,128743.0,64105.0,64638.0,24.0,1156.0,1253.0,0.0089791289623513,"120,13","89,79","46,14","-22,13","8,05","55,93","82,90","6,31","2,14","179,91","2,55","22879,56","883,31","31,11","3,19"
09676,"      Miltenberg, Landkreis",2021,128782.0,64051.0,64731.0,26.0,1205.0,1340.0,0.0093568977030951,"123,16","93,57","41,95","-22,76","7,26","58,14","84,18","6,64","2,14","179,97","2,41","25067,65","838,97","26,85","3,18"
09676,"      Miltenberg, Landkreis",2023,127204.0,63153.0,64051.0,29.0,1309.0,1330.0,0.0102905569007263,"115,05","102,91","40,79","-23,28","677,34","63,10","86,28","6,64","2,14","177,76","2,87","28966,11","838,97","35,32","3,97"
09677,"      Main-Spessart, Landkreis",2015,126123.0,62856.0,63267.0,15.0,1406.0,1145.0,0.0111478477359403,"93,47","111,48","73,59","-16,28","5,40","49,95","82,68","6,80","4,00","95,45","2,60","21865,62","802,05","39,40","2,22"
09677,"      Main-Spessart, Landkreis",2017,126523.0,63088.0,63435.0,16.0,1432.0,1161.0,0.0113181002663547,"90,14","113,18","55,86","-16,41","5,60","54,14","83,95","6,82","4,00","95,76","2,51","23723,74","802,05","37,27","2,72"
09677,"      Main-Spessart, Landkreis",2019,126158.0,62951.0,63207.0,18.0,1439.0,1159.0,0.0114063317427353,"91,77","114,06","37,30","-15,18","5,52","57,36","86,82","6,72","4,00","95,49","2,60","23370,28","807,41","35,87","2,35"
09677,"      Main-Spessart, Landkreis",2021,126105.0,62873.0,63232.0,23.0,1434.0,1251.0,0.0113714761508266,"107,11","113,71","40,95","-13,89","5,07","60,76","87,99","6,29","4,00","95,45","2,86","25825,12","832,38","35,12","2,14"
09677,"      Main-Spessart, Landkreis",2023,125814.0,62735.0,63079.0,23.0,1408.0,1249.0,0.0111911234043906,"111,72","111,91","34,63","-15,83","471,11","65,16","88,54","6,29","4,00","95,23","2,69","29749,48","832,38","36,09","2,80"
09678,"      Schweinfurt, Landkreis",2015,114813.0,57406.0,57407.0,17.0,1096.0,891.0,0.0095459573393256,"95,19","95,46","47,98","-101,63","5,03","51,05","79,48","5,88","4,99","136,44","2,52","21468,46","1251,14","30,15","2,42"
09678,"      Schweinfurt, Landkreis",2017,115105.0,57657.0,57448.0,19.0,1118.0,926.0,0.0097128708570435,"88,11","97,13","35,99","-86,47","5,06","55,36","81,72","5,78","4,99","136,80","2,61","23279,09","1251,14","32,09","2,63"
09678,"      Schweinfurt, Landkreis",2019,115445.0,58014.0,57431.0,24.0,1199.0,1068.0,0.0103858980466889,"98,98","103,86","27,55","-85,38","5,04","58,56","84,48","5,70","4,99","137,21","2,56","22913,85","1279,17","31,79","2,43"
09678,"      Schweinfurt, Landkreis",2021,116134.0,58345.0,57789.0,25.0,1303.0,1155.0,0.0112197978197599,"99,57","112,20","30,61","-84,52","4,27","61,03","86,03","5,86","4,99","138,03","2,70","25120,86","1255,50","29,18","2,16"
09678,"      Schweinfurt, Landkreis",2023,114404.0,57391.0,57013.0,27.0,1299.0,1171.0,0.0113544980944722,"97,18","113,54","29,50","-84,95","419,96","66,31","88,70","5,86","4,99","135,97","2,67","29480,13","1255,50","32,59","2,61"
09679,"      Würzburg, Landkreis",2015,160427.0,79757.0,80670.0,28.0,1042.0,807.0,0.0064951660256689,"90,67","64,95","45,81","-71,86","5,31","50,01","82,27","6,36","0,86","165,66","2,18","22566,68","831,65","36,90","2,41"
09679,"      Würzburg, Landkreis",2017,161340.0,80242.0,81098.0,29.0,1012.0,769.0,0.0062724680798314,"85,07","62,72","38,86","-69,89","5,40","53,76","84,42","6,48","0,86","166,61","2,03","24415,40","831,65","33,84","2,69"
09679,"      Würzburg, Landkreis",2019,162302.0,80732.0,81570.0,32.0,1187.0,878.0,0.0073135266355312,"91,94","73,14","39,90","-68,58","5,25","57,90","86,80","6,28","0,86","167,61","2,21","24079,82","854,22","31,81","2,25"
09679,"      Würzburg, Landkreis",2021,163534.0,81233.0,82301.0,33.0,1211.0,974.0,0.0074051879119938,"99,39","74,05","31,94","-66,09","4,74","60,82","87,77","6,24","0,86","168,88","2,09","26338,49","837,56","29,93","2,00"
09679,"      Würzburg, Landkreis",2023,160879.0,79556.0,81323.0,34.0,1064.0,891.0,0.0066136661714704,"101,60","66,14","30,82","-69,34","450,45","66,69","90,82","6,24","0,86","166,14","2,28","30391,62","837,56","36,07","2,65"
09761,"      Augsburg, kreisfreie Stadt",2015,286374.0,140323.0,146051.0,40.0,3210.0,2482.0,0.0112091181462004,"94,73","112,09","65,33","21,45","10,92","49,54","75,11","6,46","9,82","1949,98","2,81","22274,31","508,86","51,86","7,32"
09761,"      Augsburg, kreisfreie Stadt",2017,292851.0,143867.0,148984.0,39.0,3051.0,2509.0,0.0104182673099972,"88,31","104,18","61,14","18,26","11,26","53,43","76,20","6,23","9,82","1993,95","2,50","23673,04","508,86","51,17","7,17"
09761,"      Augsburg, kreisfreie Stadt",2019,296582.0,146222.0,150360.0,38.0,3032.0,2531.0,0.0102231423350034,"94,19","102,23","53,70","16,23","10,22","57,03","78,35","6,22","9,82","2019,49","2,54","23309,04","510,91","55,12","6,50"
09761,"      Augsburg, kreisfreie Stadt",2021,296478.0,146234.0,150244.0,40.0,2952.0,2583.0,0.0099568939347944,"99,85","99,57","58,24","14,51","8,62","58,69","79,91","6,28","9,82","2018,92","2,83","25024,01","514,72","57,49","6,62"
09761,"      Augsburg, kreisfreie Stadt",2023,298972.0,147492.0,151480.0,41.0,2879.0,2648.0,0.0096296643163908,"102,20","96,30","63,02","13,61","801,05","61,56","80,64","6,28","9,82","2035,90","2,52","29003,70","514,72","50,98","7,20"
09762,"      Kaufbeuren, kreisfreie Stadt",2015,42731.0,20999.0,21732.0,8.0,551.0,503.0,0.012894619831036,"104,79","128,95","66,40","5,10","10,35","51,17","80,96","9,42","14,10","1067,47","2,88","22170,97","381,39","45,83","5,91"
09762,"      Kaufbeuren, kreisfreie Stadt",2017,43478.0,21384.0,22094.0,8.0,546.0,526.0,0.012558075348452,"99,62","125,58","53,95","4,82","10,84","55,14","82,45","8,91","14,10","1086,41","2,72","23881,13","381,39","47,59","6,64"
09762,"      Kaufbeuren, kreisfreie Stadt",2019,44398.0,21872.0,22526.0,8.0,546.0,552.0,0.012297851254561,"104,94","122,98","45,03","5,19","10,31","58,39","82,76","8,39","14,10","1109,40","2,90","23699,13","394,65","48,96","5,38"
09762,"      Kaufbeuren, kreisfreie Stadt",2021,45118.0,22229.0,22889.0,8.0,543.0,539.0,0.0120351079391817,"116,16","120,35","50,95","3,48","8,71","61,21","83,11","6,70","14,10","1127,39","2,91","25754,60","412,04","50,48","4,67"
09762,"      Kaufbeuren, kreisfreie Stadt",2023,46071.0,22732.0,23339.0,8.0,523.0,548.0,0.0113520435849015,"115,37","113,52","45,35","0,25","775,64","65,29","83,33","6,70","14,10","1151,20","3,26","30221,71","412,04","44,94","5,15"
09763,"      Kempten (Allgäu), kreisfreie Stadt",2015,66947.0,33106.0,33841.0,8.0,759.0,640.0,0.0113373265418913,"103,90","113,37","60,05","31,38","9,96","51,21","79,76","7,73","9,49","1057,95","2,46","22929,42","412,87","47,14","5,54"
09763,"      Kempten (Allgäu), kreisfreie Stadt",2017,68330.0,33789.0,34541.0,9.0,693.0,605.0,0.0101419581442997,"96,18","101,42","96,87","27,15","10,15","56,57","79,86","7,54","9,49","1079,80","2,27","24053,42","412,87","49,35","5,49"
09763,"      Kempten (Allgäu), kreisfreie Stadt",2019,69151.0,34219.0,34932.0,8.0,615.0,611.0,0.0088935807146679,"108,53","88,94","88,58","22,47","9,70","59,11","82,48","7,41","9,49","1092,78","2,77","23749,57","416,57","51,21","4,45"
09763,"      Kempten (Allgäu), kreisfreie Stadt",2021,69053.0,34240.0,34813.0,9.0,622.0,590.0,0.0090075738925173,"115,69","90,08","61,69","22,40","8,05","62,85","85,35","7,24","9,49","1091,23","2,78","25351,72","414,73","53,14","4,05"
09763,"      Kempten (Allgäu), kreisfreie Stadt",2023,65933.0,32276.0,33657.0,9.0,591.0,586.0,0.0089636449122594,"122,34","89,64","60,16","20,55","764,73","69,56","88,79","7,24","9,49","1041,92","2,71","29515,23","414,73","50,97","4,90"
09764,"      Memmingen, kreisfreie Stadt",2015,42841.0,21082.0,21759.0,6.0,520.0,412.0,0.0121379052776545,"107,29","121,38","98,11","42,04","10,24","52,23","80,24","6,65","10,53","610,79","2,34","22851,44","412,04","40,37","4,17"
09764,"      Memmingen, kreisfreie Stadt",2017,43470.0,21478.0,21992.0,6.0,467.0,435.0,0.0107430411778237,"106,62","107,43","78,96","41,13","10,30","55,00","80,89","6,79","10,53","620,03","2,99","24995,33","412,04","43,65","4,22"
09764,"      Memmingen, kreisfreie Stadt",2019,44100.0,21892.0,22208.0,8.0,526.0,461.0,0.0119274376417233,"109,76","119,27","45,01","39,69","9,92","59,15","82,26","6,69","10,53","629,01","2,71","24621,31","422,01","44,06","3,34"
09764,"      Memmingen, kreisfreie Stadt",2021,44721.0,22195.0,22526.0,9.0,498.0,446.0,0.0111357080566176,"124,23","111,36","53,28","38,55","8,51","62,34","83,34","6,54","10,53","637,87","2,88","26937,47","434,18","46,64","3,52"
09764,"      Memmingen, kreisfreie Stadt",2023,44048.0,21658.0,22390.0,8.0,464.0,507.0,0.0105339629495096,"154,10","105,34","43,07","35,12","770,04","68,20","85,51","6,54","10,53","628,27","2,57","31191,12","434,18","44,85","4,64"
09771,"      Aichach-Friedberg, Landkreis",2015,130916.0,65241.0,65675.0,16.0,881.0,696.0,0.0067295059427419,"88,32","67,30","42,02","-56,79","5,17","48,79","80,81","6,32","2,07","167,78","2,20","24344,68","858,23","35,39","1,91"
09771,"      Aichach-Friedberg, Landkreis",2017,132596.0,66182.0,66414.0,16.0,880.0,706.0,0.0066367009562882,"85,99","66,37","36,09","-53,79","5,62","53,11","81,94","6,18","2,07","169,94","2,28","25899,77","858,23","34,77","2,23"
09771,"      Aichach-Friedberg, Landkreis",2019,134655.0,67161.0,67494.0,18.0,965.0,783.0,0.007166462441053,"86,81","71,66","36,80","-52,47","5,48","56,80","82,98","5,89","2,07","172,58","2,08","25546,72","878,66","33,52","2,03"
09771,"      Aichach-Friedberg, Landkreis",2021,135538.0,67418.0,68120.0,19.0,969.0,900.0,0.0071492865469462,"102,39","71,49","37,87","-51,99","4,55","58,61","84,77","5,75","2,07","173,72","2,19","27482,52","871,63","32,97","1,85"
09771,"      Aichach-Friedberg, Landkreis",2023,136430.0,67994.0,68436.0,19.0,952.0,872.0,0.0069779374037968,"102,47","69,78","30,98","-49,60","419,19","62,12","87,07","5,75","2,07","174,86","2,15","32262,62","871,63","32,70","2,63"
09772,"      Augsburg, Landkreis",2015,245600.0,122030.0,123570.0,34.0,1960.0,1797.0,0.0079804560260586,"105,64","79,80","49,20","-42,82","6,38","49,22","80,09","6,42","1,19","229,29","2,38","24223,61","840,50","37,92","2,72"
09772,"      Augsburg, Landkreis",2017,249838.0,123993.0,125845.0,36.0,2019.0,1853.0,0.0080812366413435,"101,59","80,81","47,28","-38,92","6,55","53,22","80,43","6,46","1,19","233,36","2,16","25711,27","840,50","37,85","3,05"
09772,"      Augsburg, Landkreis",2019,253468.0,125761.0,127707.0,37.0,1967.0,1934.0,0.0077603484463522,"105,17","77,60","45,14","-36,03","6,20","56,96","82,37","6,32","1,19","236,75","2,17","25343,04","856,31","36,42","2,76"
09772,"      Augsburg, Landkreis",2021,257790.0,127849.0,129941.0,40.0,1940.0,2012.0,0.0075255052562163,"113,80","75,26","47,09","-33,93","5,40","59,61","83,95","6,51","1,19","240,78","2,60","27423,65","818,38","36,14","2,75"
09772,"      Augsburg, Landkreis",2023,261600.0,129853.0,131747.0,38.0,1881.0,1855.0,0.007190366972477,"103,98","71,90","59,17","-33,63","496,48","62,82","84,81","6,51","1,19","244,32","2,14","32030,06","818,38","34,51","3,36"
09773,"      Dillingen a.d.Donau, Landkreis",2015,94575.0,47230.0,47345.0,11.0,1038.0,834.0,0.010975416336241,"99,88","109,75","39,65","-25,13","6,64","51,64","79,94","6,21","3,24","119,38","2,44","22190,65","873,02","35,78","2,56"
09773,"      Dillingen a.d.Donau, Landkreis",2017,95159.0,47663.0,47496.0,13.0,1141.0,874.0,0.0119904580754316,"89,73","119,90","44,49","-23,18","6,70","55,11","81,07","5,99","3,24","120,12","2,48","24029,09","873,02","35,30","3,35"
09773,"      Dillingen a.d.Donau, Landkreis",2019,96562.0,48441.0,48121.0,13.0,1128.0,1023.0,0.0116816138853793,"100,89","116,82","42,21","-22,06","6,48","58,55","82,47","5,98","3,24","121,89","2,56","23631,41","848,90","33,70","2,86"
09773,"      Dillingen a.d.Donau, Landkreis",2021,97985.0,49123.0,48862.0,14.0,1130.0,1011.0,0.0115323774047048,"107,67","115,32","35,50","-23,12","5,74","61,16","83,60","5,69","3,24","123,68","2,39","25705,52","872,92","32,82","2,69"
09773,"      Dillingen a.d.Donau, Landkreis",2023,98474.0,49270.0,49204.0,15.0,1102.0,939.0,0.011190771168024,"104,22","111,91","35,73","-25,28","535,98","65,60","85,26","5,69","3,24","124,30","2,85","29768,54","872,92","33,13","3,45"
09774,"      Günzburg, Landkreis",2015,123153.0,62073.0,61080.0,19.0,1037.0,897.0,0.0084204201278084,"106,41","84,20","54,30","-6,86","7,23","51,61","80,73","6,33","8,41","161,52","2,45","21946,87","815,18","32,27","2,15"
09774,"      Günzburg, Landkreis",2017,124519.0,62851.0,61668.0,19.0,1090.0,985.0,0.0087536841767119,"98,30","87,54","43,74","-5,80","7,46","55,21","81,32","6,06","8,41","163,33","2,28","23890,42","815,18","32,97","2,44"
09774,"      Günzburg, Landkreis",2019,127027.0,64288.0,62739.0,19.0,1077.0,1050.0,0.0084785124422366,"105,42","84,79","34,00","-5,37","7,21","59,24","82,96","5,85","8,41","166,61","2,33","23533,61","834,33","31,87","2,01"
09774,"      Günzburg, Landkreis",2021,128436.0,64872.0,63564.0,22.0,1028.0,1016.0,0.0080039864212526,"108,55","80,04","34,51","-5,05","6,31","62,54","84,46","5,82","8,41","168,46","2,75","25506,35","821,99","32,08","2,02"
09774,"      Günzburg, Landkreis",2023,129696.0,65469.0,64227.0,23.0,1072.0,1060.0,0.0082654823587466,"108,61","82,65","35,48","-5,56","570,03","66,80","85,87","5,82","8,41","170,12","2,75","29460,27","821,99","34,99","2,41"
09775,"      Neu-Ulm, Landkreis",2015,170309.0,84606.0,85703.0,13.0,1284.0,982.0,0.0075392375035964,"100,51","75,39","50,66","-14,78","7,16","52,66","80,94","6,52","1,24","330,14","2,28","23146,26","748,57","35,10","3,51"
09775,"      Neu-Ulm, Landkreis",2017,172546.0,85562.0,86984.0,16.0,1482.0,1162.0,0.0085890139441076,"88,50","85,89","49,42","-14,27","7,36","57,28","81,21","6,40","1,24","334,50","2,37","24562,97","748,57","36,37","3,41"
09775,"      Neu-Ulm, Landkreis",2019,175204.0,86839.0,88365.0,18.0,1563.0,1306.0,0.0089210292002465,"91,78","89,21","39,26","-14,59","7,23","61,55","82,85","6,29","1,24","339,65","2,24","24110,44","763,42","35,59","2,63"
09775,"      Neu-Ulm, Landkreis",2021,177330.0,88007.0,89323.0,22.0,1605.0,1426.0,0.0090509220098122,"104,70","90,51","41,53","-18,89","6,36","63,90","84,37","5,46","1,24","343,77","2,49","26197,74","994,84","36,41","2,66"
09775,"      Neu-Ulm, Landkreis",2023,182560.0,91291.0,91269.0,22.0,1600.0,1320.0,0.0087642418930762,"96,21","87,64","38,86","-21,32","577,87","67,77","83,88","5,46","1,24","353,91","2,28","30357,00","994,84","38,98","3,10"
09776,"      Lindau (Bodensee), Landkreis",2015,80429.0,39550.0,40879.0,18.0,1112.0,990.0,0.0138258588320133,"109,51","138,26","34,30","-0,34","7,42","49,82","81,62","7,55","6,68","248,66","2,78","22655,07","663,79","40,97","2,76"
09776,"      Lindau (Bodensee), Landkreis",2017,81148.0,39965.0,41183.0,16.0,1078.0,934.0,0.0132843693005372,"106,99","132,84","36,45","0,45","7,65","52,87","82,92","7,55","6,68","250,93","2,52","24391,94","663,79","41,81","2,97"
09776,"      Lindau (Bodensee), Landkreis",2019,81981.0,40438.0,41543.0,16.0,1063.0,969.0,0.012966419048316,"102,76","129,66","30,72","1,31","7,37","55,93","84,60","7,01","6,68","253,51","2,43","24086,54","677,53","41,42","2,62"
09776,"      Lindau (Bodensee), Landkreis",2021,82330.0,40613.0,41717.0,17.0,1040.0,888.0,0.012632090368031,"98,34","126,32","37,93","-2,49","6,26","58,91","85,61","6,50","6,68","254,58","2,62","26370,87","708,22","41,86","2,63"
09776,"      Lindau (Bodensee), Landkreis",2023,82224.0,40387.0,41837.0,15.0,938.0,882.0,0.0114078614516442,"98,11","114,08","35,65","-3,64","545,12","63,53","87,57","6,50","6,68","254,26","2,62","30734,66","708,22","44,13","3,23"
09777,"      Ostallgäu, Landkreis",2015,137709.0,68750.0,68959.0,22.0,1183.0,1004.0,0.0085905786840366,"105,91","85,91","65,95","-18,02","6,18","47,53","80,20","6,46","3,97","98,72","2,12","22274,08","913,30","37,47","1,82"
09777,"      Ostallgäu, Landkreis",2017,139278.0,69419.0,69859.0,18.0,1075.0,961.0,0.0077183761972457,"99,38","77,18","42,99","-20,00","6,34","51,95","81,74","6,17","3,97","99,88","2,34","24012,71","913,30","37,36","2,49"
09777,"      Ostallgäu, Landkreis",2019,141182.0,70507.0,70675.0,18.0,1011.0,1019.0,0.0071609695286934,"113,22","71,61","46,22","-18,38","6,04","55,53","83,44","6,20","3,97","101,25","2,22","23810,46","919,75","35,85","2,00"
09777,"      Ostallgäu, Landkreis",2021,143236.0,71432.0,71804.0,18.0,973.0,1033.0,0.00679298500377,"123,42","67,93","46,08","-17,17","5,02","58,75","84,83","6,21","3,97","102,72","2,22","26021,79","927,09","35,52","1,91"
09777,"      Ostallgäu, Landkreis",2023,141137.0,70090.0,71047.0,18.0,973.0,1027.0,0.0068940107838483,"113,11","68,94","47,43","-15,14","451,22","64,07","88,99","6,21","3,97","101,21","2,27","30402,03","927,09","37,57","2,72"
09778,"      Unterallgäu, Landkreis",2015,140419.0,70572.0,69847.0,24.0,1355.0,1147.0,0.0096496912810944,"100,61","96,50","46,23","-23,17","5,87","50,02","79,79","6,14","2,84","114,16","2,52","22728,44","1063,76","31,56","1,49"
09778,"      Unterallgäu, Landkreis",2017,142544.0,71769.0,70775.0,25.0,1368.0,1263.0,0.0095970367044561,"98,83","95,97","40,61","-20,99","6,19","53,72","81,09","6,10","2,84","115,93","2,36","24441,67","1063,76","32,18","1,67"
09778,"      Unterallgäu, Landkreis",2019,145341.0,73229.0,72112.0,26.0,1396.0,1351.0,0.0096049979014868,"106,38","96,05","35,76","-19,85","5,91","57,90","83,25","5,86","2,84","118,20","2,44","24243,04","1109,47","30,56","1,34"
09778,"      Unterallgäu, Landkreis",2021,147776.0,74634.0,73142.0,28.0,1397.0,1388.0,0.0094534971849285,"113,31","94,53","37,16","-19,68","5,07","60,30","84,76","5,46","2,84","120,19","2,49","26395,93","1156,76","29,94","1,36"
09778,"      Unterallgäu, Landkreis",2023,145298.0,73430.0,71868.0,29.0,1383.0,1433.0,0.009518369144792,"117,94","95,18","40,32","-18,70","467,86","66,67","89,03","5,46","2,84","118,17","2,72","30657,00","1156,76","36,33","1,91"
09779,"      Donau-Ries, Landkreis",2015,131345.0,66381.0,64964.0,15.0,1006.0,922.0,0.0076592180897636,"109,63","76,59","77,74","6,89","5,24","51,71","81,58","6,36","3,92","103,04","2,38","22518,01","850,12","34,86","1,50"
09779,"      Donau-Ries, Landkreis",2017,133043.0,67559.0,65484.0,16.0,1014.0,960.0,0.0076215960253451,"103,34","76,22","72,05","6,05","5,67","54,66","82,67","6,13","3,92","104,38","2,26","24221,94","850,12","34,22","1,78"
09779,"      Donau-Ries, Landkreis",2019,133783.0,67860.0,65923.0,17.0,1006.0,983.0,0.0075196400140526,"106,04","75,20","56,48","5,34","5,52","58,57","84,70","5,79","3,92","104,96","2,36","23973,60","916,32","32,30","1,61"
09779,"      Donau-Ries, Landkreis",2021,134986.0,68516.0,66470.0,18.0,1012.0,1012.0,0.0074970737706132,"115,00","74,97","55,38","5,33","5,02","61,34","86,07","5,76","3,92","105,91","2,61","26092,69","919,84","31,89","1,50"
09779,"      Donau-Ries, Landkreis",2023,134677.0,68374.0,66303.0,18.0,997.0,1037.0,0.0074028973024347,"112,60","74,03","45,57","5,15","482,71","66,44","88,14","5,76","3,92","105,66","2,79","30270,86","919,84","35,77","2,35"
09780,"      Oberallgäu, Landkreis",2015,152672.0,75342.0,77330.0,27.0,1363.0,1115.0,0.0089276357157828,"103,82","89,28","45,59","-24,71","6,49","47,86","82,97","7,14","3,10","99,92","2,19","22480,65","852,79","40,68","2,23"
09780,"      Oberallgäu, Landkreis",2017,154568.0,76232.0,78336.0,29.0,1305.0,1099.0,0.0084428859789865,"103,68","84,43","39,80","-19,12","6,48","52,29","84,11","7,02","3,10","101,16","2,25","24124,88","852,79","41,47","2,37"
09780,"      Oberallgäu, Landkreis",2019,156008.0,76890.0,79118.0,27.0,1274.0,1069.0,0.0081662478847238,"98,07","81,66","42,01","-16,26","6,25","57,30","86,39","6,67","3,10","102,10","2,50","23872,23","875,22","40,86","1,86"
09780,"      Oberallgäu, Landkreis",2021,157202.0,77429.0,79773.0,28.0,1244.0,1184.0,0.0079133853258864,"113,96","79,13","39,08","-16,55","5,16","59,58","88,01","6,66","3,10","102,88","2,35","26224,87","879,45","40,67","1,78"
09780,"      Oberallgäu, Landkreis",2023,153394.0,75404.0,77990.0,28.0,1131.0,1103.0,0.0073731697458831,"112,78","73,73","36,57","-16,73","453,99","65,14","92,54","6,66","3,10","100,39","2,46","30347,94","879,45","42,32","2,20"
10041,"      Saarbrücken, Regionalverband",2015,327380.0,160361.0,167019.0,49.0,4104.0,3201.0,0.0125358910135011,"94,56","125,36","47,90","25,21","14,24","42,81","72,37","6,65","8,59","797,24","3,73","21267,30","547,97","45,25","15,47"
10041,"      Saarbrücken, Regionalverband",2017,330150.0,162107.0,168043.0,55.0,4222.0,3591.0,0.012788126609117,"93,42","127,88","41,43","23,51","14,42","46,27","75,10","6,65","8,59","803,38","3,79","22907,40","547,97","46,58","17,10"
10041,"      Saarbrücken, Regionalverband",2019,328714.0,161617.0,167097.0,59.0,4308.0,3796.0,0.0131056176493851,"94,33","131,06","39,78","21,65","14,78","50,60","78,14","6,44","8,59","799,89","3,75","22576,92","560,71","46,91","16,28"
10041,"      Saarbrücken, Regionalverband",2021,327284.0,161143.0,166141.0,61.0,4403.0,3805.0,0.0134531477249116,"96,33","134,53","31,81","21,39","13,39","53,45","79,57","6,26","8,59","796,41","3,94","24633,22","570,68","48,25","15,63"
10041,"      Saarbrücken, Regionalverband",2023,332416.0,163638.0,168778.0,64.0,4561.0,3724.0,0.0137207595302271,"93,69","137,21","32,78","20,75","1223,57","56,86","78,28","6,26","8,59","808,90","3,95","28515,30","570,68","46,93","15,70"
10041100,"      Saarbrücken, Landeshauptstadt",2015,178151.0,87985.0,90166.0,25.0,2076.0,1556.0,0.0116530359077411,"90,88","148,66","44,91","-15,14","9,42","40,97","76,42","6,01","3,18","187,32","3,58","20158,22","806,66","35,00","5,56"
10041100,"      Saarbrücken, Landeshauptstadt",2017,180966.0,89755.0,91211.0,24.0,2130.0,1565.0,0.0117701667716587,"90,88","148,66","44,91","-15,14","9,42","40,97","76,42","6,01","3,18","187,32","3,58","20158,22","806,66","35,00","5,56"
10041100,"      Saarbrücken, Landeshauptstadt",2019,180374.0,89528.0,90846.0,25.0,2152.0,1674.0,0.0119307660749331,"90,88","148,66","44,91","-15,14","9,42","40,97","76,42","6,01","3,18","187,32","3,58","20158,22","806,66","35,00","5,56"
10041100,"      Saarbrücken, Landeshauptstadt",2021,179634.0,89474.0,90160.0,27.0,2237.0,1725.0,0.0124530990792388,"90,88","148,66","44,91","-15,14","9,42","40,97","76,42","6,01","3,18","187,32","3,58","20158,22","806,66","35,00","5,56"
10041100,"      Saarbrücken, Landeshauptstadt",2023,181982.0,90493.0,91489.0,28.0,2385.0,1683.0,0.0131056917717136,"90,88","148,66","44,91","-15,14","9,42","40,97","76,42","6,01","3,18","187,32","3,58","20158,22","806,66","35,00","5,56"
10042,"      Merzig-Wadern, Landkreis",2015,103997.0,51531.0,52466.0,23.0,1546.0,1236.0,0.014865813436926,"90,88","148,66","44,91","-15,14","9,42","40,97","76,42","6,01","3,18","187,32","3,58","20158,22","806,66","35,00","5,56"
10042,"      Merzig-Wadern, Landkreis",2017,103656.0,51207.0,52449.0,25.0,1629.0,1264.0,0.0157154433896735,"82,51","157,15","36,25","-12,24","9,14","43,57","78,97","6,01","3,18","186,21","3,59","21923,37","806,66","38,20","6,79"
10042,"      Merzig-Wadern, Landkreis",2019,103243.0,51032.0,52211.0,27.0,1720.0,1437.0,0.0166597251145356,"93,49","166,60","32,33","-9,69","9,10","46,50","82,19","6,03","3,18","185,47","3,87","21612,34","786,61","34,49","5,93"
10042,"      Merzig-Wadern, Landkreis",2021,103426.0,51089.0,52337.0,25.0,1690.0,1415.0,0.0163401852532245,"90,94","163,40","33,57","-10,16","8,29","47,37","82,52","6,12","3,18","185,80","3,69","23711,92","776,18","34,40","5,39"
10042,"      Merzig-Wadern, Landkreis",2023,109336.0,54386.0,54950.0,26.0,1697.0,1477.0,0.0155209629033438,"94,68","155,21","33,87","-9,96","719,66","48,38","79,65","6,12","3,18","196,26","3,64","27408,64","776,18","36,03","6,02"
10043,"      Neunkirchen, Landkreis",2015,133735.0,65647.0,68088.0,25.0,1807.0,1637.0,0.0135117957154073,"101,68","135,12","51,50","-25,24","12,17","42,23","75,53","5,76","5,08","536,57","4,42","20570,83","711,87","41,66","11,22"
10043,"      Neunkirchen, Landkreis",2017,133297.0,65487.0,67810.0,28.0,1894.0,1711.0,0.0142088719175975,"96,02","142,09","40,35","-24,83","11,96","46,15","78,46","5,55","5,08","533,61","3,97","22472,24","711,87","39,73","12,46"
10043,"      Neunkirchen, Landkreis",2019,131408.0,64540.0,66868.0,31.0,1914.0,1706.0,0.0145653232679897,"95,84","145,65","38,34","-26,07","12,38","50,47","81,81","5,52","5,08","526,05","3,80","22139,28","716,12","38,35","11,90"
10043,"      Neunkirchen, Landkreis",2021,130847.0,64423.0,66424.0,33.0,1828.0,1564.0,0.0139705151818536,"94,16","139,71","39,53","-27,91","11,58","53,43","82,33","5,50","5,08","523,81","4,37","24449,72","724,91","39,18","11,43"
10043,"      Neunkirchen, Landkreis",2023,133667.0,65842.0,67825.0,33.0,1771.0,1555.0,0.0132493435178465,"98,73","132,49","31,57","-27,29","1069,41","57,19","80,18","5,50","5,08","535,10","4,33","28134,19","724,91","40,68","11,95"
10044,"      Saarlouis, Landkreis",2015,197009.0,96613.0,100396.0,30.0,1911.0,1673.0,0.00970006446406,"92,38","97,00","40,64","-2,56","9,96","43,46","74,11","6,22","5,09","429,17","3,48","21157,49","652,17","33,15","7,80"
10044,"      Saarlouis, Landkreis",2017,195815.0,95872.0,99943.0,29.0,1909.0,1735.0,0.0097489977785154,"92,58","97,49","35,86","-2,51","9,79","46,98","76,70","6,54","5,09","426,29","3,55","22961,45","652,17","32,90","8,67"
10044,"      Saarlouis, Landkreis",2019,194319.0,95138.0,99181.0,34.0,1988.0,1816.0,0.0102306001986424,"94,44","102,31","32,74","-2,22","10,02","51,41","80,58","6,72","5,09","423,03","3,61","22631,21","664,34","33,30","7,52"
10044,"      Saarlouis, Landkreis",2021,193661.0,94857.0,98804.0,36.0,1997.0,1828.0,0.0103118335648375,"97,18","103,12","32,78","-6,23","9,04","53,31","81,77","6,49","5,09","421,61","3,69","24863,59","675,95","34,16","7,17"
10044,"      Saarlouis, Landkreis",2023,206094.0,101383.0,104711.0,36.0,2038.0,1769.0,0.0098886915679253,"91,28","98,89","27,33","-7,28","779,23","54,08","77,74","6,49","5,09","448,65","3,49","28700,17","675,95","37,61","7,71"
10045,      Saarpfalz-Kreis,2015,144584.0,70455.0,74129.0,19.0,1582.0,1210.0,0.0109417362917058,"85,09","109,42","45,99","16,66","9,21","47,28","75,48","6,42","10,75","345,56","3,01","22611,86","638,05","34,27","7,36"
10045,      Saarpfalz-Kreis,2017,143402.0,69768.0,73634.0,21.0,1671.0,1274.0,0.0116525571470411,"82,94","116,53","41,11","17,26","9,06","50,45","78,11","6,47","10,75","342,85","3,39","24496,65","638,05","37,09","8,55"
10045,      Saarpfalz-Kreis,2019,142196.0,69120.0,73076.0,23.0,1680.0,1330.0,0.0118146783313173,"86,42","118,15","36,23","17,02","9,15","53,97","81,16","6,67","10,75","339,96","3,64","24178,14","612,91","37,48","7,32"
10045,      Saarpfalz-Kreis,2021,140960.0,68529.0,72431.0,25.0,1611.0,1312.0,0.0114287741203178,"92,52","114,29","32,90","17,70","8,15","56,97","82,17","6,67","10,75","337,00","3,14","26579,09","618,25","38,18","6,60"
10045,      Saarpfalz-Kreis,2023,144478.0,70442.0,74036.0,29.0,1965.0,1364.0,0.013600686609726,"88,86","136,01","38,26","17,53","731,15","60,02","79,95","6,67","10,75","345,41","3,42","30575,15","618,25","40,46","7,13"
10046,"      St. Wendel, Landkreis",2015,88892.0,44024.0,44868.0,18.0,1014.0,1059.0,0.0114071007514736,"115,99","114,07","40,97","-28,07","7,98","43,45","76,03","7,09","4,02","186,66","2,98","23118,31","738,38","37,58","5,19"
10046,"      St. Wendel, Landkreis",2017,87867.0,43454.0,44413.0,22.0,1022.0,1114.0,0.0116312153595775,"114,26","116,31","37,25","-25,32","7,79","47,78","79,34","7,28","4,02","184,57","3,53","24671,95","738,38","30,78","5,86"
10046,"      St. Wendel, Landkreis",2019,87007.0,42972.0,44035.0,23.0,1077.0,1140.0,0.0123783143884974,"107,45","123,78","38,40","-23,88","7,82","52,46","83,24","7,04","4,02","182,76","3,41","24279,79","711,71","22,88","5,31"
10046,"      St. Wendel, Landkreis",2021,86170.0,42398.0,43772.0,23.0,1026.0,1041.0,0.0119066960659162,"106,22","119,07","37,66","-20,81","6,85","55,51","84,11","6,99","4,02","180,84","3,68","26415,19","713,62","23,78","4,57"
10046,"      St. Wendel, Landkreis",2023,88056.0,43438.0,44618.0,25.0,1145.0,1108.0,0.0130030889433996,"102,12","130,03","33,68","-20,08","599,32","58,36","82,38","6,99","4,02","184,79","3,63","30416,21","713,62","36,78","5,79"
12051,"      Brandenburg an der Havel, kreisfreie Stadt",2015,71574.0,35323.0,36251.0,17.0,744.0,548.0,0.0103948361136725,"68,16","103,95","89,76","8,32","15,97","48,47","83,26","6,32","14,30","311,57","4,01","20082,83","520,91","40,63","17,81"
12051,"      Brandenburg an der Havel, kreisfreie Stadt",2017,71886.0,35522.0,36364.0,17.0,717.0,590.0,0.0099741256990234,"81,83","99,74","72,41","7,95","15,91","52,97","82,84","6,68","14,30","312,93","4,14","21862,61","520,91","44,06","17,17"
12051,"      Brandenburg an der Havel, kreisfreie Stadt",2019,72184.0,35577.0,36607.0,24.0,1054.0,759.0,0.0146015737559569,"89,61","146,02","62,79","7,17","15,74","56,56","83,43","6,51","14,30","314,23","4,51","21755,45","535,69","49,62","14,89"
12051,"      Brandenburg an der Havel, kreisfreie Stadt",2021,72461.0,35635.0,36826.0,24.0,1059.0,836.0,0.0146147582837664,"95,65","146,15","61,53","7,81","14,50","59,80","82,87","6,97","14,30","315,43","4,79","23563,81","501,46","49,55","13,01"
12051,"      Brandenburg an der Havel, kreisfreie Stadt",2023,73939.0,36146.0,37793.0,22.0,1044.0,754.0,0.0141197473593097,"83,31","141,20","57,74","5,74","1306,63","62,26","81,63","6,97","14,30","321,85","4,78","27376,43","501,46","49,41","13,71"
12052,"      Cottbus, kreisfreie Stadt",2015,99687.0,49100.0,50587.0,19.0,1143.0,879.0,0.0114658882301604,"79,12","114,66","57,83","20,15","11,20","50,75","81,16","7,40","11,65","603,58","3,81","20055,59","440,24","41,79","15,84"
12052,"      Cottbus, kreisfreie Stadt",2017,101036.0,49792.0,51244.0,21.0,1150.0,948.0,0.0113820816342689,"83,97","113,82","35,69","19,53","11,65","54,29","80,27","7,45","11,65","610,01","4,16","21339,13","440,24","46,97","16,98"
12052,"      Cottbus, kreisfreie Stadt",2019,99678.0,48816.0,50862.0,26.0,1148.0,1047.0,0.0115170850137442,"91,84","115,17","40,39","19,18","11,46","58,35","83,40","7,45","11,65","601,85","3,86","21097,52","430,11","47,85","14,70"
12052,"      Cottbus, kreisfreie Stadt",2021,98359.0,48184.0,50175.0,28.0,1144.0,1066.0,0.0116308624528512,"97,53","116,31","44,11","21,82","10,19","61,32","83,45","7,93","11,65","593,88","4,54","23149,21","408,98","48,59","13,06"
12052,"      Cottbus, kreisfreie Stadt",2023,94778.0,45816.0,48962.0,29.0,1153.0,1046.0,0.0121652704214058,"95,79","121,65","48,23","21,33","984,30","66,79","84,42","7,93","11,65","572,30","4,17","26711,04","408,98","53,49","14,15"
12053,"      Frankfurt (Oder), kreisfreie Stadt",2015,58092.0,27989.0,30103.0,15.0,835.0,748.0,0.0143737519796185,"88,21","143,74","56,70","25,01","12,70","49,60","80,40","7,83","15,08","392,91","3,86","19622,41","437,87","46,84","17,49"
12053,"      Frankfurt (Oder), kreisfreie Stadt",2017,58237.0,28167.0,30070.0,14.0,832.0,747.0,0.0142864501948932,"91,32","142,86","52,26","23,25","12,64","53,97","78,87","7,98","15,08","393,89","3,85","21462,52","437,87","46,45","17,26"
12053,"      Frankfurt (Oder), kreisfreie Stadt",2019,57751.0,28099.0,29652.0,19.0,838.0,778.0,0.0145105712455195,"93,73","145,11","48,73","25,48","12,32","57,92","81,09","8,14","15,08","390,61","3,56","21135,07","430,18","42,29","15,00"
12053,"      Frankfurt (Oder), kreisfreie Stadt",2021,56679.0,27482.0,29197.0,19.0,800.0,842.0,0.0141145750630745,"108,23","141,15","50,89","26,42","10,48","60,24","80,99","7,67","15,08","383,35","5,08","23156,37","434,32","42,28","13,46"
12053,"      Frankfurt (Oder), kreisfreie Stadt",2023,57065.0,27862.0,29203.0,19.0,807.0,808.0,0.0141417681591167,"103,32","141,42","48,84","24,23","1027,84","63,45","80,06","7,67","15,08","385,97","4,78","26827,45","434,32","51,09","13,64"
12054,"      Potsdam, kreisfreie Stadt",2015,167745.0,80854.0,86891.0,23.0,1477.0,954.0,0.0088050314465408,"66,99","88,05","47,26","19,23","9,14","54,83","78,55","6,50","7,70","891,03","2,51","21782,80","508,20","45,27","10,19"
12054,"      Potsdam, kreisfreie Stadt",2017,175710.0,85046.0,90664.0,28.0,1676.0,1083.0,0.00953844402709,"69,07","95,38","35,10","19,26","8,99","56,86","77,18","6,33","7,70","933,34","2,43","23343,53","508,20","46,92","9,69"
12054,"      Potsdam, kreisfreie Stadt",2019,180334.0,87158.0,93176.0,29.0,1797.0,1093.0,0.0099648430135193,"63,62","99,65","40,25","16,32","8,66","60,76","78,79","6,43","7,70","958,00","2,27","23188,36","511,59","52,54","8,48"
12054,"      Potsdam, kreisfreie Stadt",2021,183154.0,88443.0,94711.0,30.0,1811.0,1180.0,0.0098878539371239,"71,86","98,88","43,42","15,56","7,43","62,80","79,55","6,50","7,70","972,98","2,44","25158,76","500,08","52,71","7,80"
12054,"      Potsdam, kreisfreie Stadt",2023,184290.0,88917.0,95373.0,30.0,1796.0,1183.0,0.0097455097943458,"70,71","97,46","34,72","13,10","639,70","64,82","80,37","6,50","7,70","979,02","2,54","29277,53","500,08","51,08","8,16"
12060,"      Barnim, Landkreis",2015,177411.0,87997.0,89414.0,44.0,2391.0,1704.0,0.0134771801072086,"74,84","134,77","38,06","-45,41","9,70","51,11","81,91","5,76","5,54","119,90","3,33","21253,57","818,39","30,80","10,09"
12060,"      Barnim, Landkreis",2017,180864.0,89684.0,91180.0,43.0,2412.0,1745.0,0.0133359872611464,"78,57","133,36","40,99","-46,73","9,60","55,10","83,01","5,85","5,54","122,24","3,88","23196,75","818,39","31,47","9,08"
12060,"      Barnim, Landkreis",2019,185244.0,91812.0,93432.0,51.0,2391.0,1967.0,0.0129073006413163,"88,36","129,07","41,39","-47,56","9,52","58,45","84,06","5,91","5,54","125,20","3,60","23030,47","815,16","32,10","7,45"
12060,"      Barnim, Landkreis",2021,188835.0,93344.0,95491.0,58.0,2382.0,2045.0,0.0126141869886408,"97,20","126,14","33,24","-45,70","8,36","60,72","84,19","5,43","5,54","127,63","4,00","25022,15","849,65","35,30","6,36"
12060,"      Barnim, Landkreis",2023,192776.0,94869.0,97907.0,57.0,2439.0,1814.0,0.0126519898742582,"86,75","126,52","36,69","-46,86","740,92","63,34","83,22","5,43","5,54","130,29","3,45","29092,56","849,65","38,97","6,56"
12061,"      Dahme-Spreewald, Landkreis",2015,164528.0,81587.0,82941.0,28.0,1380.0,983.0,0.0083876300690459,"73,97","83,88","46,32","-13,54","9,60","51,34","81,39","5,82","6,14","72,34","3,23","21625,20","846,11","39,48","8,26"
12061,"      Dahme-Spreewald, Landkreis",2017,167319.0,83022.0,84297.0,35.0,1444.0,1091.0,0.0086302213137778,"79,93","86,30","42,10","-10,96","9,44","55,69","82,64","6,02","6,14","73,56","3,25","23310,67","846,11","39,48","7,01"
12061,"      Dahme-Spreewald, Landkreis",2019,170791.0,84806.0,85985.0,37.0,1413.0,1142.0,0.0082732696687764,"84,09","82,73","37,84","-11,38","9,06","59,67","84,41","5,91","6,14","75,09","3,09","23162,78","836,19","37,45","5,56"
12061,"      Dahme-Spreewald, Landkreis",2021,175834.0,87089.0,88745.0,38.0,1542.0,1178.0,0.0087696349966445,"88,31","87,70","37,56","-11,52","7,78","61,93","83,48","5,86","6,14","77,31","3,79","25194,68","819,74","36,49","4,82"
12061,"      Dahme-Spreewald, Landkreis",2023,177662.0,87962.0,89700.0,37.0,1512.0,1153.0,0.0085105424907971,"89,31","85,11","35,86","-14,20","691,67","64,92","85,00","5,86","6,14","78,11","3,37","29448,07","819,74","39,70","5,39"
12062,"      Elbe-Elster, Landkreis",2015,104673.0,51820.0,52853.0,21.0,900.0,624.0,0.0085982058410478,"69,64","85,98","51,82","-20,95","8,67","46,88","82,68","7,40","4,64","55,10","4,07","18938,81","777,86","35,58","12,49"
12062,"      Elbe-Elster, Landkreis",2017,103455.0,51354.0,52101.0,24.0,948.0,690.0,0.0091634043787153,"74,92","91,63","49,69","-19,99","8,92","51,55","83,29","7,08","4,64","54,46","4,34","20827,60","777,86","36,18","11,03"
12062,"      Elbe-Elster, Landkreis",2019,101827.0,50472.0,51355.0,27.0,940.0,818.0,0.0092313433568699,"90,89","92,31","50,64","-19,87","9,01","56,75","85,34","7,10","4,64","53,62","4,35","20733,46","750,11","37,82","9,07"
12062,"      Elbe-Elster, Landkreis",2021,100317.0,49675.0,50642.0,28.0,943.0,812.0,0.0094002013616834,"94,86","94,00","44,96","-19,59","8,22","59,44","86,28","7,30","4,64","52,82","5,18","22961,96","733,58","37,03","7,73"
12062,"      Elbe-Elster, Landkreis",2023,98750.0,48835.0,49915.0,31.0,950.0,852.0,0.0096202531645569,"97,04","96,20","43,24","-18,95","785,00","63,33","86,04","7,30","4,64","52,00","4,73","26734,18","733,58","40,33","8,47"
12063,"      Havelland, Landkreis",2015,158236.0,78316.0,79920.0,28.0,1263.0,947.0,0.0079817487803028,"78,01","79,82","42,14","-45,50","10,48","49,45","79,99","5,75","2,91","91,61","3,27","21240,25","901,60","34,16","9,32"
12063,"      Havelland, Landkreis",2017,160710.0,79527.0,81183.0,27.0,1265.0,984.0,0.0078713210130047,"81,59","78,71","46,21","-46,80","10,39","53,76","81,14","5,99","2,91","93,04","3,27","23264,78","901,60","32,39","8,14"
12063,"      Havelland, Landkreis",2019,162996.0,80547.0,82449.0,35.0,1348.0,1095.0,0.0082701415985668,"86,77","82,70","43,85","-46,53","10,12","57,10","82,50","5,85","2,91","94,36","3,27","23116,98","899,29","31,89","6,41"
12063,"      Havelland, Landkreis",2021,165906.0,81939.0,83967.0,37.0,1390.0,1198.0,0.0083782382795076,"92,51","83,78","42,74","-46,13","8,97","59,76","82,52","5,91","2,91","96,05","3,65","25133,97","866,35","30,78","5,76"
12063,"      Havelland, Landkreis",2023,169721.0,83704.0,86017.0,34.0,1299.0,1260.0,0.007653737604657,"102,02","76,54","37,69","-52,67","793,40","62,55","81,99","5,91","2,91","98,26","3,60","29068,37","866,35","37,62","6,38"
12064,"      Märkisch-Oderland, Landkreis",2015,190714.0,94906.0,95808.0,41.0,2012.0,1566.0,0.0105498285390689,"82,81","105,50","52,81","-53,40","9,88","48,64","81,14","5,91","3,83","88,35","3,38","20746,46","781,85","36,89","11,03"
12064,"      Märkisch-Oderland, Landkreis",2017,192921.0,95718.0,97203.0,45.0,1958.0,1535.0,0.0101492320690852,"82,09","101,49","42,51","-49,91","9,87","52,96","81,98","6,01","3,83","89,37","3,50","22694,85","781,85","36,21","9,04"
12064,"      Märkisch-Oderland, Landkreis",2019,195751.0,97086.0,98665.0,47.0,1939.0,1550.0,0.0099054410960863,"83,87","99,05","42,51","-50,06","9,69","56,94","83,38","5,72","3,83","90,68","3,65","22546,88","804,73","35,87","7,12"
12064,"      Märkisch-Oderland, Landkreis",2021,197965.0,98154.0,99811.0,49.0,1944.0,1704.0,0.009819917662213,"95,52","98,20","46,60","-48,92","8,48","59,13","83,81","6,00","3,83","91,71","3,89","24817,81","780,93","34,51","6,13"
12064,"      Märkisch-Oderland, Landkreis",2023,197785.0,97600.0,100185.0,49.0,1756.0,1636.0,0.0088783274768056,"100,18","88,78","37,64","-48,60","765,23","62,48","84,11","6,00","3,83","91,62","3,76","28855,79","780,93","38,15","6,54"
12065,"      Oberhavel, Landkreis",2015,207524.0,102478.0,105046.0,31.0,2032.0,1401.0,0.009791638557468,"73,24","97,92","44,06","-45,33","10,08","49,49","80,80","6,01","5,20","114,77","3,35","22014,06","817,50","34,15","9,32"
12065,"      Oberhavel, Landkreis",2017,209893.0,103414.0,106479.0,35.0,1931.0,1462.0,0.009199925676416,"77,03","92,00","45,30","-48,75","9,67","53,11","81,65","6,18","5,20","116,08","3,06","23600,59","817,50","35,84","7,91"
12065,"      Oberhavel, Landkreis",2019,212914.0,104949.0,107965.0,39.0,1994.0,1610.0,0.0093652836356463,"81,60","93,65","40,90","-47,76","9,30","56,94","83,44","6,31","5,20","117,75","3,17","23579,45","815,76","33,78","6,15"
12065,"      Oberhavel, Landkreis",2021,215795.0,106259.0,109536.0,40.0,2118.0,1655.0,0.0098148705947774,"83,08","98,15","42,63","-47,44","7,92","59,19","83,66","6,20","5,20","119,34","3,41","25582,99","812,02","34,85","5,58"
12065,"      Oberhavel, Landkreis",2023,217290.0,106927.0,110363.0,45.0,2057.0,1689.0,0.0094666114409314,"88,06","94,67","37,43","-48,61","698,67","62,75","83,63","6,20","5,20","120,17","3,29","29642,90","812,02","39,11","5,92"
12066,"      Oberspreewald-Lausitz, Landkreis",2015,112450.0,55287.0,57163.0,22.0,1205.0,950.0,0.010715873721654,"79,63","107,16","50,04","-7,53","9,28","46,72","84,23","6,38","4,16","91,94","4,10","19338,64","806,69","37,76","15,25"
12066,"      Oberspreewald-Lausitz, Landkreis",2017,111122.0,54614.0,56508.0,25.0,1277.0,1098.0,0.0114918737963679,"86,73","114,92","42,46","-3,04","9,41","51,52","85,10","6,30","4,16","90,85","4,27","21234,69","806,69","38,33","13,76"
12066,"      Oberspreewald-Lausitz, Landkreis",2019,109371.0,53724.0,55647.0,32.0,1332.0,1223.0,0.0121787311078805,"94,44","121,79","39,91","-4,27","9,45","56,39","86,79","6,31","4,16","89,39","4,45","21062,93","825,44","42,36","10,69"
12066,"      Oberspreewald-Lausitz, Landkreis",2021,107558.0,52825.0,54733.0,35.0,1413.0,1205.0,0.0131370981238029,"93,70","131,37","37,44","-6,18","8,47","60,05","87,60","6,48","4,16","87,91","5,49","23315,63","804,17","41,90","9,06"
12066,"      Oberspreewald-Lausitz, Landkreis",2023,108434.0,52951.0,55483.0,38.0,1394.0,1207.0,0.01285574635262,"93,28","128,56","37,08","-8,11","793,18","62,76","85,45","6,48","4,16","88,63","4,83","27087,55","804,17","43,89","9,42"
12067,"      Oder-Spree, Landkreis",2015,182397.0,90953.0,91444.0,27.0,1673.0,1334.0,0.0091722999830041,"81,39","91,72","58,06","-26,87","9,55","50,40","81,20","5,88","8,01","80,82","3,49","20396,00","754,91","33,56","11,39"
12067,"      Oder-Spree, Landkreis",2017,178347.0,87583.0,90764.0,28.0,1777.0,1424.0,0.0099637224063202,"84,76","99,64","46,70","-24,84","9,46","53,75","83,05","6,14","8,01","79,03","3,91","22403,09","754,91","34,79","10,35"
12067,"      Oder-Spree, Landkreis",2019,178803.0,87616.0,91187.0,34.0,1912.0,1544.0,0.0106933328859135,"85,45","106,93","46,63","-25,43","9,51","57,69","85,36","5,86","8,01","79,23","4,12","22255,15","774,04","37,82","8,54"
12067,"      Oder-Spree, Landkreis",2021,179245.0,87756.0,91489.0,37.0,1897.0,1552.0,0.0105832798683366,"87,73","105,83","46,42","-21,16","8,42","60,43","85,56","5,86","8,01","79,43","4,57","24616,41","774,28","36,42","7,59"
12067,"      Oder-Spree, Landkreis",2023,180499.0,88996.0,91503.0,40.0,1971.0,1654.0,0.0109197280871362,"89,89","109,20","37,32","-4,63","761,21","64,44","84,84","5,86","8,01","79,98","4,23","28523,90","774,28","41,43","8,06"
12068,"      Ostprignitz-Ruppin, Landkreis",2015,99110.0,49332.0,49778.0,23.0,1052.0,796.0,0.0106144687720714,"81,06","106,14","54,62","-9,37","11,99","47,69","79,79","6,81","8,57","39,23","3,58","19391,71","665,78","39,24","13,60"
12068,"      Ostprignitz-Ruppin, Landkreis",2017,99368.0,49521.0,49847.0,26.0,1087.0,918.0,0.0109391353353192,"89,30","109,39","48,67","-8,68","12,46","51,11","80,77","6,69","8,57","39,33","3,78","21220,98","665,78","37,00","11,57"
12068,"      Ostprignitz-Ruppin, Landkreis",2019,98861.0,49144.0,49717.0,26.0,1075.0,905.0,0.0108738531878091,"88,21","108,74","47,37","-9,09","12,22","54,27","83,15","6,73","8,57","39,13","4,52","21039,73","645,10","32,68","8,99"
12068,"      Ostprignitz-Ruppin, Landkreis",2021,98829.0,49177.0,49652.0,25.0,1077.0,888.0,0.0108976110251039,"89,43","108,98","43,24","-8,84","10,57","57,44","83,75","6,83","8,57","39,12","4,73","23226,53","634,54","31,95","7,78"
12068,"      Ostprignitz-Ruppin, Landkreis",2023,99372.0,49224.0,50148.0,29.0,1003.0,826.0,0.0100933864670128,"96,16","100,93","47,21","-10,64","946,66","61,13","81,79","6,83","8,57","39,33","4,57","26905,48","634,54","44,63","8,30"
12069,"      Potsdam-Mittelmark, Landkreis",2015,210910.0,104720.0,106190.0,39.0,2121.0,1441.0,0.010056422170594,"76,00","100,56","58,38","-39,86","7,91","52,49","80,78","5,99","2,95","81,37","2,64","23117,09","950,79","31,90","5,74"
12069,"      Potsdam-Mittelmark, Landkreis",2017,213214.0,105612.0,107602.0,35.0,1967.0,1326.0,0.0092254729989587,"73,95","92,25","53,25","-39,17","7,65","56,04","82,30","6,03","2,95","82,26","3,08","25107,80","950,79","32,06","4,89"
12069,"      Potsdam-Mittelmark, Landkreis",2019,216566.0,107234.0,109332.0,41.0,1971.0,1313.0,0.0091011516119797,"75,11","91,01","48,79","-40,45","7,44","59,04","83,80","6,10","2,95","83,55","2,90","24877,71","950,89","30,20","3,78"
12069,"      Potsdam-Mittelmark, Landkreis",2021,219521.0,108577.0,110944.0,43.0,1974.0,1284.0,0.0089923059752825,"76,47","89,92","53,14","-40,57","6,45","61,27","84,08","6,12","2,95","84,69","3,04","27178,26","928,21","29,50","3,44"
12069,"      Potsdam-Mittelmark, Landkreis",2023,220158.0,108786.0,111372.0,45.0,1990.0,1349.0,0.0090389629266254,"84,74","90,39","48,47","-38,85","562,80","64,10","85,38","6,12","2,95","84,94","3,12","31581,76","928,21","34,90","4,24"
12070,"      Prignitz, Landkreis",2015,77573.0,38556.0,39017.0,25.0,1016.0,765.0,0.013097340569528,"76,20","130,97","39,25","-8,28","10,91","46,93","81,46","6,48","6,51","36,27","4,23","19385,87","751,95","38,25","14,75"
12070,"      Prignitz, Landkreis",2017,77263.0,38443.0,38820.0,28.0,1054.0,852.0,0.0136417172514657,"82,96","136,42","37,51","-8,18","11,39","50,59","82,05","6,63","6,51","36,13","4,23","21310,76","751,95","42,90","13,84"
12070,"      Prignitz, Landkreis",2019,76158.0,37801.0,38357.0,31.0,1049.0,922.0,0.0137739961658657,"90,22","137,74","35,36","-7,83","11,28","54,71","84,24","6,73","6,51","35,61","4,78","21137,12","727,05","44,93","11,52"
12070,"      Prignitz, Landkreis",2021,75574.0,37448.0,38126.0,31.0,1049.0,910.0,0.0138804350702622,"91,37","138,80","36,05","-4,84","10,23","57,35","83,99","6,58","6,51","35,34","5,62","23248,53","714,65","45,36","9,72"
12070,"      Prignitz, Landkreis",2023,76148.0,37838.0,38310.0,34.0,1004.0,905.0,0.0131848505541839,"98,16","131,85","29,81","-6,15","911,83","59,37","83,26","6,58","6,51","35,61","5,07","26979,49","714,65","44,00","10,38"
12071,"      Spree-Neiße, Landkreis",2015,117635.0,58059.0,59576.0,31.0,1145.0,903.0,0.0097334976835125,"80,41","97,33","53,49","-21,25","9,12","48,13","84,35","5,38","4,19","70,97","4,42","19590,46","931,10","38,66","12,05"
12071,"      Spree-Neiße, Landkreis",2017,115456.0,56845.0,58611.0,31.0,1115.0,971.0,0.0096573586474501,"88,59","96,57","44,18","-21,31","9,34","52,73","84,65","5,67","4,19","69,68","4,60","21647,47","931,10","37,43","10,50"
12071,"      Spree-Neiße, Landkreis",2019,113720.0,55879.0,57841.0,32.0,1114.0,980.0,0.0097959901512486,"89,83","97,96","37,22","-20,40","9,24","56,90","87,47","5,63","4,19","68,63","4,33","21412,18","928,33","40,86","8,46"
12071,"      Spree-Neiße, Landkreis",2021,111955.0,54945.0,57010.0,37.0,1115.0,983.0,0.0099593586708945,"98,30","99,59","42,15","-22,38","8,09","59,99","87,75","5,43","4,19","67,57","5,59","23754,65","960,99","40,09","7,27"
12071,"      Spree-Neiße, Landkreis",2023,110580.0,54168.0,56412.0,38.0,1202.0,1019.0,0.0108699584011575,"93,23","108,70","35,34","-21,08","745,43","63,41","87,60","5,43","4,19","66,74","4,93","27629,74","960,99","41,23","7,99"
12072,"      Teltow-Fläming, Landkreis",2015,163553.0,81514.0,82039.0,28.0,1806.0,1270.0,0.0110422921010314,"73,79","110,42","43,38","-15,97","10,93","51,35","82,13","5,69","2,90","77,73","3,26","20774,36","865,84","36,57","8,81"
12072,"      Teltow-Fläming, Landkreis",2017,166890.0,83093.0,83797.0,29.0,1773.0,1351.0,0.0106237641560309,"80,80","106,24","46,78","-13,13","10,63","56,20","81,88","5,89","2,90","79,31","3,27","22468,80","865,84","37,58","7,78"
12072,"      Teltow-Fläming, Landkreis",2019,169997.0,84796.0,85201.0,33.0,1752.0,1477.0,0.0103060642246627,"90,72","103,06","43,05","-10,80","10,34","59,66","83,34","5,63","2,90","80,79","3,13","22215,66","887,71","37,36","5,88"
12072,"      Teltow-Fläming, Landkreis",2021,172545.0,86006.0,86539.0,34.0,1769.0,1454.0,0.0102523979251789,"92,79","102,52","38,35","-8,91","8,91","62,18","84,36","5,61","2,90","82,00","3,74","24039,22","898,67","36,65","5,17"
12072,"      Teltow-Fläming, Landkreis",2023,177420.0,88751.0,88669.0,38.0,1723.0,1495.0,0.0097114192312027,"95,22","97,11","31,87","-10,40","776,09","64,73","83,20","5,61","2,90","84,32","3,36","27976,18","898,67","39,39","5,56"
12073,"      Uckermark, Landkreis",2015,121014.0,59492.0,61522.0,26.0,1145.0,909.0,0.009461715173451,"79,32","94,62","47,42","-11,94","9,85","44,48","80,82","6,47","5,73","39,33","4,38","19027,94","754,54","39,46","18,67"
12073,"      Uckermark, Landkreis",2017,120349.0,59014.0,61335.0,32.0,1120.0,999.0,0.0093062676050486,"89,92","93,06","50,49","-10,32","10,29","48,13","81,04","6,15","5,73","39,11","4,75","20972,21","754,54","40,13","17,32"
12073,"      Uckermark, Landkreis",2019,118947.0,58415.0,60532.0,33.0,1094.0,996.0,0.0091973736201837,"92,74","91,97","46,99","-10,39","10,23","51,56","82,82","6,24","5,73","38,66","4,59","20806,29","743,42","39,75","14,70"
12073,"      Uckermark, Landkreis",2021,117336.0,57387.0,59949.0,35.0,1103.0,1024.0,0.0094003545373968,"96,88","94,00","44,23","-8,98","9,21","54,72","83,14","6,41","5,73","38,13","5,38","23093,80","715,46","42,18","13,05"
12073,"      Uckermark, Landkreis",2023,117797.0,57912.0,59885.0,34.0,1060.0,1001.0,0.0089985313717666,"97,66","89,99","45,30","-9,36","848,58","57,37","80,80","6,41","5,73","38,28","5,18","26865,95","715,46","45,42","13,13"
13003,"      Rostock, kreisfreie Stadt",2015,206011.0,101078.0,104933.0,37.0,2403.0,1649.0,0.011664425686007,"70,38","116,64","54,38","12,77","11,11","50,34","77,77","6,80","7,58","1136,55","3,32","19693,88","468,55","50,59","15,33"
13003,"      Rostock, kreisfreie Stadt",2017,208409.0,102700.0,105709.0,41.0,2400.0,1654.0,0.0115158174551003,"69,97","115,16","54,38","11,88","10,79","53,43","79,25","6,69","7,58","1149,15","3,17","21214,65","468,55","54,89","14,19"
13003,"      Rostock, kreisfreie Stadt",2019,209191.0,103101.0,106090.0,44.0,2645.0,1920.0,0.0126439473973545,"75,00","126,44","46,57","12,44","10,64","57,78","80,10","6,72","7,58","1153,46","3,52","21168,41","464,56","56,34","11,03"
13003,"      Rostock, kreisfreie Stadt",2021,208400.0,102559.0,105841.0,47.0,2638.0,2130.0,0.0126583493282149,"86,83","126,58","39,82","13,15","9,55","59,88","80,81","6,78","7,58","1149,10","3,74","22896,79","464,87","57,38","9,52"
13003,"      Rostock, kreisfreie Stadt",2023,204948.0,99865.0,105083.0,50.0,2615.0,2109.0,0.0127593340749848,"87,22","127,59","40,69","13,46","864,95","61,97","82,17","6,78","7,58","1130,06","3,57","26605,71","464,87","56,15","10,06"
13004,"      Schwerin, kreisfreie Stadt",2015,96800.0,47028.0,49772.0,21.0,1457.0,1059.0,0.0150516528925619,"71,60","150,52","48,06","30,25","14,11","51,11","79,35","7,59","11,58","741,65","3,57","20857,53","451,02","51,00","15,99"
13004,"      Schwerin, kreisfreie Stadt",2017,95797.0,46046.0,49751.0,23.0,1452.0,1106.0,0.0151570508471037,"74,93","151,57","48,06","30,50","13,47","54,20","81,57","7,41","11,58","733,96","4,26","22611,07","451,02","52,62","17,29"
13004,"      Schwerin, kreisfreie Stadt",2019,95653.0,45957.0,49696.0,28.0,1529.0,1142.0,0.0159848619489195,"78,70","159,85","43,60","29,72","13,58","57,66","82,51","7,53","11,58","732,86","3,56","22284,47","449,29","51,53","15,42"
13004,"      Schwerin, kreisfreie Stadt",2021,95740.0,45944.0,49796.0,31.0,1756.0,1347.0,0.0183413411322331,"89,98","183,41","39,08","29,35","12,58","59,86","83,32","7,42","11,58","733,53","4,44","24253,07","438,67","52,49","14,16"
13004,"      Schwerin, kreisfreie Stadt",2023,97850.0,47000.0,50850.0,32.0,1943.0,1491.0,0.0198569238630557,"87,35","198,57","36,57","28,90","1152,27","61,26","82,88","7,42","11,58","749,69","4,12","28285,14","438,67","54,08","14,39"
13071,"      Mecklenburgische Seenplatte, Landkreis",2015,262517.0,129182.0,133335.0,64.0,2905.0,2375.0,0.0110659500146657,"83,01","110,66","47,69","-5,11","10,38","46,31","80,21","7,24","6,51","47,99","3,88","19005,65","655,86","38,36","15,27"
13071,"      Mecklenburgische Seenplatte, Landkreis",2017,260574.0,127966.0,132608.0,79.0,3113.0,2674.0,0.0119467022803503,"89,85","119,47","47,14","-4,07","10,35","49,99","81,27","7,26","6,51","47,41","4,19","20889,20","655,86","39,15","14,00"
13071,"      Mecklenburgische Seenplatte, Landkreis",2019,258074.0,126560.0,131514.0,88.0,3231.0,2983.0,0.0125196649023148,"97,36","125,20","46,82","-3,92","10,40","53,88","82,44","7,13","6,51","46,96","4,76","20684,98","659,11","39,26","11,18"
13071,"      Mecklenburgische Seenplatte, Landkreis",2021,257525.0,126475.0,131050.0,95.0,3343.0,3091.0,0.0129812639549558,"101,88","129,81","44,12","-4,47","9,54","56,55","82,94","6,99","6,51","46,86","4,87","22905,17","668,90","37,97","9,74"
13071,"      Mecklenburgische Seenplatte, Landkreis",2023,247575.0,120594.0,126981.0,102.0,3434.0,3300.0,0.0138705442795112,"102,14","138,71","43,86","-5,01","896,18","61,15","86,27","6,99","6,51","45,05","4,72","26649,28","668,90","46,62","11,01"
13072,      Landkreis Rostock,2015,213473.0,106674.0,106799.0,57.0,2915.0,2096.0,0.0136551226618823,"77,40","136,55","44,00","-24,81","9,70","48,71","78,49","6,28","3,64","62,37","3,78","19645,13","812,24","29,65","10,04"
13072,      Landkreis Rostock,2017,214635.0,106746.0,107889.0,67.0,2667.0,2085.0,0.0124257460339646,"81,83","124,26","38,62","-21,92","9,91","51,95","79,99","6,14","3,64","62,55","3,66","21625,88","812,24","29,28","9,04"
13072,      Landkreis Rostock,2019,215794.0,107360.0,108434.0,73.0,2642.0,2158.0,0.0122431578264455,"87,44","122,43","34,62","-21,58","9,85","56,24","81,08","6,21","3,64","62,89","4,01","21451,79","799,24","31,65","7,01"
13072,      Landkreis Rostock,2021,217796.0,108035.0,109761.0,78.0,2659.0,2302.0,0.01220867233558,"93,31","122,09","30,91","-22,34","8,74","58,72","82,15","6,68","3,64","63,48","4,41","23755,79","772,33","28,43","6,16"
13072,      Landkreis Rostock,2023,218780.0,108056.0,110724.0,81.0,2643.0,2310.0,0.0120806289423164,"93,79","120,81","28,01","-20,64","780,01","61,10","82,98","6,68","3,64","63,76","3,98","27615,23","772,33","38,96","6,89"
13073,"      Vorpommern-Rügen, Landkreis",2015,224820.0,110885.0,113935.0,52.0,2696.0,1914.0,0.011991815674762,"71,93","119,92","39,93","-13,68","10,72","45,82","78,89","7,14","5,02","70,09","4,07","18917,19","678,08","39,96","14,23"
13073,"      Vorpommern-Rügen, Landkreis",2017,225123.0,110822.0,114301.0,63.0,2703.0,2053.0,0.0120067696326008,"77,33","120,07","37,88","-13,10","10,88","49,32","80,51","7,12","5,02","70,02","4,21","20624,84","678,08","39,71","12,49"
13073,"      Vorpommern-Rügen, Landkreis",2019,224702.0,110438.0,114264.0,70.0,2675.0,2120.0,0.0119046559443173,"81,29","119,05","37,48","-12,21","11,25","53,35","81,64","7,03","5,02","69,87","4,35","20525,81","676,30","38,64","9,87"
13073,"      Vorpommern-Rügen, Landkreis",2021,225900.0,110687.0,115213.0,73.0,2618.0,2247.0,0.0115891987605135,"88,57","115,89","38,28","-12,84","10,28","54,97","81,58","6,80","5,02","70,25","4,49","22708,17","682,48","38,30","8,95"
13073,"      Vorpommern-Rügen, Landkreis",2023,216175.0,105009.0,111166.0,71.0,2616.0,2244.0,0.0121013068116109,"90,34","121,01","36,58","-13,45","978,96","59,61","86,36","6,80","5,02","67,22","5,03","26372,67","682,48","47,61","10,04"
13074,"      Nordwestmecklenburg, Landkreis",2015,156270.0,77871.0,78399.0,30.0,1843.0,1452.0,0.0117936904076278,"80,85","117,94","34,75","-34,40","10,33","48,65","80,02","6,75","3,87","73,76","3,69","19554,24","777,19","40,57","10,10"
13074,"      Nordwestmecklenburg, Landkreis",2017,156993.0,78198.0,78795.0,34.0,1842.0,1520.0,0.0117330072041428,"84,82","117,33","32,53","-33,23","10,50","51,88","80,76","6,93","3,87","73,81","3,57","21427,99","777,19","39,83","9,29"
13074,"      Nordwestmecklenburg, Landkreis",2019,157322.0,78294.0,79028.0,38.0,1857.0,1726.0,0.0118038163766034,"99,65","118,04","30,66","-31,53","10,41","55,93","82,37","7,01","3,87","73,96","3,94","21282,96","763,70","42,81","7,54"
13074,"      Nordwestmecklenburg, Landkreis",2021,158449.0,78839.0,79610.0,40.0,1952.0,1657.0,0.01231942139111,"95,39","123,19","31,53","-30,81","9,28","58,37","83,08","6,56","3,87","74,49","4,02","23372,73","793,24","41,74","6,70"
13074,"      Nordwestmecklenburg, Landkreis",2023,157160.0,77750.0,79410.0,38.0,1950.0,1698.0,0.0124077373377449,"94,81","124,08","34,17","-35,98","853,22","61,92","84,87","6,56","3,87","73,89","4,16","27162,13","793,24","43,08","7,72"
13075,"      Vorpommern-Greifswald, Landkreis",2015,238358.0,117353.0,121005.0,54.0,2832.0,2073.0,0.011881287810772,"76,52","118,81","56,66","-3,87","9,54","44,87","76,16","7,42","9,44","60,66","4,06","18524,24","645,87","40,53","15,06"
13075,"      Vorpommern-Greifswald, Landkreis",2017,237066.0,116376.0,120690.0,72.0,3195.0,2409.0,0.0134772594973551,"81,61","134,77","47,80","-3,18","9,71","48,39","76,83","7,38","9,44","60,08","4,26","20387,37","645,87","40,55","13,30"
13075,"      Vorpommern-Greifswald, Landkreis",2019,235623.0,115274.0,120349.0,83.0,3204.0,2604.0,0.0135979934047185,"87,12","135,98","44,20","-4,87","10,05","52,21","77,51","7,39","9,44","59,72","4,93","20159,64","640,19","41,42","10,89"
13075,"      Vorpommern-Greifswald, Landkreis",2021,235451.0,115084.0,120367.0,85.0,3156.0,2680.0,0.0134040628411006,"98,42","134,04","44,40","-3,11","9,10","54,36","78,39","7,36","9,44","59,67","5,02","22219,10","635,84","41,07","9,51"
13075,"      Vorpommern-Greifswald, Landkreis",2023,226181.0,110101.0,116080.0,83.0,3124.0,2487.0,0.0138119470689403,"92,32","138,12","39,58","-1,78","863,78","59,23","82,81","7,36","9,44","57,32","4,87","25754,65","635,84","48,16","10,71"
13076,"      Ludwigslust-Parchim, Landkreis",2015,214113.0,107761.0,106352.0,54.0,2439.0,1910.0,0.0113911812921214,"79,32","113,91","42,39","-35,42","9,74","50,78","80,11","6,19","4,42","45,05","3,67","19572,68","870,99","36,12","9,84"
13076,"      Ludwigslust-Parchim, Landkreis",2017,212522.0,106019.0,106503.0,67.0,2471.0,2062.0,0.0116270315543802,"86,02","116,27","36,80","-35,35","10,11","53,96","81,94","6,16","4,42","44,58","3,68","21460,65","870,99","35,36","8,82"
13076,"      Ludwigslust-Parchim, Landkreis",2019,211779.0,105628.0,106151.0,74.0,2500.0,2307.0,0.0118047587343409,"96,08","118,05","36,11","-34,12","10,14","57,69","83,29","6,02","4,42","44,43","3,96","21199,61","905,04","31,81","7,29"
13076,"      Ludwigslust-Parchim, Landkreis",2021,211899.0,105820.0,106079.0,77.0,2475.0,2361.0,0.0116800928744354,"102,30","116,80","36,50","-32,29","9,24","60,56","84,54","6,08","4,42","44,45","4,63","23311,17","880,16","30,73","6,38"
13076,"      Ludwigslust-Parchim, Landkreis",2023,209372.0,104287.0,105085.0,74.0,2399.0,2232.0,0.0114580746231587,"100,27","114,58","32,89","-32,67","854,79","63,55","86,04","6,08","4,42","43,92","4,42","27156,59","880,16","39,25","7,18"
14511,"      Chemnitz, kreisfreie Stadt",2015,248645.0,122748.0,125897.0,38.0,3279.0,2455.0,0.0131874761205735,"76,46","131,87","46,86","21,28","11,15","52,38","80,77","6,27","10,06","1124,84","3,20","20611,10","565,86","50,47","12,59"
14511,"      Chemnitz, kreisfreie Stadt",2017,246855.0,121771.0,125084.0,43.0,3437.0,2651.0,0.0139231532681128,"79,83","139,23","40,49","21,27","11,57","56,92","82,65","6,21","10,06","1116,74","3,38","22117,52","565,86","51,64","12,57"
14511,"      Chemnitz, kreisfreie Stadt",2019,246334.0,121810.0,124524.0,55.0,3682.0,2946.0,0.0149471855285912,"83,41","149,47","39,92","20,55","11,93","61,41","83,98","6,05","10,06","1114,38","3,57","21884,33","565,96","49,76","10,70"
14511,"      Chemnitz, kreisfreie Stadt",2021,243105.0,120364.0,122741.0,55.0,3655.0,2946.0,0.0150346558071615,"92,47","150,35","34,10","20,11","11,18","64,75","84,55","5,97","10,06","1099,87","3,82","23615,56","550,32","51,40","9,66"
14511,"      Chemnitz, kreisfreie Stadt",2023,245150.0,120155.0,124995.0,56.0,3748.0,2918.0,0.0152885988170507,"88,16","152,89","33,00","19,80","1071,56","67,25","82,89","5,97","10,06","1109,13","3,53","27237,29","550,32","51,81","11,02"
14521,      Erzgebirgskreis,2015,347665.0,170364.0,177301.0,73.0,4225.0,3561.0,0.0121525031280111,"85,89","121,53","46,91","-19,31","7,85","50,52","83,19","6,24","6,11","190,20","3,61","19355,12","777,11","35,17","8,55"
14521,      Erzgebirgskreis,2017,340373.0,166510.0,173863.0,89.0,4651.0,4046.0,0.0136644210909796,"90,41","136,64","41,47","-16,50","8,15","56,85","86,42","6,03","6,11","186,21","3,68","21378,61","777,11","37,57","6,94"
14521,      Erzgebirgskreis,2019,334948.0,163885.0,171063.0,105.0,4826.0,4608.0,0.0144082066470019,"99,65","144,08","37,80","-14,70","7,93","61,18","88,22","5,64","6,11","183,24","3,93","21138,88","790,44","39,79","5,37"
14521,      Erzgebirgskreis,2021,328695.0,160912.0,167783.0,120.0,5251.0,4964.0,0.0159752962472809,"109,39","159,75","34,39","-14,08","7,13","65,01","89,16","5,60","6,11","179,82","4,74","23367,66","798,29","39,78","4,81"
14521,      Erzgebirgskreis,2023,322179.0,157492.0,164687.0,123.0,5337.0,5128.0,0.0165653254867635,"107,42","165,65","32,80","-14,39","666,33","69,17","89,85","5,60","6,11","176,26","3,86","26913,16","798,29","40,73","5,58"
14522,"      Mittelsachsen, Landkreis",2015,312450.0,155084.0,157366.0,83.0,3939.0,3284.0,0.0126068170907345,"83,58","126,07","51,23","-11,66","8,89","54,08","85,23","5,96","4,30","147,64","3,46","19711,80","803,53","37,51","8,95"
14522,"      Mittelsachsen, Landkreis",2017,308153.0,153154.0,154999.0,89.0,4077.0,3518.0,0.013230440722628,"88,95","132,30","46,01","-10,84","9,31","58,58","86,46","6,08","4,30","145,57","3,51","21636,51","803,53","39,74","7,52"
14522,"      Mittelsachsen, Landkreis",2019,304099.0,151334.0,152765.0,98.0,4202.0,3614.0,0.0138178685230796,"89,79","138,18","40,90","-11,21","9,10","62,83","88,09","6,28","4,30","143,66","3,69","21393,33","781,24","40,71","6,12"
14522,"      Mittelsachsen, Landkreis",2021,299329.0,148921.0,150408.0,102.0,4250.0,3668.0,0.014198423807917,"95,15","141,98","39,24","-11,12","8,15","65,55","88,42","6,11","4,30","141,40","4,54","23469,20","780,52","39,79","5,54"
14522,"      Mittelsachsen, Landkreis",2023,297766.0,147566.0,150200.0,111.0,4552.0,3975.0,0.015287171806049,"96,27","152,87","35,80","-12,05","766,86","68,76","87,18","6,11","4,30","140,67","3,78","27183,28","780,52","41,94","6,31"
14523,      Vogtlandkreis,2015,232318.0,113174.0,119144.0,58.0,3306.0,2464.0,0.0142304944085262,"80,03","142,30","58,52","-11,36","10,39","51,49","82,85","6,39","7,81","164,48","4,07","19777,78","724,24","35,10","9,24"
14523,      Vogtlandkreis,2017,229584.0,111835.0,117749.0,62.0,3381.0,2629.0,0.0147266360025088,"79,86","147,27","48,43","-9,69","10,43","56,33","84,71","6,20","7,81","162,55","3,98","21714,25","724,24","37,76","8,35"
14523,      Vogtlandkreis,2019,225997.0,110269.0,115728.0,61.0,3374.0,2656.0,0.0149294017177219,"81,85","149,29","44,46","-8,55","10,11","60,52","86,63","6,19","7,81","160,01","4,22","21434,78","721,46","38,57","6,67"
14523,      Vogtlandkreis,2021,221376.0,108012.0,113364.0,61.0,3258.0,2621.0,0.0147170424978317,"92,32","147,17","42,16","-8,02","9,31","63,67","87,42","6,08","7,81","156,74","4,95","23452,70","723,45","38,85","5,93"
14523,      Vogtlandkreis,2023,221088.0,107977.0,113111.0,63.0,3575.0,2801.0,0.0161700318425242,"89,55","161,70","37,27","-9,32","880,64","67,32","86,63","6,08","7,81","156,53","4,16","27156,00","723,45","44,99","6,97"
14524,"      Zwickau, Landkreis",2015,324534.0,158067.0,166467.0,83.0,4635.0,3298.0,0.0142820166762188,"73,24","142,82","51,48","-2,55","9,58","51,68","83,41","6,27","6,45","341,69","4,00","20242,41","674,72","37,29","9,46"
14524,"      Zwickau, Landkreis",2017,319988.0,155999.0,163989.0,86.0,4676.0,3494.0,0.0146130479892996,"76,61","146,13","47,21","-2,11","9,90","56,90","85,63","6,18","6,45","336,90","3,75","22236,81","674,72","39,53","8,58"
14524,"      Zwickau, Landkreis",2019,315002.0,153663.0,161339.0,96.0,4992.0,3697.0,0.0158475184284544,"81,94","158,48","40,29","-1,64","9,63","61,75","87,64","6,34","6,45","331,66","4,12","22027,97","668,44","40,88","7,02"
14524,"      Zwickau, Landkreis",2021,309621.0,151258.0,158363.0,96.0,4871.0,3824.0,0.0157321370320488,"89,56","157,32","38,60","-1,09","8,83","65,56","88,09","6,04","6,45","325,99","5,00","24173,63","685,38","41,45","6,53"
14524,"      Zwickau, Landkreis",2023,309866.0,151856.0,158010.0,101.0,5149.0,3855.0,0.0166168601911794,"88,32","166,17","33,17","-0,17","837,62","68,42","87,38","6,04","6,45","326,24","4,24","27997,99","685,38","43,66","7,17"
14612,"      Dresden, kreisfreie Stadt",2015,543825.0,270410.0,273415.0,86.0,5678.0,4138.0,0.0104408587321289,"73,55","104,41","51,28","15,18","9,25","55,18","79,95","6,28","6,31","1655,58","2,40","20740,44","558,61","51,60","10,43"
14612,"      Dresden, kreisfreie Stadt",2017,551072.0,274513.0,276559.0,93.0,5953.0,4439.0,0.0108025811509203,"76,71","108,03","47,66","14,98","9,39","59,20","81,14","6,50","6,31","1677,64","2,22","22199,50","558,61","51,07","9,99"
14612,"      Dresden, kreisfreie Stadt",2019,556780.0,277612.0,279168.0,102.0,6299.0,4658.0,0.0113132655626998,"76,90","113,13","40,10","14,98","9,19","63,19","82,42","6,48","6,31","1695,02","2,30","21974,75","558,04","51,42","8,50"
14612,"      Dresden, kreisfreie Stadt",2021,555351.0,276419.0,278932.0,105.0,6218.0,4833.0,0.0111965225596064,"87,78","111,97","36,42","14,02","8,32","65,86","83,06","6,53","6,31","1690,62","2,57","23565,38","553,83","52,16","8,09"
14612,"      Dresden, kreisfreie Stadt",2023,563019.0,279187.0,283832.0,103.0,6231.0,4999.0,0.0110671220687046,"86,70","110,67","30,13","14,74","777,34","67,91","82,32","6,53","6,31","1714,01","2,31","27261,59","553,83","50,58","8,61"
14625,"      Bautzen, Landkreis",2015,306273.0,151349.0,154924.0,73.0,3593.0,3107.0,0.0117313638485925,"82,65","117,31","45,82","-8,88","7,77","51,83","84,14","6,69","5,50","127,85","3,38","19811,70","727,05","36,78","9,94"
14625,"      Bautzen, Landkreis",2017,302634.0,149377.0,153257.0,83.0,3685.0,3324.0,0.0121764243277358,"85,14","121,76","43,14","-7,18","8,11","56,62","84,85","6,69","5,50","126,33","3,45","21804,19","727,05","37,83","8,03"
14625,"      Bautzen, Landkreis",2019,299758.0,148084.0,151674.0,89.0,3779.0,3447.0,0.0126068361811861,"92,79","126,07","37,69","-5,78","8,03","60,57","86,59","6,73","5,50","125,13","3,60","21575,45","719,71","38,27","6,40"
14625,"      Bautzen, Landkreis",2021,296290.0,146508.0,149782.0,94.0,3762.0,3641.0,0.0126970198116709,"107,34","126,97","39,41","-3,33","7,20","64,01","87,37","6,83","5,50","123,68","4,31","23642,66","702,53","39,02","5,49"
14625,"      Bautzen, Landkreis",2023,294746.0,145313.0,149433.0,101.0,3805.0,3517.0,0.0129094203144402,"102,63","129,09","31,24","-5,47","671,51","67,86","87,22","6,83","5,50","123,04","3,90","27281,81","702,53","40,32","6,40"
14626,"      Görlitz, Landkreis",2015,260000.0,127325.0,132675.0,89.0,3675.0,3062.0,0.0141346153846153,"82,82","141,35","47,63","-10,33","8,33","47,71","81,14","6,49","6,94","123,14","4,03","18955,72","738,91","41,15","14,12"
14626,"      Görlitz, Landkreis",2017,256587.0,125660.0,130927.0,92.0,3666.0,3189.0,0.0142875515906885,"86,82","142,88","46,39","-9,47","8,86","52,14","82,57","6,39","6,94","121,52","4,19","20884,54","738,91","40,17","12,41"
14626,"      Görlitz, Landkreis",2019,252725.0,123768.0,128957.0,96.0,3580.0,3319.0,0.0141655950143436,"93,94","141,66","40,58","-6,36","8,92","56,45","84,08","6,52","6,94","119,69","4,16","20703,36","725,18","41,10","10,46"
14626,"      Görlitz, Landkreis",2021,248273.0,121718.0,126555.0,107.0,3776.0,3552.0,0.0152090642156013,"101,34","152,09","38,19","-5,38","8,08","59,69","84,97","6,53","6,94","117,59","5,13","22807,32","732,37","41,69","8,97"
14626,"      Görlitz, Landkreis",2023,245867.0,120462.0,125405.0,113.0,3657.0,3540.0,0.0148738952360422,"103,00","148,74","36,57","-3,06","766,15","63,45","84,77","6,53","6,94","116,45","4,36","26285,58","732,37","44,19","9,99"
14627,"      Meißen, Landkreis",2015,245244.0,121132.0,124112.0,57.0,2729.0,2072.0,0.011127693236124,"79,33","111,28","39,48","-8,81","8,62","53,35","83,30","6,57","4,91","168,60","3,13","20482,04","700,40","38,10","9,94"
14627,"      Meißen, Landkreis",2017,242862.0,119693.0,123169.0,63.0,2680.0,2216.0,0.0110350734161787,"84,29","110,35","38,06","-7,35","9,01","57,80","84,61","6,54","4,91","166,96","3,09","22546,64","700,40","37,77","8,53"
14627,"      Meißen, Landkreis",2019,241717.0,118997.0,122720.0,70.0,2797.0,2353.0,0.0115713830636653,"86,99","115,71","41,40","-6,93","8,97","62,29","86,19","6,60","4,91","166,18","3,41","22315,40","697,09","37,93","6,79"
14627,"      Meißen, Landkreis",2021,239344.0,117560.0,121784.0,72.0,2890.0,2494.0,0.0120746707667624,"96,82","120,75","33,40","-7,51","8,23","65,45","86,83","6,41","4,91","164,54","3,90","24516,06","692,25","38,63","6,04"
14627,"      Meißen, Landkreis",2023,240368.0,117958.0,122410.0,74.0,2876.0,2458.0,0.0119649870199028,"96,20","119,65","28,78","-8,61","766,88","67,73","86,26","6,41","4,91","165,25","3,39","28276,34","692,25","41,51","6,81"
14628,"      Sächsische Schweiz-Osterzgebirge, Landkreis",2015,247412.0,122565.0,124847.0,61.0,3340.0,2524.0,0.0134997494058493,"76,37","135,00","38,30","-26,29","7,97","54,09","85,23","5,98","4,52","149,57","3,07","20396,64","780,34","37,76","9,42"
14628,"      Sächsische Schweiz-Osterzgebirge, Landkreis",2017,245418.0,121107.0,124311.0,66.0,3445.0,2685.0,0.0140372751794896,"77,83","140,37","36,52","-24,45","8,33","58,80","86,39","6,13","4,52","148,36","3,29","22350,85","780,34","38,31","8,09"
14628,"      Sächsische Schweiz-Osterzgebirge, Landkreis",2019,245586.0,121254.0,124332.0,71.0,3493.0,2855.0,0.0142231234679501,"83,60","142,23","32,51","-23,07","8,18","63,33","87,62","6,36","4,52","148,46","3,10","22180,81","766,86","39,22","6,30"
14628,"      Sächsische Schweiz-Osterzgebirge, Landkreis",2021,244009.0,120525.0,123484.0,74.0,3488.0,3023.0,0.0142945547090476,"98,25","142,95","30,91","-23,35","7,35","66,67","88,26","6,53","4,52","147,51","3,70","24180,15","743,93","39,86","5,44"
14628,"      Sächsische Schweiz-Osterzgebirge, Landkreis",2023,245143.0,120955.0,124188.0,75.0,3329.0,2964.0,0.0135798289161836,"94,64","135,80","39,43","-24,31","702,86","69,54","87,85","6,53","4,52","148,19","3,24","28056,89","743,93","40,04","6,23"
14713,"      Leipzig, kreisfreie Stadt",2015,560472.0,274414.0,286058.0,76.0,6383.0,4266.0,0.011388615309953,"71,60","113,89","58,61","15,28","13,33","52,00","75,30","6,48","6,40","1882,04","2,94","20150,07","572,39","53,04","14,97"
14713,"      Leipzig, kreisfreie Stadt",2017,581980.0,285777.0,296203.0,89.0,6690.0,4567.0,0.0114952403862675,"72,01","114,95","51,57","13,64","13,43","56,25","75,49","6,44","6,40","1954,26","2,76","21545,31","572,39","52,78","13,82"
14713,"      Leipzig, kreisfreie Stadt",2019,593145.0,291450.0,301695.0,95.0,6812.0,4715.0,0.0114845442514056,"73,90","114,85","40,56","11,69","12,81","61,05","77,17","6,45","6,40","1991,76","2,73","21330,51","566,52","53,40","11,58"
14713,"      Leipzig, kreisfreie Stadt",2021,601866.0,296110.0,305756.0,95.0,7057.0,5093.0,0.0117252012906527,"82,03","117,25","38,07","10,84","11,32","64,20","77,88","6,28","6,40","2021,04","2,86","22934,43","565,66","53,85","10,39"
14713,"      Leipzig, kreisfreie Stadt",2023,608013.0,299731.0,308282.0,99.0,6931.0,5178.0,0.0113994273148764,"82,40","113,99","37,45","10,69","1017,43","67,50","78,98","6,28","6,40","2041,68","2,60","26348,99","565,66","53,72","10,75"
14729,"      Leipzig, Landkreis",2015,258408.0,126877.0,131531.0,56.0,3093.0,2340.0,0.0119694436704745,"78,37","119,69","47,11","-36,93","9,83","51,88","83,48","6,98","4,48","156,48","3,28","20545,10","754,41","34,33","10,19"
14729,"      Leipzig, Landkreis",2017,258008.0,126530.0,131478.0,56.0,3134.0,2383.0,0.0121469101733279,"77,37","121,47","42,11","-34,28","9,97","56,68","84,16","6,91","4,48","156,24","3,70","22613,01","754,41","35,86","8,70"
14729,"      Leipzig, Landkreis",2019,258139.0,126466.0,131673.0,61.0,3231.0,2561.0,0.0125165124216023,"82,37","125,17","35,04","-32,42","9,83","60,69","85,58","6,69","4,48","156,33","3,73","22382,53","757,56","37,17","7,20"
14729,"      Leipzig, Landkreis",2021,258214.0,126602.0,131612.0,64.0,3297.0,2716.0,0.0127684788586211,"92,48","127,68","35,20","-31,83","8,86","63,99","86,05","7,21","4,48","156,37","4,08","24657,26","709,87","37,24","6,35"
14729,"      Leipzig, Landkreis",2023,260706.0,128189.0,132517.0,65.0,3192.0,2670.0,0.0122436767853444,"88,18","122,44","28,70","-32,59","805,11","67,23","84,87","7,21","4,48","157,88","3,84","28503,45","709,87","40,03","7,01"
14730,"      Nordsachsen, Landkreis",2015,197605.0,98052.0,99553.0,52.0,2271.0,1933.0,0.0114926241744895,"83,90","114,93","43,92","-11,90","10,53","52,20","84,55","6,36","7,30","97,42","3,50","19639,83","753,50","37,74","12,01"
14730,"      Nordsachsen, Landkreis",2017,197794.0,98288.0,99506.0,59.0,2499.0,2170.0,0.0126343569572383,"85,84","126,34","42,34","-12,01","11,20","56,63","85,05","6,52","7,30","97,50","3,72","21579,15","753,50","38,35","10,29"
14730,"      Nordsachsen, Landkreis",2019,197741.0,98130.0,99611.0,59.0,2511.0,2263.0,0.0126984287527624,"92,07","126,98","36,64","-10,23","11,23","61,24","86,32","6,44","7,30","97,48","4,01","21411,37","761,27","36,70","8,21"
14730,"      Nordsachsen, Landkreis",2021,197529.0,97975.0,99554.0,57.0,2457.0,2330.0,0.0124386798900414,"100,60","124,39","36,78","-8,35","10,02","64,09","87,27","6,44","7,30","97,37","4,37","23617,37","742,59","36,61","7,07"
14730,"      Nordsachsen, Landkreis",2023,200778.0,99551.0,101227.0,58.0,2455.0,2319.0,0.0122274352767733,"99,06","122,27","34,91","-7,08","906,10","67,10","86,23","6,44","7,30","98,98","3,67","27419,09","742,59","39,96","7,63"
15001,"      Dessau-Roßlau, kreisfreie Stadt",2015,82919.0,40311.0,42608.0,19.0,1279.0,809.0,0.0154246915664684,"68,39","154,25","53,35","9,64","12,64","52,42","83,35","5,70","11,33","338,80","3,49","20934,53","503,75","37,45","15,75"
15001,"      Dessau-Roßlau, kreisfreie Stadt",2017,82111.0,39933.0,42178.0,24.0,1342.0,950.0,0.0163437298291337,"72,24","163,44","44,26","9,52","12,82","56,45","84,92","6,12","11,33","335,49","4,72","22939,55","503,75","36,36","15,25"
15001,"      Dessau-Roßlau, kreisfreie Stadt",2019,80103.0,38894.0,41209.0,26.0,1380.0,1039.0,0.0172278191828021,"77,65","172,28","32,12","9,85","12,82","61,07","85,36","6,30","11,33","327,34","4,87","22566,59","484,01","37,93","13,09"
15001,"      Dessau-Roßlau, kreisfreie Stadt",2021,78731.0,38223.0,40508.0,27.0,1361.0,1178.0,0.0172867104444246,"95,85","172,87","36,72","9,99","11,61","64,15","86,06","6,73","11,33","321,35","5,29","24748,75","470,74","37,94","12,01"
15001,"      Dessau-Roßlau, kreisfreie Stadt",2023,76062.0,36414.0,39648.0,29.0,1492.0,1178.0,0.0196155767663222,"86,68","196,16","29,47","11,18","1119,57","68,95","85,55","6,73","11,33","309,47","4,68","28506,41","470,74","48,33","13,67"
15002,"      Halle (Saale), kreisfreie Stadt",2015,236991.0,114581.0,122410.0,59.0,2975.0,1908.0,0.0125532193205649,"65,41","125,53","42,66","12,48","17,13","50,46","73,84","6,71","11,90","1755,23","3,73","19584,28","478,59","51,84","18,01"
15002,"      Halle (Saale), kreisfreie Stadt",2017,239173.0,115771.0,123402.0,63.0,2918.0,1966.0,0.0122003737880111,"68,05","122,00","42,72","10,64","16,43","55,43","74,87","6,63","11,90","1771,26","3,60","21132,26","478,59","52,01","19,23"
15002,"      Halle (Saale), kreisfreie Stadt",2019,238762.0,115552.0,123210.0,64.0,2848.0,2072.0,0.0119281962791398,"73,76","119,28","39,32","10,27","16,43","59,54","75,39","6,69","11,90","1768,21","3,33","21056,22","470,24","51,72","16,75"
15002,"      Halle (Saale), kreisfreie Stadt",2021,238061.0,115441.0,122620.0,60.0,2685.0,2120.0,0.0112786218658243,"83,27","112,79","39,03","9,77","15,27","63,22","76,27","7,06","11,90","1763,28","4,06","22647,23","462,03","52,19","14,25"
15002,"      Halle (Saale), kreisfreie Stadt",2023,227639.0,109817.0,117822.0,57.0,2888.0,2073.0,0.0126867540272097,"76,44","126,87","34,30","8,44","1518,87","68,22","80,11","7,06","11,90","1679,25","3,83","26061,28","462,03","54,85","15,91"
15003,"      Magdeburg, kreisfreie Stadt, Landeshauptstadt",2015,235723.0,115810.0,119913.0,44.0,3260.0,2051.0,0.0138297917470929,"65,49","138,30","49,75","17,29","14,89","52,20","78,94","6,47","9,34","1172,75","3,53","20305,51","522,98","46,30","16,48"
15003,"      Magdeburg, kreisfreie Stadt, Landeshauptstadt",2017,238478.0,117677.0,120801.0,50.0,3365.0,2225.0,0.0141103162555875,"69,16","141,10","45,68","16,21","14,63","57,30","80,23","6,44","9,34","1186,40","3,39","21859,66","522,98","50,98","16,66"
15003,"      Magdeburg, kreisfreie Stadt, Landeshauptstadt",2019,237565.0,117391.0,120174.0,55.0,3328.0,2408.0,0.0140087975922379,"76,44","140,09","41,00","13,59","14,31","60,96","81,78","6,60","9,34","1181,86","3,60","21788,11","510,34","51,85","14,49"
15003,"      Magdeburg, kreisfreie Stadt, Landeshauptstadt",2021,236188.0,116626.0,119562.0,60.0,3416.0,2720.0,0.0144630548546073,"87,21","144,63","43,52","12,94","12,92","63,44","82,59","6,85","9,34","1174,89","3,61","23497,79","492,06","53,66","12,20"
15003,"      Magdeburg, kreisfreie Stadt, Landeshauptstadt",2023,242491.0,119873.0,122618.0,67.0,3721.0,2759.0,0.0153448993983281,"86,03","153,45","41,76","13,30","1169,07","64,52","79,59","6,85","9,34","1202,36","3,88","27207,36","492,06","52,19","12,74"
15081,      Altmarkkreis Salzwedel,2015,86164.0,43104.0,43060.0,21.0,1031.0,775.0,0.0119655540597001,"76,43","119,66","38,01","-31,64","11,70","54,55","81,19","5,11","4,45","37,58","3,93","19090,54","954,32","38,80","10,49"
15081,      Altmarkkreis Salzwedel,2017,84457.0,42152.0,42305.0,23.0,1094.0,891.0,0.0129533372011792,"88,22","129,53","30,66","-31,47","12,31","57,24","83,34","5,30","4,45","36,83","4,13","20968,08","954,32","33,76","10,21"
15081,      Altmarkkreis Salzwedel,2019,83173.0,41428.0,41745.0,25.0,1030.0,822.0,0.0123838264821516,"83,28","123,84","52,07","-29,48","12,27","60,87","83,83","5,32","4,45","36,26","4,27","20860,92","981,39","31,74","8,61"
15081,      Altmarkkreis Salzwedel,2021,81986.0,40808.0,41178.0,25.0,1030.0,886.0,0.0125631205327738,"90,97","125,63","37,97","-28,65","11,10","63,03","84,77","4,91","4,45","35,73","4,89","23254,72","1057,88","31,46","7,63"
15081,      Altmarkkreis Salzwedel,2023,80780.0,40209.0,40571.0,25.0,1026.0,911.0,0.0127011636543698,"102,13","127,01","37,81","-30,27","1050,66","66,33","84,26","4,91","4,45","35,05","4,74","26890,13","1057,88","39,84","8,46"
15082,"      Anhalt-Bitterfeld, Landkreis",2015,164817.0,80940.0,83877.0,40.0,1958.0,1372.0,0.0118798424919759,"73,88","118,80","44,34","-15,39","12,00","49,57","81,41","6,78","5,00","113,39","4,29","19457,84","749,19","36,78","14,97"
15082,"      Anhalt-Bitterfeld, Landkreis",2017,161264.0,79166.0,82098.0,48.0,1980.0,1523.0,0.0122780037702152,"80,54","122,78","43,02","-13,80","12,48","54,50","82,50","6,67","5,00","110,89","4,66","21385,11","749,19","40,44","13,63"
15082,"      Anhalt-Bitterfeld, Landkreis",2019,158486.0,77624.0,80862.0,52.0,1999.0,1652.0,0.0126131014726852,"87,36","126,13","41,92","-12,37","12,71","57,87","82,35","6,25","5,00","109,01","4,49","21170,23","765,63","41,58","11,14"
15082,"      Anhalt-Bitterfeld, Landkreis",2021,155900.0,76440.0,79460.0,57.0,2087.0,1732.0,0.0133867864015394,"90,44","133,87","36,40","-10,29","11,52","59,92","82,46","6,43","5,00","107,14","5,26","23352,82","760,49","40,69","9,61"
15082,"      Anhalt-Bitterfeld, Landkreis",2023,153801.0,75264.0,78537.0,59.0,2105.0,1891.0,0.0136865169927373,"95,51","136,87","32,26","-15,16","1123,07","66,73","81,81","6,43","5,00","105,24","5,14","27209,93","760,49","42,51","10,69"
15083,"      Börde, Landkreis",2015,173473.0,86819.0,86654.0,44.0,2288.0,1565.0,0.0131893724095392,"76,79","131,89","36,84","-26,61","10,60","54,04","82,35","6,18","3,16","73,30","3,67","19691,95","875,13","32,45","9,62"
15083,"      Börde, Landkreis",2017,172619.0,86111.0,86508.0,47.0,2256.0,1633.0,0.0130692449846193,"77,76","130,69","38,79","-23,37","10,71","58,41","83,37","6,30","3,16","72,93","4,04","21799,54","875,13","33,69","8,34"
15083,"      Börde, Landkreis",2019,170923.0,85224.0,85699.0,55.0,2356.0,1816.0,0.0137839846012531,"82,77","137,84","33,95","-19,06","10,72","61,71","84,26","6,41","3,16","72,21","4,00","21555,29","863,25","31,53","6,92"
15083,"      Börde, Landkreis",2021,170106.0,84778.0,85328.0,58.0,2241.0,1893.0,0.0131741384783605,"96,04","131,74","32,54","-15,70","9,56","63,72","85,03","6,28","3,16","71,86","4,58","23978,57","875,71","30,06","5,91"
15083,"      Börde, Landkreis",2023,168593.0,83856.0,84737.0,61.0,2137.0,1891.0,0.0126754966101795,"97,93","126,75","26,35","-16,85","880,54","67,19","84,90","6,28","3,16","70,93","4,47","27915,22","875,71","37,16","6,48"
15084,      Burgenlandkreis,2015,184081.0,91276.0,92805.0,45.0,2711.0,1884.0,0.014727212477116,"70,99","147,27","36,36","-25,27","11,27","49,10","81,25","6,40","5,47","130,21","4,29","19347,38","762,17","39,23","14,67"
15084,      Burgenlandkreis,2017,181968.0,90410.0,91558.0,54.0,2712.0,2000.0,0.0149037193352677,"75,22","149,04","37,76","-22,59","11,54","53,76","82,23","6,70","5,47","128,72","4,24","21312,77","762,17","40,44","13,17"
15084,      Burgenlandkreis,2019,178846.0,88658.0,90188.0,59.0,2652.0,2120.0,0.0148283998523869,"80,21","148,28","32,20","-22,34","11,50","57,62","83,65","6,54","5,47","126,49","4,64","21163,39","735,24","42,33","10,70"
15084,      Burgenlandkreis,2021,176333.0,87308.0,89025.0,61.0,2733.0,2236.0,0.0154990841192516,"89,33","154,99","33,93","-20,76","10,55","60,59","85,21","6,44","5,47","124,70","5,51","23366,62","720,46","39,94","9,38"
15084,      Burgenlandkreis,2023,175217.0,85808.0,89409.0,62.0,2756.0,2156.0,0.015729067385014,"85,45","157,29","29,30","-18,40","1024,63","63,86","83,84","6,44","5,47","123,40","4,61","26999,70","720,46","42,32","10,69"
15085,"      Harz, Landkreis",2015,221366.0,109026.0,112340.0,76.0,3702.0,2666.0,0.016723435396583,"76,65","167,23","33,68","-19,31","12,32","51,34","80,19","5,78","6,21","105,19","4,11","20038,31","793,76","37,73","12,03"
15085,"      Harz, Landkreis",2017,216299.0,106135.0,110164.0,87.0,3803.0,2963.0,0.0175821432369081,"83,82","175,82","35,86","-17,56","12,39","55,42","81,31","5,86","6,21","102,78","4,21","22033,31","793,76","39,94","10,54"
15085,"      Harz, Landkreis",2019,213310.0,104712.0,108598.0,90.0,3685.0,3055.0,0.0172753269888894,"87,51","172,75","34,49","-17,17","12,47","59,50","82,45","6,15","6,21","101,35","4,57","21776,58","769,38","39,75","8,88"
15085,"      Harz, Landkreis",2021,209117.0,102527.0,106590.0,94.0,3543.0,2975.0,0.0169426684583271,"93,38","169,43","32,67","-17,00","11,36","62,30","83,73","6,68","6,21","99,35","5,31","24103,84","728,63","39,19","8,04"
15085,"      Harz, Landkreis",2023,207134.0,101040.0,106094.0,101.0,3559.0,2910.0,0.0171821139938397,"90,26","171,82","28,73","-16,36","1055,16","66,27","82,71","6,68","6,21","98,15","5,13","28041,63","728,63","43,66","9,01"
15086,"      Jerichower Land, Landkreis",2015,91693.0,45870.0,45823.0,28.0,1527.0,1087.0,0.0166533977511914,"75,22","166,53","32,20","-29,84","11,58","51,23","82,26","5,23","8,15","58,15","3,80","19812,94","916,10","39,29","11,78"
15086,"      Jerichower Land, Landkreis",2017,90465.0,45071.0,45394.0,29.0,1524.0,1145.0,0.0168462941469076,"78,86","168,46","34,26","-30,32","11,88","55,34","83,30","5,42","8,15","57,37","4,23","21831,67","916,10","37,15","10,52"
15086,"      Jerichower Land, Landkreis",2019,89589.0,44600.0,44989.0,33.0,1587.0,1092.0,0.017714228309279,"81,19","177,14","33,45","-29,48","11,80","59,40","83,76","5,53","8,15","56,81","4,51","21547,87","900,39","38,89","8,69"
15086,"      Jerichower Land, Landkreis",2021,89118.0,44355.0,44763.0,35.0,1560.0,1252.0,0.0175048811687874,"97,05","175,05","35,96","-25,98","10,58","62,04","84,85","6,31","8,15","56,47","4,66","23975,57","819,48","38,07","7,56"
15086,"      Jerichower Land, Landkreis",2023,88695.0,43868.0,44827.0,37.0,1446.0,1293.0,0.0163030610519195,"95,57","163,03","33,26","-26,79","983,14","65,81","84,51","6,31","8,15","55,81","4,26","27938,86","819,48","39,22","8,74"
15087,"      Mansfeld-Südharz, Landkreis",2015,141408.0,69831.0,71577.0,40.0,2002.0,1543.0,0.0141576148449875,"79,78","141,58","44,10","-23,82","11,81","45,49","79,12","6,12","6,08","97,60","4,07","18739,68","792,04","34,63","16,70"
15087,"      Mansfeld-Südharz, Landkreis",2017,138013.0,67923.0,70090.0,44.0,1966.0,1631.0,0.0142450348880177,"85,17","142,45","40,74","-21,62","12,22","51,04","81,02","6,25","6,08","95,26","4,53","20696,15","792,04","36,97","15,37"
15087,"      Mansfeld-Südharz, Landkreis",2019,134942.0,66285.0,68657.0,49.0,1963.0,1686.0,0.0145469905589067,"88,04","145,47","45,93","-19,62","12,22","54,83","82,29","6,30","6,08","93,13","4,63","20506,20","773,31","37,93","13,62"
15087,"      Mansfeld-Südharz, Landkreis",2021,132317.0,64971.0,67346.0,49.0,1944.0,1746.0,0.0146919896914228,"97,87","146,92","38,20","-20,34","11,28","58,33","83,16","6,33","6,08","91,31","5,99","22815,07","768,17","36,79","12,16"
15087,"      Mansfeld-Südharz, Landkreis",2023,130162.0,64125.0,66037.0,51.0,2093.0,1861.0,0.0160799618936402,"96,63","160,80","37,94","-21,04","1066,24","60,84","83,94","6,33","6,08","89,38","4,84","26434,61","768,17","40,97","12,68"
15088,      Saalekreis,2015,186431.0,92339.0,94092.0,34.0,1593.0,1166.0,0.0085447162757266,"76,81","85,45","40,21","-11,20","11,49","52,30","82,90","5,81","3,24","130,04","3,86","19949,48","844,11","35,02","12,75"
15088,      Saalekreis,2017,185494.0,91867.0,93627.0,36.0,1570.0,1156.0,0.0084638856243328,"75,02","84,64","42,40","-11,57","11,60","56,71","83,62","5,67","3,24","129,38","4,11","21956,67","844,11","35,32","11,57"
15088,      Saalekreis,2019,183815.0,90793.0,93022.0,40.0,1628.0,1217.0,0.0088567309523161,"76,21","88,57","36,98","-10,77","11,51","60,68","84,69","5,74","3,24","128,18","4,04","21704,94","840,30","34,11","9,33"
15088,      Saalekreis,2021,182814.0,90387.0,92427.0,49.0,1638.0,1325.0,0.0089599264826545,"84,13","89,60","43,50","-10,35","10,35","64,37","85,66","6,15","3,24","127,46","4,73","24012,08","821,64","31,44","8,00"
15088,      Saalekreis,2023,182677.0,90250.0,92427.0,51.0,1711.0,1381.0,0.0093662584780787,"83,90","93,66","36,69","-10,48","956,69","67,61","85,18","6,15","3,24","126,82","4,64","27859,89","821,64","38,73","8,49"
15089,      Salzlandkreis,2015,196695.0,96161.0,100534.0,64.0,3148.0,2204.0,0.0160044739317217,"75,79","160,04","50,55","-16,64","12,62","47,86","79,14","6,86","6,27","137,86","4,51","18830,76","734,24","42,00","16,31"
15089,      Salzlandkreis,2017,192739.0,94262.0,98477.0,72.0,3243.0,2364.0,0.0168258629545655,"80,41","168,26","36,42","-16,12","12,95","52,07","79,74","6,76","6,27","135,05","4,82","20739,22","734,24","42,77","14,54"
15089,      Salzlandkreis,2019,189125.0,92363.0,96762.0,74.0,3064.0,2427.0,0.0162009253139458,"84,68","162,01","35,51","-16,11","13,17","56,35","80,49","6,56","6,27","132,49","5,17","20585,09","743,12","40,96","12,51"
15089,      Salzlandkreis,2021,185495.0,90596.0,94899.0,77.0,3145.0,2485.0,0.0169546348958192,"92,07","169,55","33,93","-16,30","11,94","59,91","81,51","6,67","6,27","129,89","5,49","22927,34","731,74","40,17","10,96"
15089,      Salzlandkreis,2023,182296.0,89005.0,93291.0,76.0,2962.0,2549.0,0.0162482994689954,"91,86","162,48","29,14","-15,96","1134,24","63,93","82,16","6,67","6,27","127,16","5,20","26555,23","731,74","44,89","12,36"
15090,"      Stendal, Landkreis",2015,115262.0,57194.0,58068.0,26.0,1588.0,1068.0,0.013777307351946,"72,02","137,77","46,90","-18,65","12,17","49,89","77,65","6,44","7,56","47,57","4,34","18676,32","740,99","40,61","15,93"
15090,"      Stendal, Landkreis",2017,113186.0,55930.0,57256.0,31.0,1591.0,1124.0,0.0140565087554997,"76,00","140,57","51,59","-18,96","12,42","53,01","78,88","6,91","7,56","46,71","4,70","20632,79","740,99","42,06","14,98"
15090,"      Stendal, Landkreis",2019,111190.0,54869.0,56321.0,35.0,1564.0,1219.0,0.0140660131306772,"84,42","140,66","33,04","-20,18","12,22","57,95","79,76","6,50","7,56","45,87","4,95","20466,06","756,39","42,73","12,99"
15090,"      Stendal, Landkreis",2021,109746.0,54029.0,55717.0,39.0,1593.0,1299.0,0.0145153354108577,"89,77","145,15","38,01","-20,55","11,07","60,99","81,88","6,63","7,56","45,27","5,70","22740,92","750,40","42,28","11,41"
15090,"      Stendal, Landkreis",2023,106793.0,52567.0,54226.0,42.0,1572.0,1355.0,0.0147200659219237,"93,26","147,20","31,32","-18,51","1074,97","64,55","83,48","6,63","7,56","43,84","5,41","26403,41","750,40","44,20","13,04"
15091,"      Wittenberg, Landkreis",2015,128447.0,63427.0,65020.0,20.0,1448.0,991.0,0.0112731321089632,"70,79","112,73","37,54","-21,30","10,23","51,04","83,96","6,56","4,59","66,54","4,58","19204,10","818,16","34,00","13,07"
15091,"      Wittenberg, Landkreis",2017,126815.0,62468.0,64347.0,25.0,1454.0,1059.0,0.0114655206403028,"74,47","114,66","33,68","-19,66","10,48","55,57","84,79","6,47","4,59","65,69","4,27","21208,81","818,16","34,28","11,90"
15091,"      Wittenberg, Landkreis",2019,124953.0,61469.0,63484.0,31.0,1471.0,1169.0,0.0117724264323385,"83,38","117,72","30,42","-18,05","10,47","60,53","86,01","6,48","4,59","64,72","4,45","21021,36","824,77","35,54","9,81"
15091,"      Wittenberg, Landkreis",2021,123341.0,60654.0,62687.0,37.0,1493.0,1273.0,0.0121046529540055,"93,19","121,05","27,47","-16,98","9,45","63,06","87,14","6,41","4,59","63,80","4,92","23363,67","793,19","34,60","8,56"
15091,"      Wittenberg, Landkreis",2023,122230.0,60158.0,62072.0,38.0,1432.0,1295.0,0.0117156180970301,"101,41","117,16","24,99","-16,92","907,45","66,57","87,72","6,41","4,59","62,92","5,03","27157,23","793,19","42,33","9,13"
16051,"      Erfurt, kreisfreie Stadt",2015,210118.0,102259.0,107859.0,28.0,2519.0,1753.0,0.0119885016990452,"71,87","119,89","60,15","25,09","11,40","52,21","76,38","6,58","7,91","778,47","2,84","20820,06","506,51","44,54","13,13"
16051,"      Erfurt, kreisfreie Stadt",2017,212988.0,103683.0,109305.0,31.0,2531.0,1840.0,0.0118832985895919,"74,95","118,83","45,54","24,58","11,17","56,02","77,70","7,27","7,91","789,11","3,31","22329,47","506,51","46,42","12,32"
16051,"      Erfurt, kreisfreie Stadt",2019,213981.0,104044.0,109937.0,37.0,2533.0,1941.0,0.0118374995910851,"79,03","118,37","45,97","21,53","11,09","59,56","79,59","7,35","7,91","792,79","3,25","22016,40","504,67","48,78","10,30"
16051,"      Erfurt, kreisfreie Stadt",2021,213227.0,103638.0,109589.0,38.0,2515.0,1958.0,0.0117949415411744,"87,33","117,95","45,95","22,24","9,68","62,39","81,53","6,54","7,91","789,99","3,68","23737,88","521,66","50,86","8,89"
16051,"      Erfurt, kreisfreie Stadt",2023,219549.0,107035.0,112514.0,39.0,2431.0,1995.0,0.0110726990330176,"90,89","110,73","38,16","21,63","897,51","62,90","79,38","6,54","7,91","813,42","2,90","27319,22","521,66","47,38","8,94"
16052,"      Gera, kreisfreie Stadt",2015,96011.0,46414.0,49597.0,16.0,1265.0,894.0,0.0131755736321879,"72,15","131,76","58,93","6,33","11,88","49,40","80,78","7,16","10,58","630,86","4,06","20294,43","429,71","48,04","15,32"
16052,"      Gera, kreisfreie Stadt",2017,94859.0,45890.0,48969.0,17.0,1278.0,931.0,0.0134726277949377,"74,12","134,73","50,80","5,27","11,77","53,31","82,03","7,09","10,58","623,29","4,36","22023,48","429,71","50,61","16,84"
16052,"      Gera, kreisfreie Stadt",2019,93125.0,44945.0,48180.0,19.0,1280.0,990.0,0.013744966442953,"79,77","137,45","41,61","5,60","11,81","57,38","84,18","7,57","10,58","611,94","3,80","21723,89","405,77","51,72","15,35"
16052,"      Gera, kreisfreie Stadt",2021,91368.0,44203.0,47165.0,22.0,1280.0,960.0,0.014009281148761,"82,12","140,09","38,13","7,77","11,05","59,97","85,18","7,03","10,58","600,39","4,94","23900,12","444,61","53,08","12,65"
16052,"      Gera, kreisfreie Stadt",2023,95695.0,46752.0,48943.0,23.0,1280.0,987.0,0.0133758294581744,"80,90","133,76","42,96","7,83","1084,30","61,96","79,51","7,03","10,58","628,83","4,37","27416,11","444,61","51,09","12,96"
16053,"      Jena, kreisfreie Stadt",2015,109527.0,54467.0,55060.0,14.0,1105.0,759.0,0.0100888365425876,"71,40","100,89","80,62","27,91","5,37","58,02","73,93","6,48","12,62","954,40","2,17","20496,58","486,74","47,25","8,24"
16053,"      Jena, kreisfreie Stadt",2017,111099.0,55472.0,55627.0,15.0,1238.0,856.0,0.0111432146103925,"72,85","111,43","67,64","25,99","5,94","60,83","74,62","6,39","12,62","968,10","2,26","22031,89","486,74","49,00","8,39"
16053,"      Jena, kreisfreie Stadt",2019,111343.0,55628.0,55715.0,16.0,1302.0,939.0,0.0116935954662619,"79,04","116,94","76,05","26,23","5,93","62,95","76,38","6,38","12,62","970,14","2,39","21870,34","472,29","50,78","6,98"
16053,"      Jena, kreisfreie Stadt",2021,110502.0,55097.0,55405.0,19.0,1273.0,924.0,0.0115201534813849,"83,47","115,20","60,91","26,38","5,16","66,00","78,00","6,70","12,62","962,81","2,67","23831,73","475,28","52,37","6,12"
16053,"      Jena, kreisfreie Stadt",2023,110076.0,53896.0,56180.0,21.0,1238.0,971.0,0.0112467749554853,"86,77","112,47","37,38","28,61","474,57","66,46","77,55","6,70","12,62","959,10","2,21","27736,90","475,28","51,32","6,73"
16054,"      Suhl, kreisfreie Stadt",2015,36778.0,18071.0,18707.0,10.0,481.0,394.0,0.0130784708249496,"82,38","129,51","50,72","14,42","10,45","53,10","83,68","7,49","16,64","268,37","4,29","21067,59","407,27","45,35","9,33"
16054,"      Suhl, kreisfreie Stadt",2017,35166.0,17131.0,18035.0,10.0,477.0,410.0,0.0135642381846101,"86,97","127,74","48,99","15,88","10,55","57,68","87,45","7,85","16,64","257,15","4,95","23129,84","407,27","47,91","8,03"
16054,"      Suhl, kreisfreie Stadt",2019,36789.0,18009.0,18780.0,9.0,436.0,410.0,0.0118513686156187,"94,25","118,51","48,07","12,75","11,19","63,36","88,81","7,61","16,64","259,77","4,12","22425,42","421,65","48,91","6,33"
16054,"      Suhl, kreisfreie Stadt",2021,36054.0,17718.0,18336.0,9.0,436.0,371.0,0.0120929716536306,"91,15","120,93","26,17","12,46","9,91","65,04","90,20","6,24","16,64","254,58","5,85","24632,79","524,42","48,96","6,02"
16054,"      Suhl, kreisfreie Stadt",2023,36307.0,18149.0,18158.0,8.0,436.0,397.0,0.0120087035557881,"94,75","120,09","41,85","5,09","883,59","66,52","88,00","6,24","16,64","256,37","4,57","28361,29","524,42","47,24","6,88"
16055,"      Weimar, kreisfreie Stadt",2015,64131.0,31002.0,33129.0,16.0,922.0,688.0,0.0143768224415649,"78,18","143,77","44,98","7,80","10,58","50,50","73,07","7,21","9,52","759,13","3,73","20485,94","483,50","47,73","11,22"
16055,"      Weimar, kreisfreie Stadt",2017,64426.0,31231.0,33195.0,21.0,931.0,734.0,0.0144506876105919,"80,84","144,51","39,11","4,35","10,75","54,73","75,20","7,37","9,52","762,62","3,16","22236,83","483,50","48,67","10,97"
16055,"      Weimar, kreisfreie Stadt",2019,65228.0,31549.0,33679.0,23.0,1078.0,799.0,0.0165266449990801,"86,38","165,27","31,09","2,14","10,72","58,24","75,89","7,36","9,52","772,11","2,59","21928,43","483,17","49,11","9,47"
16055,"      Weimar, kreisfreie Stadt",2021,65138.0,31456.0,33682.0,24.0,1078.0,876.0,0.0165494795664589,"92,02","165,49","31,53","2,56","9,02","60,64","77,52","7,06","9,52","771,05","3,38","23449,70","499,14","49,75","8,54"
16055,"      Weimar, kreisfreie Stadt",2023,65528.0,31446.0,34082.0,25.0,1036.0,877.0,0.0158100354047124,"92,32","158,10","25,95","4,08","811,20","62,06","76,46","7,06","9,52","775,75","2,77","27201,29","499,14","48,25","9,21"
16061,"      Eichsfeld, Landkreis",2015,101325.0,50927.0,50398.0,26.0,1030.0,896.0,0.0101653096471749,"89,24","101,65","38,62","-18,98","6,34","53,12","81,95","6,46","2,79","107,44","2,63","19171,72","742,77","32,57","5,55"
16061,"      Eichsfeld, Landkreis",2017,100645.0,50582.0,50063.0,31.0,1041.0,962.0,0.0103432858065477,"94,22","103,43","41,51","-16,69","6,32","56,35","83,27","6,56","2,79","106,72","3,18","21214,52","742,77","32,80","5,28"
16061,"      Eichsfeld, Landkreis",2019,100006.0,50219.0,49787.0,31.0,1025.0,958.0,0.0102493850368977,"97,76","102,49","43,06","-16,54","6,21","60,87","85,34","6,75","2,79","106,04","3,07","20952,04","753,34","32,47","4,48"
16061,"      Eichsfeld, Landkreis",2021,99324.0,49800.0,49524.0,36.0,1043.0,974.0,0.0105009866698884,"114,59","105,01","26,63","-17,74","5,49","63,33","86,43","6,82","2,79","105,32","3,07","23289,67","730,32","30,79","3,89"
16061,"      Eichsfeld, Landkreis",2023,102699.0,51387.0,51312.0,37.0,1064.0,1106.0,0.0103603735187294,"112,40","103,60","24,75","-20,95","490,02","67,64","88,47","6,82","2,79","103,62","3,31","25663,03","730,32","33,19","4,71"
16062,"      Nordhausen, Landkreis",2015,85355.0,42292.0,43063.0,27.0,1455.0,1145.0,0.0170464530490305,"85,45","170,46","65,02","-7,37","9,81","50,98","79,21","6,24","12,02","119,56","3,54","19430,81","630,89","35,72","12,25"
16062,"      Nordhausen, Landkreis",2017,84697.0,41963.0,42734.0,28.0,1538.0,1237.0,0.0181588486014852,"85,37","181,59","43,80","-6,96","10,19","54,95","79,68","6,61","12,02","118,64","3,89","21309,40","630,89","37,21","11,61"
16062,"      Nordhausen, Landkreis",2019,83416.0,41394.0,42022.0,29.0,1577.0,1272.0,0.0189052459959719,"88,52","189,05","41,57","-8,49","10,41","58,00","81,47","6,59","12,02","116,85","4,31","20997,51","631,94","37,84","10,28"
16062,"      Nordhausen, Landkreis",2021,81687.0,40557.0,41130.0,31.0,1563.0,1393.0,0.0191340115318226,"98,24","191,34","34,13","-7,50","9,41","60,48","83,15","6,79","12,02","114,42","4,51","23153,89","616,51","37,47","9,49"
16062,"      Nordhausen, Landkreis",2023,81502.0,40241.0,41261.0,34.0,1526.0,1478.0,0.0187234669087875,"104,08","187,23","28,41","-5,76","895,11","63,24","82,36","6,79","12,02","114,16","4,56","26761,97","616,51","41,85","10,70"
16063,      Wartburgkreis,2015,125655.0,62914.0,62741.0,20.0,1310.0,1087.0,0.0104253710556682,"83,05","119,03","41,53","-8,17","8,82","53,46","82,53","6,94","6,22","119,72","3,43","19967,83","696,77","38,90","7,01"
16063,      Wartburgkreis,2017,123764.0,61925.0,61839.0,20.0,1309.0,1046.0,0.0105765812352541,"85,43","122,57","35,74","-7,85","9,10","58,01","84,55","7,04","6,22","118,60","3,80","21944,49","696,77","39,66","7,08"
16063,      Wartburgkreis,2019,118974.0,59573.0,59401.0,21.0,1304.0,1092.0,0.0109603778976919,"91,06","123,37","29,38","-5,44","8,99","58,76","85,98","6,92","6,22","117,58","3,92","21652,24","677,41","39,66","6,32"
16063,      Wartburgkreis,2021,158900.0,79235.0,79665.0,40.0,2004.0,1672.0,0.0126117054751415,"94,36","126,12","35,18","-16,07","8,24","61,97","85,41","6,47","6,22","115,89","4,46","23849,66","710,17","38,83","5,68"
16063,      Wartburgkreis,2023,156334.0,77601.0,78733.0,43.0,2059.0,1711.0,0.0131705195287013,"94,84","131,71","28,97","-8,72","758,87","65,80","86,73","6,47","6,22","114,02","3,92","27647,86","710,17","40,24","6,31"
16064,      Unstrut-Hainich-Kreis,2015,105273.0,52367.0,52906.0,28.0,1453.0,999.0,0.0138022094934123,"73,13","138,02","36,51","-17,47","9,79","50,17","81,38","7,03","11,69","107,46","3,68","18990,39","691,18","36,03","11,23"
16064,      Unstrut-Hainich-Kreis,2017,103504.0,51373.0,52131.0,32.0,1512.0,1202.0,0.0146081310867212,"82,44","146,08","36,03","-16,67","9,91","54,42","83,76","6,93","11,69","105,65","3,80","20918,70","691,18","37,01","10,65"
16064,      Unstrut-Hainich-Kreis,2019,102232.0,50775.0,51457.0,33.0,1511.0,1151.0,0.0147801079896705,"80,32","147,80","28,28","-15,42","10,26","58,58","85,27","6,58","11,69","104,35","3,67","20699,00","694,28","37,28","9,06"
16064,      Unstrut-Hainich-Kreis,2021,101269.0,50147.0,51122.0,38.0,1516.0,1284.0,0.0149700303152988,"92,04","149,70","32,26","-15,03","9,53","61,51","84,99","6,91","11,69","103,37","4,92","22977,73","670,66","36,76","8,01"
16064,      Unstrut-Hainich-Kreis,2023,96458.0,47847.0,48611.0,41.0,1537.0,1384.0,0.0159343963175682,"97,60","159,34","26,82","-11,85","931,14","64,20","83,53","6,91","11,69","103,54","4,32","26371,13","670,66","39,03","9,44"
16065,      Kyffhäuserkreis,2015,77110.0,38432.0,38678.0,22.0,1008.0,767.0,0.0130722344702373,"80,06","130,72","35,23","-38,16","11,00","47,52","79,17","6,68","3,17","74,29","4,75","18754,48","785,68","39,97","13,16"
16065,      Kyffhäuserkreis,2017,75818.0,37707.0,38111.0,24.0,1065.0,809.0,0.0140467962752908,"79,31","140,47","37,94","-39,64","11,40","51,22","80,86","6,79","3,17","73,05","4,59","20736,73","785,68","40,78","12,26"
16065,      Kyffhäuserkreis,2019,74212.0,36865.0,37347.0,25.0,1069.0,796.0,0.0144046784886541,"76,91","144,05","27,06","-41,48","11,63","54,77","81,73","6,67","3,17","71,50","4,89","20529,99","785,31","41,00","10,62"
16065,      Kyffhäuserkreis,2021,72964.0,36276.0,36688.0,28.0,1069.0,899.0,0.0146510607971054,"90,35","146,51","25,68","-45,41","10,65","57,20","82,62","6,30","3,17","70,30","5,41","22861,04","841,08","40,43","9,35"
16065,      Kyffhäuserkreis,2023,72556.0,36052.0,36504.0,26.0,1096.0,905.0,0.0151055736258889,"87,27","151,06","27,57","-44,23","1053,42","59,86","82,41","6,30","3,17","69,91","5,03","26418,16","841,08","39,31","10,77"
16066,"      Schmalkalden-Meiningen, Landkreis",2015,124623.0,62268.0,62355.0,28.0,1328.0,1222.0,0.0106561389149675,"95,54","106,49","41,16","-19,66","9,24","52,59","84,29","6,47","5,48","102,72","3,88","19752,74","697,28","38,89","6,14"
16066,"      Schmalkalden-Meiningen, Landkreis",2017,122952.0,61444.0,61508.0,29.0,1431.0,1229.0,0.0116386882685926,"86,13","112,98","37,75","-18,56","9,54","56,42","86,54","6,43","5,48","101,34","3,86","21660,09","697,28","39,46","5,87"
16066,"      Schmalkalden-Meiningen, Landkreis",2019,124916.0,62446.0,62470.0,30.0,1466.0,1203.0,0.0117358865157385,"83,89","117,36","31,95","-18,09","9,34","60,65","87,72","6,18","5,48","99,84","3,95","21268,03","735,88","39,18","4,60"
16066,"      Schmalkalden-Meiningen, Landkreis",2021,123404.0,61702.0,61702.0,31.0,1457.0,1243.0,0.0118067485656866,"93,25","118,07","31,46","-17,13","8,42","62,71","88,97","6,77","5,48","98,63","4,85","23442,07","678,04","38,16","4,22"
16066,"      Schmalkalden-Meiningen, Landkreis",2023,121151.0,60426.0,60725.0,31.0,1499.0,1283.0,0.0123729890797434,"93,31","123,73","37,07","-17,25","761,97","66,36","89,09","6,77","5,48","96,83","4,15","27031,40","678,04","38,65","4,97"
16067,"      Gotha, Landkreis",2015,136831.0,68341.0,68490.0,27.0,1509.0,1082.0,0.0110282026733708,"73,66","110,28","38,06","-14,75","9,88","53,54","83,09","5,72","4,04","146,17","3,47","19841,03","812,72","35,15","8,88"
16067,"      Gotha, Landkreis",2017,135521.0,67505.0,68016.0,26.0,1493.0,1064.0,0.0110167427926299,"73,18","110,17","32,25","-14,33","10,45","57,90","84,60","6,29","4,04","144,78","3,91","21711,22","812,72","34,93","8,62"
16067,"      Gotha, Landkreis",2019,134908.0,67158.0,67750.0,30.0,1511.0,1134.0,0.0112002253387493,"79,80","112,00","34,77","-12,40","10,39","61,43","85,12","6,62","4,04","144,12","3,54","21381,61","805,42","34,51","6,94"
16067,"      Gotha, Landkreis",2021,133825.0,66616.0,67209.0,32.0,1590.0,1193.0,0.0118811881188118,"88,24","118,81","38,48","-12,75","9,59","63,47","86,31","6,44","4,04","142,96","4,38","23428,06","795,39","33,92","6,16"
16067,"      Gotha, Landkreis",2023,136933.0,67918.0,69015.0,36.0,1718.0,1237.0,0.0125462817582321,"86,32","125,46","33,79","-15,39","893,02","65,10","84,62","6,44","4,04","146,28","3,70","27042,45","795,39","39,38","6,74"
16068,"      Sömmerda, Landkreis",2015,70600.0,35274.0,35326.0,12.0,620.0,436.0,0.0087818696883852,"71,71","87,82","35,19","-25,58","9,22","49,62","82,95","5,81","2,63","87,50","4,18","19551,36","1073,21","36,79","9,10"
16068,"      Sömmerda, Landkreis",2017,70027.0,35002.0,35025.0,17.0,708.0,468.0,0.0101103859939737,"70,59","101,10","28,90","-19,54","9,47","53,50","83,89","6,03","2,63","86,79","3,43","21499,75","1073,21","35,88","7,82"
16068,"      Sömmerda, Landkreis",2019,69427.0,34660.0,34767.0,16.0,713.0,539.0,0.0102697797686778,"81,30","102,70","28,97","-15,18","9,39","55,59","83,03","5,55","2,63","86,05","4,17","21136,33","1138,15","34,86","6,55"
16068,"      Sömmerda, Landkreis",2021,68717.0,34399.0,34318.0,16.0,712.0,526.0,0.0103613370781611,"86,23","103,61","31,87","-14,96","8,27","58,24","82,18","6,77","2,63","85,17","4,94","23195,09","853,63","33,59","6,11"
16068,"      Sömmerda, Landkreis",2023,68109.0,33973.0,34136.0,20.0,760.0,560.0,0.0111585840344154,"89,46","111,59","34,23","-18,56","774,73","63,33","83,03","6,77","2,63","84,41","3,93","26916,70","853,63","36,97","7,49"
16069,"      Hildburghausen, Landkreis",2015,64524.0,32271.0,32253.0,20.0,898.0,744.0,0.0139173020891451,"86,61","139,17","32,70","-43,53","8,11","55,66","86,17","6,28","7,81","68,76","3,77","19295,23","841,09","36,13","4,80"
16069,"      Hildburghausen, Landkreis",2017,63923.0,31974.0,31949.0,19.0,912.0,783.0,0.0142671651831109,"87,98","142,67","33,11","-41,32","8,35","59,73","87,36","6,34","7,81","68,12","3,90","21235,14","841,09","36,32","4,45"
16069,"      Hildburghausen, Landkreis",2019,63197.0,31624.0,31573.0,19.0,913.0,689.0,0.0144468883016598,"78,56","144,47","22,48","-44,16","8,84","62,61","88,03","6,73","7,81","67,34","3,90","20952,10","794,93","35,99","3,55"
16069,"      Hildburghausen, Landkreis",2021,62089.0,31089.0,31000.0,19.0,911.0,684.0,0.0146724862697096,"90,60","146,72","22,30","-44,04","8,02","64,32","89,34","6,28","7,81","66,16","5,35","22992,03","785,94","34,75","3,30"
16069,"      Hildburghausen, Landkreis",2023,60691.0,30383.0,30308.0,19.0,858.0,719.0,0.0141371867327939,"94,98","141,37","21,42","-39,20","711,40","67,28","90,50","6,28","7,81","64,67","4,90","26520,53","785,94","36,41","4,32"
16070,      Ilm-Kreis,2015,109620.0,55077.0,54543.0,22.0,1185.0,861.0,0.0108100711548987,"74,35","108,10","41,63","-11,48","9,08","52,71","81,14","5,47","5,10","134,03","3,32","19660,61","892,05","42,65","9,70"
16070,      Ilm-Kreis,2017,108830.0,54698.0,54132.0,23.0,1198.0,907.0,0.0110079941192685,"78,97","112,33","44,57","-11,22","9,49","57,09","82,85","5,97","5,10","133,06","3,48","21607,17","892,05","42,30","8,82"
16070,      Ilm-Kreis,2019,106249.0,53446.0,52803.0,25.0,1244.0,997.0,0.0117083454903104,"81,92","117,08","29,92","-11,07","9,04","60,48","84,08","6,59","5,10","131,97","3,54","21464,02","856,85","42,10","7,50"
16070,      Ilm-Kreis,2021,105367.0,52958.0,52409.0,26.0,1245.0,1032.0,0.0118158436702193,"93,06","118,16","34,78","-9,22","8,57","62,95","84,98","6,55","5,10","130,87","4,39","23438,41","804,33","41,79","6,85"
16070,      Ilm-Kreis,2023,107002.0,53793.0,53209.0,25.0,1245.0,998.0,0.0116352965365133,"82,75","116,35","35,49","-5,25","760,22","64,28","83,03","6,55","5,10","132,90","3,64","27001,60","804,33","43,89","7,80"
16071,"      Weimarer Land, Landkreis",2015,82127.0,40784.0,41343.0,11.0,872.0,576.0,0.0106177018520096,"68,74","106,18","31,05","-35,20","9,37","53,10","83,42","6,21","12,09","102,09","3,50","19187,83","842,37","35,13","8,10"
16071,"      Weimarer Land, Landkreis",2017,82131.0,40769.0,41362.0,13.0,958.0,670.0,0.0116642924109045,"74,86","116,64","33,50","-33,13","9,49","57,35","85,04","6,33","12,09","102,09","3,83","21156,33","842,37","34,13","7,37"
16071,"      Weimarer Land, Landkreis",2019,82156.0,40724.0,41432.0,17.0,955.0,767.0,0.0116242270801889,"83,73","116,24","26,87","-31,71","9,29","59,88","85,47","6,45","12,09","102,12","3,18","20859,81","815,44","33,26","6,16"
16071,"      Weimarer Land, Landkreis",2021,82103.0,40655.0,41448.0,20.0,933.0,780.0,0.0113637747707148,"91,76","113,64","32,68","-32,60","7,98","62,98","86,45","6,70","12,09","102,06","3,93","23184,85","797,12","32,54","5,35"
16071,"      Weimarer Land, Landkreis",2023,82868.0,41000.0,41868.0,21.0,1005.0,788.0,0.0121277211951537,"93,36","121,28","32,22","-32,25","728,10","66,78","86,10","6,70","12,09","103,01","3,79","26789,37","797,12","36,64","6,51"
16072,"      Sonneberg, Landkreis",2015,56818.0,27912.0,28906.0,17.0,686.0,494.0,0.0120736386356436,"77,30","120,72","64,12","-13,07","8,87","52,85","83,40","7,62","5,43","126,97","3,95","20104,87","710,31","40,31","5,77"
16072,"      Sonneberg, Landkreis",2017,56361.0,27726.0,28635.0,17.0,716.0,537.0,0.0127038200173879,"76,28","122,38","41,14","-10,10","8,87","56,16","84,25","7,34","5,43","125,91","4,45","21838,24","710,31","41,85","5,63"
16072,"      Sonneberg, Landkreis",2019,57717.0,28391.0,29326.0,16.0,699.0,553.0,0.0121108165705078,"80,38","121,11","76,20","-12,95","8,83","58,93","84,97","6,71","5,43","125,24","4,75","21306,41","728,29","41,79","4,63"
16072,"      Sonneberg, Landkreis",2021,56504.0,27927.0,28577.0,16.0,661.0,501.0,0.0116982868469488,"84,92","116,98","58,08","-16,55","7,85","60,46","86,92","7,21","5,43","122,61","4,70","23277,36","678,73","41,21","4,32"
16072,"      Sonneberg, Landkreis",2023,55959.0,27616.0,28343.0,18.0,661.0,554.0,0.0118122196608231,"91,57","118,12","61,93","-18,91","722,01","63,38","83,96","7,21","5,43","121,43","4,56","26855,30","678,73","41,13","5,29"
16073,"      Saalfeld-Rudolstadt, Landkreis",2015,109278.0,53769.0,55509.0,26.0,1315.0,1025.0,0.0120335291641501,"80,08","120,34","40,15","-19,34","7,76","52,06","85,39","6,73","8,74","106,56","3,60","19882,83","748,21","37,16","9,29"
16073,"      Saalfeld-Rudolstadt, Landkreis",2017,107368.0,52876.0,54492.0,29.0,1348.0,1117.0,0.012554951195887,"87,81","128,11","39,67","-18,17","8,18","56,04","87,22","6,71","8,74","104,70","3,76","21770,24","748,21","38,97","8,35"
16073,"      Saalfeld-Rudolstadt, Landkreis",2019,103199.0,50838.0,52361.0,32.0,1339.0,1119.0,0.0129749319276349,"88,88","129,75","34,65","-16,24","7,89","58,08","87,91","6,83","8,74","102,30","3,87","21543,52","734,51","39,67","6,76"
16073,"      Saalfeld-Rudolstadt, Landkreis",2021,100969.0,49808.0,51161.0,33.0,1271.0,1173.0,0.0125880220661787,"104,92","125,88","36,92","-18,29","7,54","63,03","88,54","6,91","8,74","100,09","5,05","23683,49","712,30","39,38","6,36"
16073,"      Saalfeld-Rudolstadt, Landkreis",2023,101111.0,49603.0,51508.0,31.0,1245.0,1086.0,0.0123132003441762,"90,58","123,13","31,31","-18,10","695,50","65,61","87,76","6,91","8,74","100,23","4,34","27372,12","712,30","43,33","7,56"
16074,      Saale-Holzland-Kreis,2015,86184.0,43322.0,42862.0,13.0,658.0,506.0,0.0076348278102664,"79,81","76,35","43,41","-29,76","7,34","54,17","83,26","5,45","8,02","105,71","3,18","19903,92","927,26","36,97","7,21"
16074,      Saale-Holzland-Kreis,2017,82990.0,41320.0,41670.0,15.0,781.0,616.0,0.0094107723822147,"82,68","94,11","35,57","-27,55","7,43","57,65","85,79","5,78","8,02","101,80","3,07","21775,95","927,26","37,19","6,35"
16074,      Saale-Holzland-Kreis,2019,82950.0,41262.0,41688.0,18.0,780.0,657.0,0.0094032549728752,"83,38","94,03","42,20","-27,25","7,46","61,68","85,65","6,09","8,02","101,75","3,64","21503,25","901,63","36,91","5,17"
16074,      Saale-Holzland-Kreis,2021,82513.0,41034.0,41479.0,19.0,773.0,676.0,0.0093682207652127,"90,13","93,68","36,82","-25,71","6,60","64,75","86,21","7,24","8,02","101,21","3,88","23588,77","725,39","34,62","4,59"
16074,      Saale-Holzland-Kreis,2023,84040.0,41759.0,42281.0,20.0,767.0,680.0,0.0091266063779152,"89,47","91,27","36,74","-28,67","619,78","66,90","84,84","7,24","8,02","103,09","3,60","27347,27","725,39","37,64","5,05"
16075,      Saale-Orla-Kreis,2015,82951.0,41022.0,41929.0,16.0,702.0,617.0,0.0084628274523513,"87,77","84,63","45,96","-13,09","7,47","53,87","84,63","6,63","2,20","72,05","3,39","19221,19","857,91","40,11","7,19"
16075,      Saale-Orla-Kreis,2017,81501.0,40376.0,41125.0,19.0,702.0,633.0,0.0086133912467331,"92,27","86,13","44,43","-12,49","7,52","57,99","86,12","6,81","2,20","70,79","3,93","21095,21","857,91","40,97","6,83"
16075,      Saale-Orla-Kreis,2019,80312.0,39890.0,40422.0,21.0,699.0,645.0,0.0087035561310887,"95,41","87,04","36,69","-12,94","7,30","62,27","86,86","6,66","2,20","69,76","3,76","20819,01","887,43","41,01","5,79"
16075,      Saale-Orla-Kreis,2021,79030.0,39308.0,39722.0,23.0,699.0,664.0,0.008844742502847,"106,24","88,45","35,81","-13,94","6,79","64,49","87,94","6,67","2,20","68,64","4,82","22773,25","842,99","39,47","5,09"
16075,      Saale-Orla-Kreis,2023,77859.0,38565.0,39294.0,23.0,701.0,617.0,0.0090034549634595,"96,71","90,03","38,12","-15,47","642,68","67,12","88,04","6,67","2,20","67,63","4,10","26227,15","842,99","39,32","5,89"
16076,"      Greiz, Landkreis",2015,101114.0,49814.0,51300.0,24.0,1327.0,963.0,0.013123800858437,"74,88","131,24","54,46","-27,89","7,84","50,05","83,80","6,03","3,93","119,52","4,00","19622,19","771,07","36,93","8,34"
16076,"      Greiz, Landkreis",2017,99275.0,48901.0,50374.0,25.0,1327.0,1020.0,0.013366910098212,"79,63","133,67","46,51","-26,66","7,80","53,84","85,44","6,22","3,93","117,35","3,76","21644,63","771,07","38,20","7,51"
16076,"      Greiz, Landkreis",2019,97398.0,47921.0,49477.0,27.0,1317.0,1047.0,0.0135218382307644,"81,99","135,22","46,22","-26,35","7,63","58,02","86,61","6,26","3,93","115,13","4,17","21325,53","762,41","38,32","5,82"
16076,"      Greiz, Landkreis",2021,96102.0,47405.0,48697.0,28.0,1387.0,1064.0,0.0144325820482404,"86,50","144,33","41,83","-26,69","6,70","60,41","87,44","6,30","3,93","113,60","4,08","23567,80","781,32","37,33","5,04"
16076,"      Greiz, Landkreis",2023,94488.0,46620.0,47868.0,29.0,1344.0,1092.0,0.0142240284480568,"90,70","142,24","39,42","-25,91","639,86","64,36","88,07","6,30","3,93","111,69","4,61","25486,33","781,32","41,07","5,99"
16077,"      Altenburger Land, Landkreis",2015,92344.0,45330.0,47014.0,21.0,1191.0,918.0,0.0128974270120419,"79,07","128,97","45,73","-23,97","8,72","47,73","82,24","6,28","6,65","162,17","4,11","19647,92","689,35","40,28","13,52"
16077,"      Altenburger Land, Landkreis",2017,90650.0,44396.0,46254.0,22.0,1234.0,924.0,0.0136127964699393,"78,31","136,13","42,98","-23,36","8,87","52,51","83,97","6,56","6,65","159,20","3,90","21552,78","689,35","41,82","13,08"
16077,"      Altenburger Land, Landkreis",2019,89393.0,43802.0,45591.0,25.0,1349.0,1010.0,0.0150906670544673,"87,90","150,91","32,55","-21,48","8,90","56,78","84,67","6,68","6,65","157,00","4,21","21337,63","658,51","42,04","11,05"
16077,"      Altenburger Land, Landkreis",2021,87807.0,42908.0,44899.0,25.0,1320.0,1026.0,0.0150329700365574,"91,77","150,33","34,43","-19,84","8,01","60,02","85,09","6,66","6,65","154,21","4,60","23565,04","637,44","41,51","9,50"
16077,"      Altenburger Land, Landkreis",2023,87955.0,42719.0,45236.0,24.0,1311.0,960.0,0.01490534932636,"81,91","149,05","31,86","-20,60","744,85","62,92","83,48","6,66","6,65","154,46","4,31","27067,51","637,44","43,05","10,92"
